screen_position,doi,title,year,venue,type,language,url,coder_name,date_screened,E1,E2,note
1,10.1109/icccnt54827.2022.9984477,Machine Learning for Classification of Antithetical Emotional States,2022,2022 13th International Conference on Computing Communication and Networking Technologies (ICCCNT),conference-paper,en,https://doi.org/10.1109/icccnt54827.2022.9984477,,,,,
2,10.46647/ijetms.2025.v09i05.003,"STRESS RECOGNITION THROUGH DEEP LEARNING APPROACHES: DATA, MODELS, AND ACADEMIC ENVIRONMENT APPLICATIONS IN REVIEW",2025,International Journal of Engineering Technology and Management Sciences,article,en,https://doi.org/10.46647/ijetms.2025.v09i05.003,,,,,
3,10.1016/j.asoc.2020.106954,EEG emotion recognition using fusion model of graph convolutional neural networks and LSTM,2020,Applied Soft Computing,article,en,https://doi.org/10.1016/j.asoc.2020.106954,,,,,
4,10.1109/icosst48232.2019.9043994,EEG-Based Emotion Recognition with Combined Deep Neural Networks using Decomposed Feature Clustering Model,2019,,conference-paper,en,https://doi.org/10.1109/icosst48232.2019.9043994,,,,,
5,10.1109/iip57348.2022.00014,Optimized Deep Forest Emotional Awareness Recognition Based on EEG Rhythm Characteristics,2022,,conference-paper,en,https://doi.org/10.1109/iip57348.2022.00014,,,,,
6,10.48550/arxiv.2211.12103,STILN: A Novel Spatial-Temporal Information Learning Network for EEG-based Emotion Recognition,2022,arXiv (Cornell University),preprint,en,http://arxiv.org/abs/2211.12103,,,,,
7,10.1109/ddcls66240.2025.11065219,GCAN-DA: Emotion EEG Recognition with Graph Convolutional Attention and Domain Adaptation,2025,,conference-paper,en,https://doi.org/10.1109/ddcls66240.2025.11065219,,,,,
8,10.1109/cme67420.2025.11239351,EEG-based Emotional Brain–Computer Interfaces using Multi-Scale Perception and Diffusion Enhancement Models,2025,,conference-paper,,https://doi.org/10.1109/cme67420.2025.11239351,,,,,
9,10.3897/jucs.98789,Enhancing EEG-based emotion recognition using PSD-Grouped Deep Echo State Network,2023,JUCS - Journal of Universal Computer Science,article,en,https://doi.org/10.3897/jucs.98789,,,,,
10,10.48550/arxiv.1907.07835,EEG-Based Emotion Recognition Using Regularized Graph Neural Networks,2019,arXiv (Cornell University),preprint,en,http://arxiv.org/abs/1907.07835,,,,,
11,10.3390/math10040582,A Novel DE-CNN-BiLSTM Multi-Fusion Model for EEG Emotion Recognition,2022,Mathematics,article,en,https://doi.org/10.3390/math10040582,,,,,
12,10.1109/taffc.2025.3593630,Dynamic-Attention-Based EEG State Transition Modeling for Emotion Recognition,2025,IEEE Transactions on Affective Computing,article,en,https://doi.org/10.1109/taffc.2025.3593630,,,,,
13,10.1007/s11571-025-10372-5,Cross-modal alignment and fusion of EEG-visual based on mixed attention mechanism for emotion recognition,2025,Cognitive Neurodynamics,article,en,https://pmc.ncbi.nlm.nih.gov/articles/PMC12596239/,,,,,
14,10.1049/el.2020.2685,Efficient approach for EEG‐based emotion recognition,2020,Electronics Letters,article,en,https://doi.org/10.1049/el.2020.2685,,,,,
15,10.1038/s41598-025-98404-2,EmoTrans attention based emotion recognition using EEG signals and facial analysis with expert validation,2025,Scientific Reports,article,en,https://doi.org/10.1038/s41598-025-98404-2,,,,,
16,10.3389/fnins.2022.1010951,Exploration of effective electroencephalography features for the recognition of different valence emotions,2022,Frontiers in Neuroscience,article,en,https://doi.org/10.3389/fnins.2022.1010951,,,,,
17,10.1109/icccnt61001.2024.10725942,Automated emotion identification system utilizing EEG bands extracted via wavelet filter banks,2024,,conference-paper,en,https://doi.org/10.1109/icccnt61001.2024.10725942,,,,,
18,10.1109/jbhi.2024.3449083,DC-ASTGCN: EEG Emotion Recognition Based on Fusion Deep Convolutional and Adaptive Spatio-Temporal Graph Convolutional Networks,2024,IEEE Journal of Biomedical and Health Informatics,article,en,https://doi.org/10.1109/jbhi.2024.3449083,,,,,
19,10.3389/fphys.2024.1425582,A novel methodology for emotion recognition through 62-lead EEG signals: multilevel heterogeneous recurrence analysis,2024,Frontiers in Physiology,article,en,https://doi.org/10.3389/fphys.2024.1425582,,,,,
20,10.1145/3573428.3573677,EEG emotion recognition based on WPD-1DCNN-LSTM,2022,,conference-paper,en,https://doi.org/10.1145/3573428.3573677,,,,,
21,10.1007/978-3-030-19591-5_25,Multiple-Instance Lasso Regularization via Embedded Instance Selection for Emotion Recognition,2019,Lecture notes in computer science,conference-paper,en,https://doi.org/10.1007/978-3-030-19591-5_25,,,,,
22,10.1109/wiecon-ece57977.2022.10150514,DEEPSATTNET: An End-to-End Deep Neural Network with Self-Attention for EEG-Based Emotion Recognition,2022,,conference-paper,en,https://doi.org/10.1109/wiecon-ece57977.2022.10150514,,,,,
23,10.1007/978-981-10-6698-6_10,EEG Based Emotion Recognition Using Wavelets and Neural Networks Classifier,2017,SpringerBriefs in applied sciences and technology,book-chapter,en,https://doi.org/10.1007/978-981-10-6698-6_10,,,,,
24,10.3390/s22218250,Multi-Kernel Temporal and Spatial Convolution for EEG-Based Emotion Classification,2022,Sensors,article,en,https://doi.org/10.3390/s22218250,,,,,
25,10.26599/bdma.2024.9020071,Data-Driven Dynamic Graph Convolution Transformer Network Model for EEG Emotion Recognition Under IoMT Environment,2025,Big Data Mining and Analytics,article,en,https://doi.org/10.26599/bdma.2024.9020071,,,,,
26,10.1109/jcsse.2014.6841851,An evaluation of feature extraction in EEG-based emotion prediction with support vector machines,2014,,conference-paper,en,https://doi.org/10.1109/jcsse.2014.6841851,,,,,
27,10.1007/s11571-025-10342-x,Mtfsfn: a multi-view time-frequency-space fusion network for EEG-based emotion recognition,2025,Cognitive Neurodynamics,article,en,https://pmc.ncbi.nlm.nih.gov/articles/PMC12476352/,,,,,
28,10.1109/tcsii.2022.3163141,Efficient Sample and Feature Importance Mining in Semi-Supervised EEG Emotion Recognition,2022,IEEE Transactions on Circuits & Systems II Express Briefs,article,en,https://doi.org/10.1109/tcsii.2022.3163141,,,,,
29,10.1007/978-3-031-64070-4_15,Multi-domain Feature Extraction Methods for Classification of Human Emotions from Electroencephalography (EEG) Signals,2024,Communications in computer and information science,conference-paper,en,https://doi.org/10.1007/978-3-031-64070-4_15,,,,,
30,10.1016/j.compbiomed.2022.106463,TC-Net: A Transformer Capsule Network for EEG-based emotion recognition,2022,Computers in Biology and Medicine,article,en,https://doi.org/10.1016/j.compbiomed.2022.106463,,,,,
31,10.1145/3703323.3703709,Multi Task Learning for Predicting Music Video Clip and Participant Identification from Brain Responses,2024,,conference-paper,en,https://doi.org/10.1145/3703323.3703709,,,,,
32,10.1088/1742-6596/1501/1/012020,Emotion Recognition Based on DEAP Database using EEG Time-Frequency Features and Machine Learning Methods,2020,Journal of Physics Conference Series,conference-paper,en,https://doi.org/10.1088/1742-6596/1501/1/012020,,,,,
33,10.3390/e21060609,Recognition of Emotional States Using Multiscale Information Analysis of High Frequency EEG Oscillations,2019,Entropy,article,en,https://doi.org/10.3390/e21060609,,,,,
34,10.1016/b978-0-44-313233-9.00023-0,Deep learning for emotion recognition using physiological signals,2024,Elsevier eBooks,book-chapter,en,https://doi.org/10.1016/b978-0-44-313233-9.00023-0,,,,,
35,10.1109/icievicivpr52578.2021.9564204,Fine-Grained Emotion Recognition from EEG Signal Using Fast Fourier Transformation and CNN,2021,,conference-paper,en,https://doi.org/10.1109/icievicivpr52578.2021.9564204,,,,,
36,10.1109/access.2025.3576059,MLAR-Net: A Multilevel Attention-Based ResNet Module for the Automated Recognition of Emotions Using Single-Channel EEG Signals,2025,IEEE Access,article,en,https://doi.org/10.1109/access.2025.3576059,,,,,
37,10.1109/access.2025.3591202,MFENet: A Multi-Feature Extraction Network for Enhanced Emotion Detection Using EEG and STFT,2025,IEEE Access,article,en,https://doi.org/10.1109/access.2025.3591202,,,,,
38,10.23919/chicc.2019.8866540,Emotion Recognition Based On CNN,2019,,conference-paper,en,https://doi.org/10.23919/chicc.2019.8866540,,,,,
39,10.1016/j.asoc.2022.108889,Objectivity meets subjectivity: A subjective and objective feature fused neural network for emotion recognition,2022,Applied Soft Computing,article,en,https://doi.org/10.1016/j.asoc.2022.108889,,,,,
40,10.1016/j.knosys.2022.109038,Affect recognition from scalp-EEG using channel-wise encoder networks coupled with geometric deep learning and multi-channel feature fusion,2022,Knowledge-Based Systems,article,en,https://doi.org/10.1016/j.knosys.2022.109038,,,,,
41,10.1109/icpei66116.2025.11282618,Improving EEG Emotion Recognition with Projection Layer and Output-Gated GRU Network,2025,,conference-paper,,https://doi.org/10.1109/icpei66116.2025.11282618,,,,,
42,10.1109/embc53108.2024.10781843,Multi-Modal Emotion Recognition Using EEG and Eye Tracking Features,2024,,conference-paper,en,https://doi.org/10.1109/embc53108.2024.10781843,,,,,
43,10.1007/s11571-021-09748-0,LEDPatNet19: Automated Emotion Recognition Model based on Nonlinear LED Pattern Feature Extraction Function using EEG Signals,2021,Cognitive Neurodynamics,article,en,https://doi.org/10.1007/s11571-021-09748-0,,,,,
44,10.20944/preprints202407.2202.v1,CSA-SA-CRTNN: A Dual-Stream Adaptive Convolutional Cyclic Hybrid Network Combining Attention Mechanisms for EEG Emotion Recognition,2024,Preprints.org,preprint,en,http://dx.doi.org/10.20944/preprints202407.2202.v1,,,,,
45,10.1007/s11571-025-10366-3,SFT-HN: a novel spatial-frequency-temporal hybrid network for EEG-based emotion recognition,2025,Cognitive Neurodynamics,article,en,https://pmc.ncbi.nlm.nih.gov/articles/PMC12586752/,,,,,
46,10.1109/icicml57342.2022.10009876,EEG Emotion Recognition using Multisource Instance Transfer Learning Framework,2022,"2022 International Conference on Image Processing, Computer Vision and Machine Learning (ICICML)",conference-paper,en,https://doi.org/10.1109/icicml57342.2022.10009876,,,,,
47,10.1016/j.bspc.2025.108800,Self-supervised learning-based EEG emotion recognition using spatial–temporal attention networks and contrastive learning,2025,Biomedical Signal Processing and Control,article,en,https://doi.org/10.1016/j.bspc.2025.108800,,,,,
48,10.1109/ipact.2017.8245056,A novel approach for analyzing human emotions based on electroencephalography (EEG),2017,2017 Innovations in Power and Advanced Computing Technologies (i-PACT),conference-paper,en,https://doi.org/10.1109/ipact.2017.8245056,,,,,
49,10.1016/j.jneumeth.2025.110662,A multi-scale deep CNN based on attention mechanism for EEG emotion recognition,2025,Journal of Neuroscience Methods,article,en,https://doi.org/10.1016/j.jneumeth.2025.110662,,,,,
50,10.1109/access.2025.3561137,Attention-Driven Emotion Recognition in EEG: A Transformer-Based Approach With Cross-Dataset Fine-Tuning,2025,IEEE Access,article,en,https://doi.org/10.1109/access.2025.3561137,,,,,
51,10.1109/taffc.2019.2937768,GCB-Net: Graph Convolutional Broad Network and Its Application in Emotion Recognition,2019,IEEE Transactions on Affective Computing,article,en,https://doi.org/10.1109/taffc.2019.2937768,,,,,
52,10.1109/cenim64038.2024.10882764,An Affective Computing Electroencephalogram-based System with Machine Learning Algorithms,2024,,conference-paper,en,https://doi.org/10.1109/cenim64038.2024.10882764,,,,,
53,10.1155/2024/7499554,Activating the Mobile User Interface With a Rule‐Based Chatbot and EEG‐Based Emotion Recognition to Aid in Coping With Negative Emotions,2024,Human Behavior and Emerging Technologies,article,en,https://doi.org/10.1155/2024/7499554,,,,,
54,10.1109/cmsda58069.2022.00038,Emotional Recognition Based on Convolutional Neural Network,2022,,conference-paper,en,https://doi.org/10.1109/cmsda58069.2022.00038,,,,,
55,10.1109/embc46164.2021.9630277,MEERNet: Multi-source EEG-based Emotion Recognition Network for Generalization Across Subjects and Sessions,2021,2021 43rd Annual International Conference of the IEEE Engineering in Medicine &amp; Biology Society (EMBC),conference-paper,en,https://doi.org/10.1109/embc46164.2021.9630277,,,,,
56,10.36227/techrxiv.17056961,JDAT: Joint-Dimension-Aware Transformer with Strong Flexibility for EEG Emotion Recognition,2021,,preprint,en,https://doi.org/10.36227/techrxiv.17056961,,,,,
57,10.32473/flairs.37.1.135354,A Machine Learning Pipeline for Emotion Recognition based on Brain Topographic Maps Derived from Electroencephalogram Signals,2024,Proceedings of the ... International Florida Artificial Intelligence Research Society Conference,conference-paper,en,http://dx.doi.org/10.32473/flairs.37.1.135354,,,,,
58,10.1007/978-3-030-27684-3_19,Emotion Analysis Using Heart Rate Data,2019,Communications in computer and information science,conference-paper,en,https://doi.org/10.1007/978-3-030-27684-3_19,,,,,
59,10.1142/s0218001424570143,Spatial-Frequency Based EEG Features for Classification of Human Emotions,2024,International Journal of Pattern Recognition and Artificial Intelligence,article,en,https://doi.org/10.1142/s0218001424570143,,,,,
60,10.1109/jtehm.2023.3320132,Fractal Spiking Neural Network Scheme for EEG-Based Emotion Recognition,2023,IEEE Journal of Translational Engineering in Health and Medicine,article,en,https://doi.org/10.1109/jtehm.2023.3320132,,,,,
61,10.1007/s11571-022-09890-3,Feature hypergraph representation learning on spatial-temporal correlations for EEG emotion recognition,2022,Cognitive Neurodynamics,article,en,https://www.ncbi.nlm.nih.gov/pmc/articles/10542078,,,,,
62,10.1109/ccdc52312.2021.9602439,Subject-independent Emotion recognition based on Entropy of EEG Signals,2021,,conference-paper,en,https://doi.org/10.1109/ccdc52312.2021.9602439,,,,,
63,,Cross-domain EEG-based Emotion Recognition with Contrastive Learning,2025,arXiv (Cornell University),preprint,,http://arxiv.org/abs/2511.05293,,,,,
64,10.1109/icccnt45670.2019.8944903,EEG based automatic emotion recognition using EMD and Random forest classifier,2019,,conference-paper,en,https://doi.org/10.1109/icccnt45670.2019.8944903,,,,,
65,10.23919/eusipco54536.2021.9616140,Multiscale Fractal Analysis on EEG Signals for Music-Induced Emotion Recognition,2021,2021 29th European Signal Processing Conference (EUSIPCO),conference-paper,en,http://arxiv.org/abs/2010.16310,,,,,
66,10.3390/s23041917,Emotion Classification from Multi-Band Electroencephalogram Data Using Dynamic Simplifying Graph Convolutional Network and Channel Style Recalibration Module,2023,Sensors,article,en,https://doi.org/10.3390/s23041917,,,,,
67,10.3934/mbe.2023953,BiTCAN: An emotion recognition network based on saliency in brain cognition,2023,Mathematical Biosciences & Engineering,article,en,https://doi.org/10.3934/mbe.2023953,,,,,
68,10.14257/ijast.2018.119.07,A Study on Training Data Selection Method for EEG Emotion Analysis using Machine Learning Algorithm,2018,International Journal of Advanced Science and Technology,article,en,https://doi.org/10.14257/ijast.2018.119.07,,,,,
69,10.1007/978-3-031-81339-9_5,SimpleRNN Based Human Emotion Recognition Using EEG Signals,2025,Communications in computer and information science,conference-paper,en,https://doi.org/10.1007/978-3-031-81339-9_5,,,,,
70,10.21203/rs.3.rs-5160646/v1,Research on Emotion Recognition Model Based on ConvTCN-LSTM-DCAN Model with Sparse EEG Channels,2024,Research Square,preprint,en,https://doi.org/10.21203/rs.3.rs-5160646/v1,,,,,
71,10.1109/access.2020.2978163,EEG-Based Emotion Classification Using Spiking Neural Networks,2020,IEEE Access,article,en,https://doi.org/10.1109/access.2020.2978163,,,,,
72,10.1109/taffc.2019.2922912,From Regional to Global Brain: A Novel Hierarchical Spatial-Temporal Neural Network Model for EEG Emotion Recognition,2019,IEEE Transactions on Affective Computing,article,en,https://doi.org/10.1109/taffc.2019.2922912,,,,,
73,10.1109/embc58623.2025.11253201,Multimodal Emotion Recognition from EEG and ECG Signals via Parallel Fusion of Graph Convolution and LSTMs,2025,,conference-paper,en,https://doi.org/10.1109/embc58623.2025.11253201,,,,,
74,10.1109/asyu56188.2022.9925308,Classification of Emotional States from Multi-channel EEG Signals by Convolutional Neural Networks,2022,2022 Innovations in Intelligent Systems and Applications Conference (ASYU),conference-paper,en,https://doi.org/10.1109/asyu56188.2022.9925308,,,,,
75,10.1109/eei63073.2024.10696613,An Emotion Recognition Scheme Based on EEG Signal and Visual Information,2024,,conference-paper,en,https://doi.org/10.1109/eei63073.2024.10696613,,,,,
76,10.1155/2022/7672297,An Efficient AP-ANN-Based Multimethod Fusion Model to Detect Stress through EEG Signal Analysis,2022,Computational Intelligence and Neuroscience,article,en,https://doi.org/10.1155/2022/7672297,,,,,
77,10.1109/incet61516.2024.10592981,Exploring the Causal Dynamics of Covariates on Emotional Responses: Implications for Psychology and Human-Computer Interaction,2024,,conference-paper,en,https://doi.org/10.1109/incet61516.2024.10592981,,,,,
78,10.1007/s11760-024-03178-1,Emotion recognition with attention mechanism-guided dual-feature multi-path interaction network,2024,Signal Image and Video Processing,article,en,https://doi.org/10.1007/s11760-024-03178-1,,,,,
79,10.1007/978-3-031-55174-1_8,Measuring the Effects of Signal-To-Noise in EEG Emotion Recognition,2024,Studies in computational intelligence,book-chapter,en,https://doi.org/10.1007/978-3-031-55174-1_8,,,,,
80,10.1007/978-3-031-23233-6_1,Ensemble Learning Model for EEG Based Emotion Classification,2022,Communications in computer and information science,conference-paper,en,https://doi.org/10.1007/978-3-031-23233-6_1,,,,,
81,10.3390/s19235218,EEG-Based Multi-Modal Emotion Recognition using Bag of Deep Features: An Optimal Feature Selection Approach,2019,Sensors,article,en,https://doi.org/10.3390/s19235218,,,,,
82,10.1007/978-3-032-05141-7_7,Cross-Modal Contrastive Learning for Emotion Recognition: Aligning ECG with EEG-Derived Features,2025,Lecture notes in computer science,conference-paper,en,https://doi.org/10.1007/978-3-032-05141-7_7,,,,,
83,10.1109/iespc.2019.8902418,Emotion recognition from EEG signals using back propagation neural network,2019,,conference-paper,en,https://doi.org/10.1109/iespc.2019.8902418,,,,,
84,10.1109/access.2020.2966144,Emotion Feature Analysis and Recognition Based on Reconstructed EEG Sources,2020,IEEE Access,article,en,https://doi.org/10.1109/access.2020.2966144,,,,,
85,10.1016/j.future.2021.01.010,Emotion recognition by deeply learned multi-channel textual and EEG features,2021,Future Generation Computer Systems,article,en,https://doi.org/10.1016/j.future.2021.01.010,,,,,
86,10.1515/cdbme-2024-2012,Assessment of EEG-PPG Cross Frequency Coherence under Evoked Emotional Arousal,2024,Current Directions in Biomedical Engineering,article,en,https://doi.org/10.1515/cdbme-2024-2012,,,,,
87,10.2139/ssrn.4477495,Decoding Emotion with Phase-Amplitude Fusion Features of Eeg Functional Connectivity Network,2023,SSRN Electronic Journal,preprint,en,https://doi.org/10.2139/ssrn.4477495,,,,,
88,10.1109/jbhi.2024.3415163,Multi-Domain Based Dynamic Graph Representation Learning for EEG Emotion Recognition,2024,IEEE Journal of Biomedical and Health Informatics,article,en,https://doi.org/10.1109/jbhi.2024.3415163,,,,,
89,10.1145/2671188.2749364,Emotion Recognition from EEG Signals using Hierarchical Bayesian Network with Privileged Information,2015,,conference-paper,en,https://doi.org/10.1145/2671188.2749364,,,,,
90,10.1109/icassp48485.2024.10447463,CEMOAE: A Dynamic Autoencoder with Masked Channel Modeling for Robust EEG-Based Emotion Recognition,2024,,conference-paper,en,https://doi.org/10.1109/icassp48485.2024.10447463,,,,,
91,10.2139/ssrn.4379822,MS-FTSCNN: An EEG Emotion Recognition Method from the Combination of Multi-Domain Features,2023,SSRN Electronic Journal,preprint,en,https://doi.org/10.2139/ssrn.4379822,,,,,
92,10.1109/isbi60581.2025.10981248,CFBM: Cubic Filtered Brain Map Creation Method and Models for Eeg-Based Emotion Recognition,2025,,conference-paper,en,https://doi.org/10.1109/isbi60581.2025.10981248,,,,,
93,10.1109/ijcnn64981.2025.11228696,A Bidirectional Selective State Space Model with Multi-scale Convolution and Additive Gated Attention for Cross-Subject Emotion Recognition,2025,,conference-paper,,https://doi.org/10.1109/ijcnn64981.2025.11228696,,,,,
94,10.48550/arxiv.2308.01919,Emotion recognition based on multi-modal electrophysiology multi-head attention Contrastive Learning,2023,arXiv (Cornell University),preprint,en,http://arxiv.org/abs/2308.01919,,,,,
95,10.1109/embc44109.2020.9175397,EEG-Based Functional Connectivity Representation using Phase Locking Value for Brain Network Based Applications,2020,,conference-paper,en,https://doi.org/10.1109/embc44109.2020.9175397,,,,,
96,10.3389/fnins.2024.1293962,MISNet: multi-source information-shared EEG emotion recognition network with two-stream structure,2024,Frontiers in Neuroscience,article,en,https://doi.org/10.3389/fnins.2024.1293962,,,,,
97,10.3389/fninf.2022.844667,On the Minimal Amount of EEG Data Required for Learning Distinctive Human Features for Task-Dependent Biometric Applications,2022,Frontiers in Neuroinformatics,article,en,https://doi.org/10.3389/fninf.2022.844667,,,,,
98,10.1145/3673277.3673384,Multi-View Hierarchical Attention Graph Convolutional Network with Domain Adaptation for EEG Emotion Recognition,2024,,conference-paper,en,https://doi.org/10.1145/3673277.3673384,,,,,
99,10.1016/j.compbiomed.2020.103927,Multi-channel EEG-based emotion recognition via a multi-level features guided capsule network,2020,Computers in Biology and Medicine,article,en,https://doi.org/10.1016/j.compbiomed.2020.103927,,,,,
100,10.3390/electronics12132900,A Customized ECA-CRNN Model for Emotion Recognition Based on EEG Signals,2023,Electronics,article,en,https://doi.org/10.3390/electronics12132900,,,,,
101,10.1109/acait67930.2025.11522604,EEG Emotion Recognition Based on Swin Transformer and GCN,2025,,conference-paper,,https://doi.org/10.1109/acait67930.2025.11522604,,,,,
102,10.1016/j.asoc.2023.111181,EEG emotion recognition based on Ordinary Differential Equation Graph Convolutional Networks and Dynamic Time Wrapping,2024,Applied Soft Computing,article,en,https://doi.org/10.1016/j.asoc.2023.111181,,,,,
103,10.1109/jsen.2021.3121293,A Novel Spatio-Temporal Field for Emotion Recognition Based on EEG Signals,2021,IEEE Sensors Journal,article,en,https://doi.org/10.1109/jsen.2021.3121293,,,,,
104,10.1007/s10044-019-00860-w,Learning CNN features from DE features for EEG-based emotion recognition,2019,Pattern Analysis and Applications,article,en,https://doi.org/10.1007/s10044-019-00860-w,,,,,
105,10.3390/s22145252,EEG Emotion Classification Network Based on Attention Fusion of Multi-Channel Band Features,2022,Sensors,article,en,https://doi.org/10.3390/s22145252,,,,,
106,10.1016/j.measurement.2022.111738,EEG-based affective state recognition from human brain signals by using Hjorth-activity,2022,Measurement,article,en,https://doi.org/10.1016/j.measurement.2022.111738,,,,,
107,10.1109/icaiss61471.2025.11041804,AI based Psychometric Assessment using Multimodal Signal Data,2025,,conference-paper,en,https://doi.org/10.1109/icaiss61471.2025.11041804,,,,,
108,10.1109/smc53992.2023.10394506,Robust Emotion Recognition in EEG Signals Based on a Combination of Multiple Domain Adaptation Techniques,2023,,conference-paper,en,https://doi.org/10.1109/smc53992.2023.10394506,,,,,
109,10.1109/yac63405.2024.10598790,MCMFuse:a Multi-level Co-selection Model in the Frequency Domain to Enhance EEG Signal Analysis for Emotion Recognition,2024,,conference-paper,en,https://doi.org/10.1109/yac63405.2024.10598790,,,,,
110,10.1016/j.patcog.2025.112690,AT-PMF: Progressive multi-modal fusion with adversarial training for physiological emotion recognition,2025,Pattern Recognition,article,en,https://doi.org/10.1016/j.patcog.2025.112690,,,,,
111,10.1109/access.2024.3497160,Emotion Recognition Method Using U-Net Neural Network With Multichannel EEG Features and Differential Entropy Characteristics,2024,IEEE Access,article,en,https://doi.org/10.1109/access.2024.3497160,,,,,
112,10.1016/j.eswa.2022.118025,EEG-based emotion analysis using non-linear features and ensemble learning approaches,2022,Expert Systems with Applications,article,en,https://doi.org/10.1016/j.eswa.2022.118025,,,,,
113,10.1109/becithcon64160.2024.10962735,Enhanced Techniques for Multi-Emotion Detection from EEG Signals: Focus on Channel and Feature Selection,2024,,conference-paper,en,https://doi.org/10.1109/becithcon64160.2024.10962735,,,,,
114,10.1088/978-0-7503-5182-9ch6,EEG-based human emotion classification from channel-wise feature extraction and feature selection,2023,,book-chapter,en,https://doi.org/10.1088/978-0-7503-5182-9ch6,,,,,
115,10.1016/j.bspc.2025.108111,EEG-based emotion recognition: A deep learning approach to brain region analysis,2025,Biomedical Signal Processing and Control,article,en,https://doi.org/10.1016/j.bspc.2025.108111,,,,,
116,10.1109/lsp.2024.3353679,A Transformer Convolutional Network With the Method of Image Segmentation for EEG-Based Emotion Recognition,2024,IEEE Signal Processing Letters,article,en,https://doi.org/10.1109/lsp.2024.3353679,,,,,
117,10.3390/diagnostics13132141,Evaluation of Emotions from Brain Signals on 3D VAD Space via Artificial Intelligence Techniques,2023,Diagnostics,article,en,https://doi.org/10.3390/diagnostics13132141,,,,,
118,10.1109/access.2024.3506157,Unveiling the Influence of Modeling Approach and Gender in Subject Independent Multimodal Emotion Recognition Using EOG and PPG,2024,IEEE Access,article,en,https://doi.org/10.1109/access.2024.3506157,,,,,
119,10.1016/j.neunet.2025.108324,Cross-subject emotion recognition with loop adaptive adversarial transfer network,2025,Neural Networks,article,en,https://doi.org/10.1016/j.neunet.2025.108324,,,,,
120,10.1088/1757-899x/782/3/032005,Multimodal Physiological Signal Emotion Recognition Based on Convolutional Recurrent Neural Network,2020,IOP Conference Series Materials Science and Engineering,conference-paper,en,https://doi.org/10.1088/1757-899x/782/3/032005,,,,,
121,10.3390/s20072034,Investigating the Use of Pretrained Convolutional Neural Network on Cross-Subject and Cross-Dataset EEG Emotion Recognition,2020,Sensors,article,en,https://doi.org/10.3390/s20072034,,,,,
122,10.1016/j.jneumeth.2023.109909,SIFIAE: An adaptive emotion recognition model with EEG feature-label inconsistency consideration,2023,Journal of Neuroscience Methods,article,en,https://doi.org/10.1016/j.jneumeth.2023.109909,,,,,
123,10.1109/taffc.2020.2982143,Unsupervised Learning in Reservoir Computing for EEG-Based Emotion Recognition,2020,IEEE Transactions on Affective Computing,article,en,http://arxiv.org/abs/1811.07516,,,,,
124,10.37394/232014.2021.17.4,Deep Learning Based on CNN for Emotion Recognition Using EEG Signal,2021,WSEAS Transactions on Signal Processing archive,article,en,https://doi.org/10.37394/232014.2021.17.4,,,,,
125,10.1007/s10489-023-04561-0,From gram to attention matrices: a monotonicity constrained method for eeg-based emotion classification,2023,Applied Intelligence,article,en,https://doi.org/10.1007/s10489-023-04561-0,,,,,
126,10.1109/icspcom.2016.7980589,Analysis of neural electrical activities during elicitation of human emotion based on EEG,2016,,conference-paper,en,https://doi.org/10.1109/icspcom.2016.7980589,,,,,
127,10.3390/ijerph15112461,Emotional Stress State Detection Using Genetic Algorithm-Based Feature Selection on EEG Signals,2018,International Journal of Environmental Research and Public Health,article,en,https://doi.org/10.3390/ijerph15112461,,,,,
128,10.1080/08839514.2025.2450568,Personalised Affective Classification Through Enhanced EEG Signal Analysis,2025,Applied Artificial Intelligence,article,en,https://doi.org/10.1080/08839514.2025.2450568,,,,,
129,10.1371/journal.pone.0322583,Research on emotion recognition using sparse EEG channels and cross-subject modeling based on CNN-KAN-F2CA model,2025,PLoS ONE,article,en,https://doi.org/10.1371/journal.pone.0322583,,,,,
130,10.1109/tcds.2019.2949306,Domain Adaptation for EEG Emotion Recognition Based on Latent Representation Similarity,2019,IEEE Transactions on Cognitive and Developmental Systems,article,en,https://doi.org/10.1109/tcds.2019.2949306,,,,,
131,10.1109/tnsre.2023.3236434,A Brain Network Analysis-Based Double Way Deep Neural Network for Emotion Recognition,2023,IEEE Transactions on Neural Systems and Rehabilitation Engineering,article,en,https://doi.org/10.1109/tnsre.2023.3236434,,,,,
132,10.36227/techrxiv.171560997.77552223/v1,Emotion Recognition from EEG Network Connectivity Using Low-Dimensional Discriminant Analysis on Riemannian Manifolds,2024,,preprint,en,https://doi.org/10.36227/techrxiv.171560997.77552223/v1,,,,,
133,10.1016/j.compeleceng.2025.110189,EEG-CNN-Souping: Interpretable emotion recognition from EEG signals using EEG-CNN-souping model and explainable AI,2025,Computers & Electrical Engineering,article,en,https://doi.org/10.1016/j.compeleceng.2025.110189,,,,,
134,10.1007/978-981-97-3937-0_15,Deep Ensemble Learning Approach for Multimodal Emotion Recognition,2024,Lecture notes in networks and systems,conference-paper,en,https://doi.org/10.1007/978-981-97-3937-0_15,,,,,
135,10.36227/techrxiv.170420879.92145482/v1,Emotion Recognition from Brain Connectivity Based on Multi-Head Attention Transformer and Autoencoder Network,2024,,preprint,en,http://dx.doi.org/10.36227/techrxiv.170420879.92145482/v1,,,,,
136,10.1007/978-981-19-5443-6_17,Evaluating the Effectiveness of Classification Algorithms for EEG Sentiment Analysis,2023,Advances in intelligent systems and computing,book-chapter,en,https://doi.org/10.1007/978-981-19-5443-6_17,,,,,
137,10.1016/j.artmed.2021.102210,Tetromino pattern based accurate EEG emotion classification model,2021,Artificial Intelligence in Medicine,article,en,https://doi.org/10.1016/j.artmed.2021.102210,,,,,
138,10.1109/cbd69312.2025.00073,Face Expression Images and EEG Signals Based Emotion Recognition,2025,,conference-paper,,https://doi.org/10.1109/cbd69312.2025.00073,,,,,
139,10.28991/esj-2022-06-02-013,Oversampling Approach Using Radius-SMOTE for Imbalance Electroencephalography Datasets,2022,Emerging Science Journal,article,en,https://doi.org/10.28991/esj-2022-06-02-013,,,,,
140,10.4018/979-8-3693-7427-6.ch007,Detection of Human Emotions With Features Based on the EEG Signals Wavelet Transformation,2025,,book-chapter,en,https://doi.org/10.4018/979-8-3693-7427-6.ch007,,,,,
141,10.1109/mlbdbi60823.2023.10481889,Multimodal Emotion Recognition Based on Hybrid Fusion,2023,,conference-paper,en,https://doi.org/10.1109/mlbdbi60823.2023.10481889,,,,,
142,10.48550/arxiv.1905.09472,EEG Classification by factoring in Sensor Configuration,2019,arXiv (Cornell University),preprint,en,http://arxiv.org/abs/1905.09472,,,,,
143,10.1007/s11571-020-09634-1,EEG-based emotion recognition using 4D convolutional recurrent neural network,2020,Cognitive Neurodynamics,article,en,https://www.ncbi.nlm.nih.gov/pmc/articles/7568753,,,,,
144,10.1109/ijcnn55064.2022.9892816,Deep Spatio-Temporal Mutual Learning for EEG Emotion Recognition,2022,2022 International Joint Conference on Neural Networks (IJCNN),conference-paper,en,https://doi.org/10.1109/ijcnn55064.2022.9892816,,,,,
145,10.3389/fpsyg.2022.899983,Transfer Discriminative Dictionary Pair Learning Approach for Across-Subject EEG Emotion Classification,2022,Frontiers in Psychology,article,en,https://doi.org/10.3389/fpsyg.2022.899983,,,,,
146,10.1109/iccmc.2018.8488044,Emotion Recognition System based on EEG signal: A Comparative Study of Different Features and Classifiers,2018,,conference-paper,en,https://doi.org/10.1109/iccmc.2018.8488044,,,,,
147,10.1016/j.entcom.2025.101005,Deep learning based emotion recognition for analyzing students’ psychological states during competitions,2025,Entertainment Computing,article,en,https://doi.org/10.1016/j.entcom.2025.101005,,,,,
148,10.1016/j.bspc.2025.107929,Electroencephalogram emotion recognition and analysis based on feature fusion and stable learning,2025,Biomedical Signal Processing and Control,article,en,https://doi.org/10.1016/j.bspc.2025.107929,,,,,
149,10.54097/ezrccb22,Enhancing Depression Detection through Multimodal Emotion Recognition and Wearable Technologies,2024,Highlights in Science Engineering and Technology,article,en,https://doi.org/10.54097/ezrccb22,,,,,
150,10.3389/fpsyt.2025.1633860,DGAT: a dynamic graph attention neural network framework for EEG emotion recognition,2025,Frontiers in Psychiatry,article,en,https://doi.org/10.3389/fpsyt.2025.1633860,,,,,
151,10.1080/27706710.2022.2075241,Deep learning with convolutional neural networks for EEG-based music emotion decoding and visualization,2022,Brain-Apparatus Communication A Journal of Bacomics,article,en,https://doi.org/10.1080/27706710.2022.2075241,,,,,
152,10.1007/978-3-030-46785-2_24,Emotion Recognition from Time-Frequency Analysis in EEG Signals Using a Deep Learning Strategy,2020,Communications in computer and information science,conference-paper,en,https://doi.org/10.1007/978-3-030-46785-2_24,,,,,
153,10.1016/j.eij.2019.10.002,Employing PCA and t-statistical approach for feature extraction and classification of emotion from multichannel EEG signal,2019,Egyptian Informatics Journal,article,en,https://doi.org/10.1016/j.eij.2019.10.002,,,,,
154,10.48084/etasr.14864,A Hybrid Fuzzy CNN–LSTM Approach for Emotion Recognition from EEG–ECG Physiological Signals,2025,Engineering Technology & Applied Science Research,article,,https://doi.org/10.48084/etasr.14864,,,,,
155,10.1109/icsadl65848.2025.10933301,EEG-Based Emotion Recognition Using Morlet Dual-Level Wavelet Contextual Neural Network with Snow Geese Algorithm,2025,,conference-paper,en,https://doi.org/10.1109/icsadl65848.2025.10933301,,,,,
156,10.1109/jsen.2024.3380749,A Hybrid Critical Channel Selection Framework for EEG Emotion Recognition,2024,IEEE Sensors Journal,article,en,https://doi.org/10.1109/jsen.2024.3380749,,,,,
157,10.1109/taffc.2024.3433613,Grop: Graph Orthogonal Purification Network for EEG Emotion Recognition,2024,IEEE Transactions on Affective Computing,article,en,https://doi.org/10.1109/taffc.2024.3433613,,,,,
158,10.1109/ijcnn48605.2020.9207280,A Long Short Term Memory Deep Learning Network for the Classification of Negative Emotions Using EEG Signals,2020,,conference-paper,en,https://doi.org/10.1109/ijcnn48605.2020.9207280,,,,,
159,10.1080/1206212x.2025.2537288,A novel framework for multiclass emotion detection using EEG signals with advanced preprocessing and explainable graph attention networks,2025,International Journal of Computers and Applications,article,en,https://doi.org/10.1080/1206212x.2025.2537288,,,,,
160,10.1109/iceeict62016.2024.10534372,Towards Superior EEG-Based Emotion Recognition: Integrating CNN Outputs with Machine Learning Classifiers for Enhanced Performance,2024,,conference-paper,en,https://doi.org/10.1109/iceeict62016.2024.10534372,,,,,
161,10.48550/arxiv.2209.02249,Machine Learning For Classification Of Antithetical Emotional States,2022,arXiv (Cornell University),preprint,en,http://arxiv.org/abs/2209.02249,,,,,
162,10.1109/taffc.2025.3564272,Exploiting the Intrinsic Neighborhood Semantic Structure for Domain Adaptation in EEG-Based Emotion Recognition,2025,IEEE Transactions on Affective Computing,article,en,https://doi.org/10.1109/taffc.2025.3564272,,,,,
163,10.1145/3664647.3681570,WSEL: EEG Feature Selection with Weighted Self-expression Learning for Incomplete Multi-dimensional Emotion Recognition,2024,,conference-paper,en,https://doi.org/10.1145/3664647.3681570,,,,,
164,10.22489/cinc.2024.381,A Network Physiology Approach to Brain-Heart Interaction for Affective State Characterization Using Photoplethysmography Features,2024,Computing in cardiology,conference-paper,en,https://doi.org/10.22489/cinc.2024.381,,,,,
165,10.17485/ijst/2016/v9i33/99622,Mental State Recognition by using Brain Waves,2016,Indian Journal of Science and Technology,article,en,https://doi.org/10.17485/ijst/2016/v9i33/99622,,,,,
166,10.14329/isr.2025.27.4.001,A Hybrid Approach to Enhancing the Extraction of Spatiotemporal Features of EEG Signals and Improving Emotion Recognition Accuracy,2025,Information Systems Review,article,,https://doi.org/10.14329/isr.2025.27.4.001,,,,,
167,10.1109/tnsre.2025.3603190,A Progressive Multi-Domain Adaptation Network With Reinforced Self-Constructed Graphs for Cross-Subject EEG-Based Emotion and Consciousness Recognition,2025,IEEE Transactions on Neural Systems and Rehabilitation Engineering,article,en,https://doi.org/10.1109/tnsre.2025.3603190,,,,,
168,10.1109/taffc.2024.3357656,CFDA-CSF: A Multi-Modal Domain Adaptation Method for Cross-Subject Emotion Recognition,2024,IEEE Transactions on Affective Computing,article,en,https://doi.org/10.1109/taffc.2024.3357656,,,,,
169,10.1109/bibm52615.2021.9669838,A Novel Emotion Recognition Method Incorporating MST-based Brain Network and FVMD-GAMPE,2021,2021 IEEE International Conference on Bioinformatics and Biomedicine (BIBM),conference-paper,en,https://doi.org/10.1109/bibm52615.2021.9669838,,,,,
170,10.3389/fncom.2019.00053,Multi-method Fusion of Cross-Subject Emotion Recognition Based on High-Dimensional EEG Features,2019,Frontiers in Computational Neuroscience,article,en,https://doi.org/10.3389/fncom.2019.00053,,,,,
171,10.20944/preprints202509.0064.v1,Cross-Subject EEG Emotion Recognition Using SSA-EMS Algorithm for Feature Extraction,2025,Preprints.org,preprint,en,https://doi.org/10.20944/preprints202509.0064.v1,,,,,
172,,Person identification based on EEG signals,2025,Νημερτής,article,el,https://hdl.handle.net/10889/29147,,,,,
173,10.1109/access.2019.2944273,Channel Selection Method for EEG Emotion Recognition Using Normalized Mutual Information,2019,IEEE Access,article,en,https://doi.org/10.1109/access.2019.2944273,,,,,
174,10.3390/brainsci14040344,MES-CTNet: A Novel Capsule Transformer Network Base on a Multi-Domain Feature Map for Electroencephalogram-Based Emotion Recognition,2024,Brain Sciences,article,en,https://doi.org/10.3390/brainsci14040344,,,,,
175,10.2139/ssrn.4732341,Modelling Eeg Signal Classification and Evaluation Using Multi-Layered Network Model,2024,SSRN Electronic Journal,preprint,en,https://doi.org/10.2139/ssrn.4732341,,,,,
176,10.21203/rs.3.rs-4967207/v1,EEG-Based Emotion Recognition Model Using Fuzzy Adjacency Matrix Combined with Convolutional Multi-Head Graph Attention Mechanism,2024,Research Square,preprint,en,https://doi.org/10.21203/rs.3.rs-4967207/v1,,,,,
177,10.2139/ssrn.5334457,Uda-Dda: Unsupervised Domain Adaptation with Dynamic Distribution Alignment Network for Emotion Recognition Using Eeg Signals,2025,SSRN Electronic Journal,preprint,en,https://doi.org/10.2139/ssrn.5334457,,,,,
178,10.48550/arxiv.2110.10009,EEGminer: Discovering Interpretable Features of Brain Activity with Learnable Filters,2021,arXiv (Cornell University),preprint,en,http://arxiv.org/abs/2110.10009,,,,,
179,10.1109/ecti-con64996.2025.11100870,EEG-Based Personalized Emotion Recognition and Receptive Music Therapy System in the Aid of Autism Patients,2025,,conference-paper,en,https://doi.org/10.1109/ecti-con64996.2025.11100870,,,,,
180,10.1111/coin.70112,Emotion‐Based Mental State Classification Using EEG for Brain‐Computer Interface Applications,2025,Computational Intelligence,article,en,https://doi.org/10.1111/coin.70112,,,,,
181,10.1109/bibm66473.2025.11357212,Home Robot Motor Imagery Interaction and Emotional Awareness Based on Multimodal EEG Feature Extraction,2025,,conference-paper,,https://doi.org/10.1109/bibm66473.2025.11357212,,,,,
182,10.1109/ddcls55054.2022.9858390,Emotion Recognition Method Based on EEG in Few Channels,2022,2022 IEEE 11th Data Driven Control and Learning Systems Conference (DDCLS),conference-paper,en,https://doi.org/10.1109/ddcls55054.2022.9858390,,,,,
183,,New Feature Extraction Method for Precision Improvement in Emotion Detection Using EEG Signals,2018,DOAJ (DOAJ: Directory of Open Access Journals),article,en,http://jhbmi.ir/browse.php?a_id=273&sid=1&slc_lang=en,,,,,
184,10.4108/eetel.4974,EEG Emotion Recognition Based on Self-Distillation Convolutional Graph Attention Network,2024,ICST Transactions on e-Education and e-Learning,article,en,http://dx.doi.org/10.4108/eetel.4974,,,,,
185,10.1109/tcds.2018.2868121,Electroencephalogram Emotion Recognition Based on Empirical Mode Decomposition and Optimal Feature Selection,2018,IEEE Transactions on Cognitive and Developmental Systems,article,en,https://doi.org/10.1109/tcds.2018.2868121,,,,,
186,10.11591/ijeecs.v33.i2.pp920-931,Electroencephalogram based human emotion classification for valence and arousal using machine learning approach,2024,Indonesian Journal of Electrical Engineering and Computer Science,article,en,http://dx.doi.org/10.11591/ijeecs.v33.i2.pp920-931,,,,,
187,10.1007/978-3-031-52760-9_28,Comparative Analysis of EEG Sub-band Powers for Emotion Recognition,2024,EAI/Springer Innovations in Communication and Computing,conference-paper,en,https://doi.org/10.1007/978-3-031-52760-9_28,,,,,
188,10.1109/icetci57876.2023.10176392,AGCN-SAT: Adaptive Graph Convolutional Network with Spatial Attention and Transformer for EEG Emotion Recognition,2023,,conference-paper,en,https://doi.org/10.1109/icetci57876.2023.10176392,,,,,
189,10.1109/bibm62325.2024.10822805,Comparative Analysis of Machine Learning Approaches for Emotion Recognition Using EEG and ECG Signals,2024,,conference-paper,en,https://pure.ulster.ac.uk/en/publications/b26b23cf-aade-46a2-ad0f-925c073f85ba,,,,,
190,10.11591/ijeecs.v35.i1.pp459-466,Emotion detection using EEG: hybrid classification approach,2024,Indonesian Journal of Electrical Engineering and Computer Science,article,en,https://doi.org/10.11591/ijeecs.v35.i1.pp459-466,,,,,
191,10.1007/s11042-016-3608-7,Error-correcting output codes for multi-label emotion classification,2016,Multimedia Tools and Applications,article,en,https://doi.org/10.1007/s11042-016-3608-7,,,,,
192,10.1016/j.bspc.2024.107473,EEG emotion recognition based on efficient-capsule network with convolutional attention,2025,Biomedical Signal Processing and Control,article,en,https://doi.org/10.1016/j.bspc.2024.107473,,,,,
193,10.1109/acii.2015.7344552,Identifying valence and arousal levels via connectivity between EEG channels,2015,,conference-paper,en,https://doi.org/10.1109/acii.2015.7344552,,,,,
194,10.1109/iciccs53718.2022.9788367,A Secure Authentication System based on Emotion Analysis of EEG Signals using Deep Learning Technique,2022,2022 6th International Conference on Intelligent Computing and Control Systems (ICICCS),conference-paper,en,https://doi.org/10.1109/iciccs53718.2022.9788367,,,,,
195,10.1109/icassp43922.2022.9746528,Holistic Semi-Supervised Approaches for EEG Representation Learning,2022,"ICASSP 2022 - 2022 IEEE International Conference on Acoustics, Speech and Signal Processing (ICASSP)",conference-paper,en,https://doi.org/10.1109/icassp43922.2022.9746528,,,,,
196,10.14569/ijacsa.2018.090843,EEG-Based Emotion Recognition using 3D Convolutional Neural Networks,2018,International Journal of Advanced Computer Science and Applications,article,en,https://doi.org/10.14569/ijacsa.2018.090843,,,,,
197,10.1007/s11042-022-12310-7,CNN and LSTM based ensemble learning for human emotion recognition using EEG recordings,2022,Multimedia Tools and Applications,article,en,https://doi.org/10.1007/s11042-022-12310-7,,,,,
198,10.1109/tensymp46218.2019.8971281,Emotion Analysis Based on LASSO,2019,2019 IEEE Region 10 Symposium (TENSYMP),conference-paper,en,https://doi.org/10.1109/tensymp46218.2019.8971281,,,,,
199,10.1109/jbhi.2022.3198688,EEG-Based Emotion Recognition Using Spatial-Temporal Graph Convolutional LSTM With Attention Mechanism,2022,IEEE Journal of Biomedical and Health Informatics,article,en,https://doi.org/10.1109/jbhi.2022.3198688,,,,,
200,10.3390/brainsci15080886,Interpretable EEG Emotion Classification via CNN Model and Gradient-Weighted Class Activation Mapping,2025,Brain Sciences,article,en,https://doi.org/10.3390/brainsci15080886,,,,,
201,10.1109/icpads47876.2019.00107,Multi-Channel Physiological Signal Emotion Recognition Based on ReliefF Feature Selection,2019,,conference-paper,en,https://doi.org/10.1109/icpads47876.2019.00107,,,,,
202,10.1109/iccica67008.2025.11337428,The Silent Signals: A Review on AI-Driven Micro-Expression Analysis for Mental Health,2025,,conference-paper,,https://doi.org/10.1109/iccica67008.2025.11337428,,,,,
203,10.1109/jsen.2023.3256356,Recognition of Riding Feeling From EEG Based on Neural Network,2023,IEEE Sensors Journal,article,en,https://doi.org/10.1109/jsen.2023.3256356,,,,,
204,10.1007/978-981-10-2104-6_30,Electroencephalography-Based Emotion Recognition Using Gray-Level Co-occurrence Matrix Features,2016,Advances in intelligent systems and computing,book-chapter,en,https://doi.org/10.1007/978-981-10-2104-6_30,,,,,
205,10.1109/taffc.2017.2712143,Identifying Stable Patterns over Time for Emotion Recognition from EEG,2017,IEEE Transactions on Affective Computing,article,en,https://doi.org/10.1109/taffc.2017.2712143,,,,,
206,10.1007/s40708-016-0051-5,Familiarity effects in EEG-based emotion recognition,2016,Brain Informatics,article,en,https://doi.org/10.1007/s40708-016-0051-5,,,,,
207,10.1016/j.bspc.2023.104989,Emotion recognition based on multiple physiological signals,2023,Biomedical Signal Processing and Control,article,en,https://doi.org/10.1016/j.bspc.2023.104989,,,,,
208,10.1109/taffc.2018.2817622,EEG Emotion Recognition Using Dynamical Graph Convolutional Neural Networks,2018,IEEE Transactions on Affective Computing,article,en,https://doi.org/10.1109/taffc.2018.2817622,,,,,
209,10.1145/3380688.3380694,"Valence-Arousal Model based Emotion Recognition using EEG, peripheral physiological signals and Facial Expression",2020,,conference-paper,en,https://doi.org/10.1145/3380688.3380694,,,,,
210,10.21203/rs.3.rs-37469/v2,Two Stepped Majority Voting for Efficient EEG based Emotion Classification,2020,Research Square,preprint,en,https://doi.org/10.21203/rs.3.rs-37469/v2,,,,,
211,10.48550/arxiv.2206.00918,MEMD-HHT based Emotion Detection from EEG using 3D CNN,2022,arXiv (Cornell University),preprint,en,http://arxiv.org/abs/2206.00918,,,,,
212,10.1016/j.knosys.2024.112669,Semi-supervised pairwise transfer learning based on multi-source domain adaptation: A case study on EEG-based emotion recognition,2024,Knowledge-Based Systems,article,en,https://doi.org/10.1016/j.knosys.2024.112669,,,,,
213,10.1109/icassp48485.2024.10445959,Multi-Source Domain Adaptation with Transformer-Based Feature Generation for Subject-Independent EEG-Based Emotion Recognition,2024,,conference-paper,en,https://doi.org/10.1109/icassp48485.2024.10445959,,,,,
214,10.1142/s0219519424400396,AN EMOTION ANALYSIS METHOD THAT INTEGRATES EEG SIGNALS AND MUSIC THERAPY USING A TRANSFORMER MODEL,2024,Journal of Mechanics in Medicine and Biology,article,en,https://doi.org/10.1142/s0219519424400396,,,,,
215,10.1007/s10489-024-05958-1,Learner’s cognitive state recognition based on multimodal physiological signal fusion,2024,Applied Intelligence,article,en,https://doi.org/10.1007/s10489-024-05958-1,,,,,
216,10.1109/tim.2023.3302938,Cross-Subject EEG-Based Emotion Recognition via Semisupervised Multisource Joint Distribution Adaptation,2023,IEEE Transactions on Instrumentation and Measurement,article,en,https://doi.org/10.1109/tim.2023.3302938,,,,,
217,10.1007/978-3-031-94898-5_40,Semi-supervised Prototype Comparison Method for EEG Emotion Recognition and Its Applications on Patients with Disorder of Consciousness,2025,Lecture notes in networks and systems,conference-paper,en,https://doi.org/10.1007/978-3-031-94898-5_40,,,,,
218,10.1016/j.bspc.2024.106217,An adaptive search optimizer-based deep Bi-LSTM for emotion recognition using electroencephalogram signal,2024,Biomedical Signal Processing and Control,article,en,https://doi.org/10.1016/j.bspc.2024.106217,,,,,
219,,Klasifikasi emosi jenis arousal dan valence menggunakan metode convolutional neural network,2020,,article,id,,,,,,
220,10.1109/access.2024.3349552,MASTF-net: An EEG Emotion Recognition Network Based on Multi-Source Domain Adaptive Method Based on Spatio-Temporal Image and Frequency Domain Information,2024,IEEE Access,article,en,https://doi.org/10.1109/access.2024.3349552,,,,,
221,10.3390/s23010498,An AI-Inspired Spatio-Temporal Neural Network for EEG-Based Emotional Status,2023,Sensors,article,en,https://doi.org/10.3390/s23010498,,,,,
222,10.1007/978-981-96-6046-9_31,Hybrid Deep Learning Approach for Emotion Recognition with Electroencephalography Through Zero Padding and Average Pooling,2025,Lecture notes in networks and systems,conference-paper,en,https://doi.org/10.1007/978-981-96-6046-9_31,,,,,
223,10.1109/ieeeconf65522.2025.11137242,Genetically Optimized Memristive CNNs with Online Learning for Robust EEG Emotion Recognition,2025,,conference-paper,en,https://doi.org/10.1109/ieeeconf65522.2025.11137242,,,,,
224,10.3390/brainsci14121289,Emotion Recognition Model of EEG Signals Based on Double Attention Mechanism,2024,Brain Sciences,article,en,https://doi.org/10.3390/brainsci14121289,,,,,
225,10.1109/compas60761.2024.10796614,Machine Learning Algorithms for Emotion Detection using EEG Signals,2024,,conference-paper,en,https://doi.org/10.1109/compas60761.2024.10796614,,,,,
226,10.1016/j.ymeth.2022.03.005,A federated learning method for real-time emotion state classification from multi-modal streaming,2022,Methods,article,en,https://doi.org/10.1016/j.ymeth.2022.03.005,,,,,
227,10.1109/bia50171.2020.9244513,Study on the Relation Between Affective and Cognitive States for Automated EEG Analysis,2020,,conference-paper,en,https://doi.org/10.1109/bia50171.2020.9244513,,,,,
228,10.1109/jbhi.2024.3419043,Cross-Modal Guiding Neural Network for Multimodal Emotion Recognition From EEG and Eye Movement Signals,2024,IEEE Journal of Biomedical and Health Informatics,article,en,https://doi.org/10.1109/jbhi.2024.3419043,,,,,
229,10.1109/ecce64574.2025.11013815,Spectrogram-driven Emotion Detection from Electroencephalogram,2025,,conference-paper,en,https://doi.org/10.1109/ecce64574.2025.11013815,,,,,
230,10.1109/icassp.2013.6637858,Robust EEG emotion classification using segment level decision fusion,2013,,conference-paper,en,https://doi.org/10.1109/icassp.2013.6637858,,,,,
231,10.48550/arxiv.2101.05484,4D Attention-based Neural Network for EEG Emotion Recognition,2021,arXiv (Cornell University),preprint,en,http://arxiv.org/abs/2101.05484,,,,,
232,10.1109/embc44109.2020.9176682,EEG-based Emotion Recognition Using Spatial-Temporal Representation via Bi-GRU,2020,,conference-paper,en,https://doi.org/10.1109/embc44109.2020.9176682,,,,,
233,10.4103/jmss.jmss_34_17,Providing a four-layer method based on deep belief network to improve emotion recognition in electroencephalography in brain signals,2019,Journal of Medical Signals & Sensors,article,en,https://doi.org/10.4103/jmss.jmss_34_17,,,,,
234,10.1016/j.ifacol.2023.10.486,EEG-based Affect Classification with Machine Learning Algorithms,2023,IFAC-PapersOnLine,article,en,http://dx.doi.org/10.1016/j.ifacol.2023.10.486,,,,,
235,10.1007/s42979-023-02543-0,Emotion Recognition from Electroencephalogram (EEG) Signals Using a Multiple Column Convolutional Neural Network Model,2024,SN Computer Science,article,en,https://doi.org/10.1007/s42979-023-02543-0,,,,,
236,10.1117/12.3034151,STM-Net based spatial-temporal multi-modal fusion network for emotion recognition,2024,,conference-paper,en,https://doi.org/10.1117/12.3034151,,,,,
237,10.1109/bigcomp64353.2025.00055,Dual-Branch Residual CNN-LSTM Model for Emotion Classification using PPG and GSR,2025,,conference-paper,en,https://doi.org/10.1109/bigcomp64353.2025.00055,,,,,
238,10.1080/20479700.2022.2141694,Automated accurate emotion classification using Clefia pattern-based features with EEG signals,2022,International Journal of Healthcare Management,article,en,https://hdl.handle.net/11511/101552,,,,,
239,10.3389/fnins.2023.1135850,Multi-channel EEG emotion recognition through residual graph attention neural network,2023,Frontiers in Neuroscience,article,en,https://doi.org/10.3389/fnins.2023.1135850,,,,,
240,10.1007/978-3-031-78201-5_20,Cascading Global and Sequential Temporal Representations with Local Context Modeling for EEG-Based Emotion Recognition,2024,Lecture notes in computer science,conference-paper,en,https://doi.org/10.1007/978-3-031-78201-5_20,,,,,
241,10.1109/access.2025.3530567,A Pre-Activation Residual Convolutional Network With Attention Modules for High-Resolution Segmented EEG Emotion Recognition,2025,IEEE Access,article,en,https://doi.org/10.1109/access.2025.3530567,,,,,
242,10.1007/s11760-024-03533-2,Application of a multi-source multi-task weight adaptation framework for cross-domain EEG emotion recognition(MS-MWA),2024,Signal Image and Video Processing,article,en,https://doi.org/10.1007/s11760-024-03533-2,,,,,
243,10.53555/jaz.v44is8.3499,Multimodal Emotion Recognition System Using Machine Learning Classifier,2023,Journal Of Advanced Zoology,article,en,http://dx.doi.org/10.53555/jaz.v44is8.3499,,,,,
244,10.3389/fnhum.2024.1464431,Multi-source domain adaptation for EEG emotion recognition based on inter-domain sample hybridization,2024,Frontiers in Human Neuroscience,article,en,https://doi.org/10.3389/fnhum.2024.1464431,,,,,
245,10.2139/ssrn.5092492,Multi-Level Feature-Fusion Using Handcrafted and Deep Learning Techniques for the Classification of Human Emotions from Eeg Signals,2025,SSRN Electronic Journal,preprint,en,https://doi.org/10.2139/ssrn.5092492,,,,,
246,10.1109/access.2022.3193768,Deep Neural Network for Emotion Recognition Based on Meta-Transfer Learning,2022,IEEE Access,article,en,https://doi.org/10.1109/access.2022.3193768,,,,,
247,10.1007/s11571-025-10283-5,Emotion recognition framework based on adaptive window selection and CA-KAN,2025,Cognitive Neurodynamics,article,en,https://pmc.ncbi.nlm.nih.gov/articles/PMC12187633/,,,,,
248,10.5281/zenodo.21556182,Implementation on EEG Imaginary Decoding Using Fast RCNN,2022,Zenodo (CERN European Organization for Nuclear Research),article,,https://doi.org/10.5281/zenodo.21556182,,,,,
249,10.1109/bibm58861.2023.10385505,A Multitask Framework for Emotion Recognition Using EEG and Eye Movement Signals with Adversarial Training and Attention Mechanism,2023,,conference-paper,en,https://doi.org/10.1109/bibm58861.2023.10385505,,,,,
250,10.1155/2024/5581443,A Multimodal Low Complexity Neural Network Approach for Emotion Recognition,2024,Human Behavior and Emerging Technologies,article,en,https://doi.org/10.1155/2024/5581443,,,,,
251,10.24251/hicss.2024.112,Neuromarketing Techniques to Enhance Consumer Preference Prediction,2024,Proceedings of the ... Annual Hawaii International Conference on System Sciences/Proceedings of the Annual Hawaii International Conference on System Sciences,conference-paper,en,https://hdl.handle.net/10125/106489,,,,,
252,10.26599/tst.2025.9010125,SSM-Transformer-Based Dual-Scale Convolutional Neural Network for High-Performance EEG Decoding,2025,Tsinghua Science & Technology,article,en,https://doi.org/10.26599/tst.2025.9010125,,,,,
253,10.1109/mcte62870.2024.11118210,Enhancing Cross-Session EEG Emotion Recognition Through Multi-Source Domain Adaptation and Association Reinforcement,2024,,conference-paper,en,https://doi.org/10.1109/mcte62870.2024.11118210,,,,,
254,10.1007/978-981-13-1642-5_27,Neural Network Approach for Classification of Human Emotions from EEG Signal,2018,Lecture notes in electrical engineering,book-chapter,en,https://doi.org/10.1007/978-981-13-1642-5_27,,,,,
255,10.33832/ijdrbc.2019.10.02,Business Success through Understanding Human Emotions: Case Study of Classifying Emotions using the Brain Waives EEG Data,2019,International journal of disaster recovery and business continuity,article,en,https://doi.org/10.33832/ijdrbc.2019.10.02,,,,,
256,10.1007/978-3-031-05409-9_23,A Swarm Intelligence Approach: Combination of Different EEG-Channel Optimization Techniques to Enhance Emotion Recognition,2022,Lecture notes in computer science,conference-paper,en,https://doi.org/10.1007/978-3-031-05409-9_23,,,,,
257,10.3390/s20123491,Spatio-Temporal Representation of an Electoencephalogram for Emotion Recognition Using a Three-Dimensional Convolutional Neural Network,2020,Sensors,article,en,https://doi.org/10.3390/s20123491,,,,,
258,10.3389/fpsyg.2022.1065196,Feature extraction based on microstate sequences for EEG–based emotion recognition,2022,Frontiers in Psychology,article,en,https://doi.org/10.3389/fpsyg.2022.1065196,,,,,
259,10.1109/robio49542.2019.8961740,Research on EEG Channel Selection Method for Emotion Recognition,2019,,conference-paper,en,https://doi.org/10.1109/robio49542.2019.8961740,,,,,
260,10.1109/bia50171.2020.9244279,Identification of Affective Mental Activity Based on Multichannel EEG Signals,2020,,conference-paper,en,https://doi.org/10.1109/bia50171.2020.9244279,,,,,
261,10.2139/ssrn.5229518,3d Position Embedding Time-Frequency-Spatial Eeg Emotion Recognition,2025,SSRN Electronic Journal,preprint,en,https://doi.org/10.2139/ssrn.5229518,,,,,
262,10.1109/issc49989.2020.9180193,A Comparative Study of Machine Learning Techniques for Emotion Recognition from Peripheral Physiological Signals,2020,,conference-paper,en,http://research.thea.ie/handle/20.500.12065/3314,,,,,
263,10.1109/tensymp55890.2023.10223616,CycleMVAE: Benchmarking End-to-End Cycle-Consistent Multi-Task Variational Autoencoder for EEG-Based Emotion Recognition,2023,,conference-paper,en,https://doi.org/10.1109/tensymp55890.2023.10223616,,,,,
264,10.1109/ciite62244.2024.10987655,Emotion Classification Through EEG Signals: The EmoSense Model,2024,,conference-paper,en,https://doi.org/10.1109/ciite62244.2024.10987655,,,,,
265,10.1109/ichms53169.2021.9582628,Combination of EOG and EEG for emotion recognition over different window sizes,2021,,conference-paper,en,https://doi.org/10.1109/ichms53169.2021.9582628,,,,,
266,10.1007/978-3-031-71821-2_5,"Analyzing the Potential Contribution of a Meta-Learning Approach to Robust and Effective Subject-Independent, Emotion-Related Time Series Analysis of Bio-signals",2024,Studies in computational intelligence,book-chapter,en,https://doi.org/10.1007/978-3-031-71821-2_5,,,,,
267,10.1016/j.dsim.2025.02.003,Manifold sorting feature selection for emotion recognition,2025,Data Science and Informetrics,article,en,https://doi.org/10.1016/j.dsim.2025.02.003,,,,,
268,10.1109/cait59945.2023.10469445,Emotion Recognition Based on Baseline-corrected Differential Entropy Features and Sparse Graph Regularized Extreme Learning Machine,2023,,conference-paper,en,https://doi.org/10.1109/cait59945.2023.10469445,,,,,
269,10.2139/ssrn.4917647,Bi-Classifier Adversarial Domain Alignment by Classification Certainty for Eeg-Based Emotion Recognition,2024,SSRN Electronic Journal,preprint,en,http://dx.doi.org/10.2139/ssrn.4917647,,,,,
270,10.1109/icacrs67045.2025.11324205,Dynamic Causal Connectivity and Topological Augmentation for Spiking Neural Emotion Classification,2025,,conference-paper,,https://doi.org/10.1109/icacrs67045.2025.11324205,,,,,
271,10.1109/smc42975.2020.9283175,Examining the Relationship between EEG Dynamics and Emotion Ratings during Video Watching using Adaptive Mixture Independent Component Analysis,2020,,conference-paper,en,https://doi.org/10.1109/smc42975.2020.9283175,,,,,
272,10.1049/ell2.12388,A feature‐based on potential and differential entropy information for electroencephalogram emotion recognition,2021,Electronics Letters,article,en,https://doi.org/10.1049/ell2.12388,,,,,
273,10.1016/j.eswa.2025.130843,SSAS: Cross-subject EEG-based emotion recognition through source selection with adversarial strategy,2025,Expert Systems with Applications,article,en,https://doi.org/10.1016/j.eswa.2025.130843,,,,,
274,10.48550/arxiv.2211.02637,Emotion Recognition With Temporarily Localized 'Emotional Events' in Naturalistic Context,2022,arXiv (Cornell University),preprint,en,http://arxiv.org/abs/2211.02637,,,,,
275,10.1016/j.neucom.2017.03.027,Fusing highly dimensional energy and connectivity features to identify affective states from EEG signals,2017,Neurocomputing,article,en,https://research-portal.uws.ac.uk/en/publications/3bf992f3-5a13-46e4-8ef1-67d8f2979e36,,,,,
276,10.1007/s11517-023-02956-2,Instance-representation transfer method based on joint distribution and deep adaptation for EEG emotion recognition,2023,Medical & Biological Engineering & Computing,article,en,https://doi.org/10.1007/s11517-023-02956-2,,,,,
277,10.1109/taffc.2025.3581388,EmotionMIL: An End-to-End Multiple Instance Learning Framework for Emotion Recognition From EEG Signals,2025,IEEE Transactions on Affective Computing,article,en,https://doi.org/10.1109/taffc.2025.3581388,,,,,
278,10.1088/2632-2153/ad38fe,Prediction of mild cognitive impairment using EEG signal and BiLSTM network,2024,Machine Learning Science and Technology,article,en,https://doi.org/10.1088/2632-2153/ad38fe,,,,,
279,10.1504/ijbic.2024.139268,EEG-based emotion recognition via improved evolutionary convolutional neural network,2024,International Journal of Bio-Inspired Computation,article,en,https://doi.org/10.1504/ijbic.2024.139268,,,,,
280,10.1109/lsens.2024.3486708,Automated Human Emotion Recognition System Using TQWT-Based EEG Subbands,2024,IEEE Sensors Letters,article,en,https://doi.org/10.1109/lsens.2024.3486708,,,,,
281,10.3389/fncom.2021.723843,Data Augmentation for EEG-Based Emotion Recognition Using Generative Adversarial Networks,2021,Frontiers in Computational Neuroscience,article,en,https://doi.org/10.3389/fncom.2021.723843,,,,,
282,,Exploring multiple scales and bi-hemispheric asymmetric EEG features for emotion recognition,2021,arXiv (Cornell University),preprint,en,http://arxiv.org/pdf/2110.06462.pdf,,,,,
283,10.3390/app14209527,Enhanced Classification of Video-Evoked Stress Response Using Power Spectral Density Features,2024,Applied Sciences,article,en,https://doi.org/10.3390/app14209527,,,,,
284,10.1109/jsen.2024.3358400,Emotion Recognition Based on Selected EEG Signals by Common Spatial Pattern,2024,IEEE Sensors Journal,article,en,https://doi.org/10.1109/jsen.2024.3358400,,,,,
285,10.3389/fnins.2025.1592070,Domain adaptive deep possibilistic clustering for EEG-based emotion recognition,2025,Frontiers in Neuroscience,article,en,https://doi.org/10.3389/fnins.2025.1592070,,,,,
286,10.1109/embc.2019.8857340,EEG-Based Emotion Recognition with Prototype-Based Data Representation,2019,,conference-paper,en,https://doi.org/10.1109/embc.2019.8857340,,,,,
287,10.1109/bibm62325.2024.10822354,MoGE: Mixture of Graph Experts for Cross-subject Emotion Recognition via Decomposing EEG,2024,,conference-paper,en,https://doi.org/10.1109/bibm62325.2024.10822354,,,,,
288,10.1109/itaic58329.2023.10409073,A Spatial-Temporal Feature Fusion Emotion Recognition Model Based on Attention Mechanism,2023,,conference-paper,en,https://doi.org/10.1109/itaic58329.2023.10409073,,,,,
289,10.3389/fncom.2025.1556483,The cognitive impacts of large language model interactions on problem solving and decision making using EEG analysis,2025,Frontiers in Computational Neuroscience,article,en,https://doi.org/10.3389/fncom.2025.1556483,,,,,
290,10.1093/brain/awt254,Off to never-never land: losing consciousness to gain thought,2013,Brain,article,en,https://doi.org/10.1093/brain/awt254,,,,,
291,10.1109/ijcnn48605.2020.9207464,EEG feature learning with Intrinsic Plasticity based Deep Echo State Network,2020,,conference-paper,en,https://doi.org/10.1109/ijcnn48605.2020.9207464,,,,,
292,10.1109/icon-bciht63907.2024.10882443,Emotion Detection Mastery: EEG Signal Analysis with Balanced vs. Unbalanced Data,2024,,conference-paper,en,https://doi.org/10.1109/icon-bciht63907.2024.10882443,,,,,
293,10.1201/9781003147817-2,Recognition of Distress Phase Situation in Human Emotion EEG Physiological Signals,2021,,book-chapter,en,https://doi.org/10.1201/9781003147817-2,,,,,
294,10.52783/jisem.v10i2.2308,Improvised SimCLR Algorithm for Emotion Recognition using EEG Signal,2025,Journal of Information Systems Engineering & Management,article,en,https://doi.org/10.52783/jisem.v10i2.2308,,,,,
295,10.1007/978-3-319-39687-3_1,Non-lineal EEG Modelling by Using Quadratic Entropy for Arousal Level Classification,2016,"Smart innovation, systems and technologies",conference-paper,en,https://doi.org/10.1007/978-3-319-39687-3_1,,,,,
296,10.2139/ssrn.4881614,A Study for the Effectiveness of the Deep Feature of Eog in Emotion Recognition,2024,SSRN Electronic Journal,preprint,en,http://dx.doi.org/10.2139/ssrn.4881614,,,,,
297,10.1016/j.engappai.2022.105349,EEG-based emotion recognition using random Convolutional Neural Networks,2022,Engineering Applications of Artificial Intelligence,article,en,https://doi.org/10.1016/j.engappai.2022.105349,,,,,
298,10.48550/arxiv.2208.00877,Self-supervised Group Meiosis Contrastive Learning for EEG-Based Emotion Recognition,2022,arXiv (Cornell University),preprint,en,http://arxiv.org/abs/2208.00877,,,,,
299,10.1016/j.bspc.2020.101867,Automated emotion recognition based on higher order statistics and deep learning algorithm,2020,Biomedical Signal Processing and Control,article,en,https://doi.org/10.1016/j.bspc.2020.101867,,,,,
300,10.1016/j.bspc.2020.102389,Emotion recognition from EEG signals using empirical mode decomposition and second-order difference plot,2020,Biomedical Signal Processing and Control,article,en,https://doi.org/10.1016/j.bspc.2020.102389,,,,,
301,10.3233/thc-213522,Happy or sad? Recognizing emotions with wavelet coefficient energy mean of EEG signals,2022,Technology and Health Care,article,en,https://doi.org/10.3233/thc-213522,,,,,
302,10.1016/j.bspc.2024.106957,A convolution and attention-based conditional adversarial domain adaptation neural network for emotion recognition using electroencephalography,2024,Biomedical Signal Processing and Control,article,en,https://doi.org/10.1016/j.bspc.2024.106957,,,,,
303,10.3389/fnhum.2023.1132254,SSTM-IS: simplified STM method based on instance selection for real-time EEG emotion recognition,2023,Frontiers in Human Neuroscience,article,en,https://doi.org/10.3389/fnhum.2023.1132254,,,,,
304,10.1007/978-3-030-67835-7_14,EEG Emotion Recognition Based on Channel Attention for E-Healthcare Applications,2021,Lecture notes in computer science,conference-paper,en,https://doi.org/10.1007/978-3-030-67835-7_14,,,,,
305,10.1109/cict.2015.24,EEG-Based Emotion Recognition Using Statistical Measures and Auto-Regressive Modeling,2015,,conference-paper,en,https://doi.org/10.1109/cict.2015.24,,,,,
306,10.1016/j.compbiomed.2022.106002,Simultaneously exploring multi-scale and asymmetric EEG features for emotion recognition,2022,Computers in Biology and Medicine,article,en,https://doi.org/10.1016/j.compbiomed.2022.106002,,,,,
307,10.1109/jbhi.2024.3418010,An Attention-Based Multi-Domain Bi-Hemisphere Discrepancy Feature Fusion Model for EEG Emotion Recognition,2024,IEEE Journal of Biomedical and Health Informatics,article,en,https://researchportal.bath.ac.uk/files/334044069/Linlin.pdf,,,,,
308,10.1016/j.bspc.2023.105223,A Bi-Stream hybrid model with MLPBlocks and self-attention mechanism for EEG-based emotion recognition,2023,Biomedical Signal Processing and Control,article,en,https://doi.org/10.1016/j.bspc.2023.105223,,,,,
309,,Análisis Psicofisiológico de Estímulos Sonoros,2023,Repositorio Universidad Distrital,article,en,https://revistas.udistrital.edu.co/index.php/visele/article/view/21192,,,,,
310,10.1038/s41598-023-30458-6,Emotion recognition based on group phase locking value using convolutional neural network,2023,Scientific Reports,article,en,https://doi.org/10.1038/s41598-023-30458-6,,,,,
311,10.2139/ssrn.3509130,Analysis of EEG Based Emotion Detection of DEAP and SEED-IV Databases Using SVM,2019,SSRN Electronic Journal,preprint,en,https://doi.org/10.2139/ssrn.3509130,,,,,
312,10.1016/j.patrec.2022.08.009,Emotion Recognition Based on Brain Connectivity Reservoir and Valence Lateralization for Cyber-Physical-Social Systems,2022,Pattern Recognition Letters,article,en,https://doi.org/10.1016/j.patrec.2022.08.009,,,,,
313,10.1007/978-3-030-04239-4_39,Continuous Convolutional Neural Network with 3D Input for EEG-Based Emotion Recognition,2018,Lecture notes in computer science,conference-paper,en,https://eprints.gla.ac.uk/333828/,,,,,
314,10.1109/tai.2025.3641576,Enhancing EEG Signal-Based Emotion Recognition With Synthetic Data: Diffusion Model Approach,2025,IEEE Transactions on Artificial Intelligence,article,en,http://arxiv.org/abs/2401.16878,,,,,
315,10.3390/computers9040095,Machine-Learning-Based Emotion Recognition System Using EEG Signals,2020,Computers,article,en,https://doi.org/10.3390/computers9040095,,,,,
316,10.1007/978-3-319-68600-4_25,Performance Comparison of Machine Learning Algorithms for EEG-Signal-Based Emotion Recognition,2017,Lecture notes in computer science,conference-paper,en,https://doi.org/10.1007/978-3-319-68600-4_25,,,,,
317,10.3390/app10051619,EEG-Based Emotion Recognition Using Logistic Regression with Gaussian Kernel and Laplacian Prior and Investigation of Critical Frequency Bands,2020,Applied Sciences,article,en,https://doi.org/10.3390/app10051619,,,,,
318,10.3390/biomimetics10030178,MSBiLSTM-Attention: EEG Emotion Recognition Model Based on Spatiotemporal Feature Fusion,2025,Biomimetics,article,en,https://doi.org/10.3390/biomimetics10030178,,,,,
319,10.1016/j.compbiomed.2022.105327,EEG-based emotion charting for Parkinson's disease patients using Convolutional Recurrent Neural Networks and cross dataset learning,2022,Computers in Biology and Medicine,article,en,https://doi.org/10.1016/j.compbiomed.2022.105327,,,,,
320,10.1007/978-981-96-6300-2_38,A Deep Convolutional Regression Network for EEG-Based Emotion Prediction and Classification Using Spatial-Spectral Features,2025,Lecture notes in networks and systems,conference-paper,en,https://doi.org/10.1007/978-981-96-6300-2_38,,,,,
321,10.1016/j.bspc.2025.107550,A coupling of common–private topological patterns learning approach for cross-subject emotion recognition,2025,Biomedical Signal Processing and Control,article,en,https://doi.org/10.1016/j.bspc.2025.107550,,,,,
322,10.1016/j.bspc.2022.103873,A deep subdomain associate adaptation network for cross-session and cross-subject EEG emotion recognition,2022,Biomedical Signal Processing and Control,article,en,https://doi.org/10.1016/j.bspc.2022.103873,,,,,
323,10.1007/s11571-025-10272-8,Conditional probabilistic-based domain adaptation for cross-subject EEG-based emotion recognition,2025,Cognitive Neurodynamics,article,en,https://pmc.ncbi.nlm.nih.gov/articles/PMC12133656/,,,,,
324,10.3389/fnins.2022.872311,The multiscale 3D convolutional network for emotion recognition based on electroencephalogram,2022,Frontiers in Neuroscience,article,en,https://doi.org/10.3389/fnins.2022.872311,,,,,
325,10.1109/tim.2024.3522413,A Novel Dual-Task Model for EEG-Based Emotion and Cognition Recognition,2024,IEEE Transactions on Instrumentation and Measurement,article,en,https://doi.org/10.1109/tim.2024.3522413,,,,,
326,10.1063/5.0231511,Dynamic domain adaptive EEG emotion recognition based on multi-source selection,2025,Review of Scientific Instruments,article,en,https://doi.org/10.1063/5.0231511,,,,,
327,10.3389/fnhum.2025.1445763,Cross-subject affective analysis based on dynamic brain functional networks,2025,Frontiers in Human Neuroscience,article,en,https://doi.org/10.3389/fnhum.2025.1445763,,,,,
328,10.1016/j.bspc.2023.104999,STILN: A novel spatial-temporal information learning network for EEG-based emotion recognition,2023,Biomedical Signal Processing and Control,article,en,https://doi.org/10.1016/j.bspc.2023.104999,,,,,
329,10.2139/ssrn.4913536,Electroencephalogram Emotion Recognition and Analysis Based on Feature Fusion And Stable Learning,2024,SSRN Electronic Journal,preprint,en,http://dx.doi.org/10.2139/ssrn.4913536,,,,,
330,10.4018/ijswis.337286,Channel Semantic Enhancement-Based Emotional Recognition Method Using SCLE-2D-CNN,2024,International Journal on Semantic Web and Information Systems,article,en,https://doi.org/10.4018/ijswis.337286,,,,,
331,10.1109/biocas.2019.8919038,An Edge AI System-on-Chip Design with Customized Convolutional-Neural-Network Architecture for Real-time EEG-Based Affective Computing System,2019,,conference-paper,en,https://doi.org/10.1109/biocas.2019.8919038,,,,,
332,10.1109/tcds.2018.2826840,Domain Adaptation Techniques for EEG-Based Emotion Recognition: A Comparative Study on Two Public Datasets,2018,IEEE Transactions on Cognitive and Developmental Systems,article,en,https://doi.org/10.1109/tcds.2018.2826840,,,,,
333,10.1155/2022/6238172,Research on Emotion Recognition of EEG Signal Based on Convolutional Neural Networks and High-Order Cross-Analysis,2022,Journal of Healthcare Engineering,article,en,https://doi.org/10.1155/2022/6238172,,,,,
334,10.3390/app14020702,Multi-Region and Multi-Band Electroencephalogram Emotion Recognition Based on Self-Attention and Capsule Network,2024,Applied Sciences,article,en,https://doi.org/10.3390/app14020702,,,,,
335,10.1007/978-3-030-39431-8_6,EEG-Based Emotion Estimate Using Shallow Fully Convolutional Neural Network with Boost Training Strategy,2020,Lecture notes in computer science,conference-paper,en,https://doi.org/10.1007/978-3-030-39431-8_6,,,,,
336,10.3390/brainsci13091293,EEG Emotion Recognition by Fusion of Multi-Scale Features,2023,Brain Sciences,article,en,https://doi.org/10.3390/brainsci13091293,,,,,
337,10.1109/icccnt56998.2023.10307526,Multi-Task Improve Domain Generalization in EEG-based Emotion Classification using Feature Fusion Learning Model,2023,,conference-paper,en,https://doi.org/10.1109/icccnt56998.2023.10307526,,,,,
338,10.1109/taffc.2022.3210441,PARSE: Pairwise Alignment of Representations in Semi-Supervised EEG Learning for Emotion Recognition,2022,IEEE Transactions on Affective Computing,article,en,https://doi.org/10.1109/taffc.2022.3210441,,,,,
339,10.1109/jbhi.2025.3594219,Enhancing the Reliability of Affective Brain-Computer Interfaces by Using Specifically Designed Confidence Estimator,2025,IEEE Journal of Biomedical and Health Informatics,article,en,https://doi.org/10.1109/jbhi.2025.3594219,,,,,
340,10.1109/jsen.2025.3553489,Adversarial Adaptation Neural Networks With Class-Informed Discriminator for EEG Emotion Recognition,2025,IEEE Sensors Journal,article,en,https://doi.org/10.1109/jsen.2025.3553489,,,,,
341,10.1109/embc46164.2021.9629837,Introducing Attention Mechanism for EEG Signals: Emotion Recognition with Vision Transformers,2021,2021 43rd Annual International Conference of the IEEE Engineering in Medicine &amp; Biology Society (EMBC),conference-paper,en,https://doi.org/10.1109/embc46164.2021.9629837,,,,,
342,10.1515/bmt-2019-0306,EEG-based emotion recognition with deep convolutional neural networks,2020,Biomedizinische Technik/Biomedical Engineering,article,en,https://doi.org/10.1515/bmt-2019-0306,,,,,
343,10.1016/j.compbiomed.2022.106344,Emotion recognition with residual network driven by spatial-frequency characteristics of EEG recorded from hearing-impaired adults in response to video clips,2022,Computers in Biology and Medicine,article,en,https://doi.org/10.1016/j.compbiomed.2022.106344,,,,,
344,10.3390/s21155092,EEG-Based Emotion Recognition by Convolutional Neural Network with Multi-Scale Kernels,2021,Sensors,article,en,https://doi.org/10.3390/s21155092,,,,,
345,10.48550/arxiv.1602.08225,Multimodal Emotion Recognition Using Multimodal Deep Learning,2016,arXiv (Cornell University),preprint,en,http://arxiv.org/abs/1602.08225,,,,,
346,10.1016/j.knosys.2023.110756,MTLFuseNet: A novel emotion recognition model based on deep latent feature fusion of EEG signals and multi-task learning,2023,Knowledge-Based Systems,article,en,https://doi.org/10.1016/j.knosys.2023.110756,,,,,
347,10.1142/s0219519424400116,SSDNet: A SEMISUPERVISED DEEP GENERATIVE ADVERSARIAL NETWORK FOR ELECTROENCEPHALOGRAM-BASED EMOTION RECOGNITION,2024,Journal of Mechanics in Medicine and Biology,article,en,https://doi.org/10.1142/s0219519424400116,,,,,
348,10.26599/bsa.2020.9050026,Video‐triggered EEG‐emotion public databases and current methods: A survey,2020,Brain Science Advances,article,en,https://doi.org/10.26599/bsa.2020.9050026,,,,,
349,10.3390/systems10060236,EEG-Based Emotion Recognition by Retargeted Semi-Supervised Regression with Robust Weights,2022,Systems,article,en,https://doi.org/10.3390/systems10060236,,,,,
350,10.1007/s12553-019-00394-5,Audio-visual stimulation based emotion classification by correlated EEG channels,2019,Health and Technology,article,en,https://doi.org/10.1007/s12553-019-00394-5,,,,,
351,10.1007/s11042-015-3119-y,Affect representation and recognition in 3D continuous valence–arousal–dominance space,2016,Multimedia Tools and Applications,article,en,https://doi.org/10.1007/s11042-015-3119-y,,,,,
352,10.3389/fnins.2024.1479570,HASTF: a hybrid attention spatio-temporal feature fusion network for EEG emotion recognition,2024,Frontiers in Neuroscience,article,en,https://doi.org/10.3389/fnins.2024.1479570,,,,,
353,10.1007/978-3-032-05162-2_65,Various Attention Mechanism Graph Convolutional Network with Multi-source Domain Adaptation for Cross-Subject EEG Emotion Recognition,2025,Lecture notes in computer science,conference-paper,en,https://doi.org/10.1007/978-3-032-05162-2_65,,,,,
354,10.1109/aicas.2019.8771581,Design of Intelligent EEG System for Human Emotion Recognition with Convolutional Neural Network,2019,,conference-paper,en,https://doi.org/10.1109/aicas.2019.8771581,,,,,
355,10.1109/iceem66692.2025.11225103,Deep Neural Modeling of Emotional States from Electroencephalographic Signals,2025,,conference-paper,,https://doi.org/10.1109/iceem66692.2025.11225103,,,,,
356,10.1109/ic2nc67409.2025.11376441,Cognitive Load-Aware AI Model for Optimizing English Reading Comprehension in Adaptive Learning Platforms,2025,,conference-paper,,https://doi.org/10.1109/ic2nc67409.2025.11376441,,,,,
357,10.1109/apscon56343.2023.10100977,Mental Stress Detection using EEG and Recurrent Deep Learning,2023,,conference-paper,en,https://doi.org/10.1109/apscon56343.2023.10100977,,,,,
358,10.1109/icdse47409.2019.8971484,Merged LSTM Model for emotion classification using EEG signals,2019,,conference-paper,en,https://doi.org/10.1109/icdse47409.2019.8971484,,,,,
359,10.1109/icbme.2018.8703559,Emotion Recognition with Machine Learning Using EEG Signals,2018,,conference-paper,en,http://arxiv.org/abs/1903.07272,,,,,
360,10.1109/icceai55464.2022.00146,Improved Graph Convolutional Neural Networks based on Granger Causality Analysis for EEG Emotion Recognition,2022,2022 International Conference on Computer Engineering and Artificial Intelligence (ICCEAI),conference-paper,en,https://doi.org/10.1109/icceai55464.2022.00146,,,,,
361,10.48550/arxiv.2512.18346,Cognitive Inference based Feature Pyramid Network for Sentimental Analysis using EEG Signals,2025,arXiv (Cornell University),preprint,,https://doi.org/10.48550/arxiv.2512.18346,,,,,
362,10.1109/aiiot65859.2025.11105339,Attention-Driven Adaptive Deep Canonical Correlation Analysis for Multimodal Sentiment Analysis with EEG and Eye Movement Data,2025,,conference-paper,en,https://doi.org/10.1109/aiiot65859.2025.11105339,,,,,
363,10.3390/bioengineering10010099,Emotional State Classification from MUSIC-Based Features of Multichannel EEG Signals,2023,Bioengineering,article,en,https://doi.org/10.3390/bioengineering10010099,,,,,
364,10.1109/icaiss55157.2022.10010827,Bi-Directional LSTM Classification of Emotions in EEG Signals,2022,2022 International Conference on Augmented Intelligence and Sustainable Systems (ICAISS),conference-paper,en,https://doi.org/10.1109/icaiss55157.2022.10010827,,,,,
365,10.1109/raaicon69033.2025.11502387,Ensemble Model for EEG-Based Emotion Recognition with Non-Linear Fractal Features in Smart Healthcare Automation,2025,,conference-paper,,https://doi.org/10.1109/raaicon69033.2025.11502387,,,,,
366,10.1016/j.bspc.2025.108231,Cross-subject emotion recognition by EEG driven spatio-temporal hybrid network based on domain adaptation and dynamic graph attention,2025,Biomedical Signal Processing and Control,article,en,https://doi.org/10.1016/j.bspc.2025.108231,,,,,
367,10.5281/zenodo.21556183,Implementation on EEG Imaginary Decoding Using Fast RCNN,2022,Zenodo (CERN European Organization for Nuclear Research),article,,https://doi.org/10.5281/zenodo.21556183,,,,,
368,10.3934/mbe.2023120,Emotion recognition of EEG signals based on variational mode decomposition and weighted cascade forest,2022,Mathematical Biosciences & Engineering,article,en,https://doi.org/10.3934/mbe.2023120,,,,,
369,10.1109/jsen.2024.3390799,Dynamic Stream Selection Network for Subject-Independent EEG-Based Emotion Recognition,2024,IEEE Sensors Journal,article,en,https://doi.org/10.1109/jsen.2024.3390799,,,,,
370,10.1109/civemsa45640.2019.9071594,A Computation Resource Friendly Convolutional Neural Network Engine For EEG-based Emotion Recognition,2019,,conference-paper,en,https://doi.org/10.1109/civemsa45640.2019.9071594,,,,,
371,10.1109/confluence56041.2023.10048851,Investigating the Effect of EEG Channel Selection on Inter-subject Emotion Classification,2023,,conference-paper,en,https://doi.org/10.1109/confluence56041.2023.10048851,,,,,
372,10.1109/icaia57370.2023.10169633,Three Dimensional Emotion State Classification based on EEG via Empirical Mode Decomposition,2023,,conference-paper,en,https://doi.org/10.1109/icaia57370.2023.10169633,,,,,
373,10.1109/icsp62129.2024.10845993,Enhancing Emotion Recognition in EEG Signals using Fractional Fourier Transform,2024,,conference-paper,en,https://doi.org/10.1109/icsp62129.2024.10845993,,,,,
374,10.1109/taffc.2025.3586444,SEED-MYA: A Novel Myanmar Multimodal Dataset for Enhancing Emotion Recognition,2025,IEEE Transactions on Affective Computing,article,en,https://doi.org/10.1109/taffc.2025.3586444,,,,,
375,10.1109/tnsre.2023.3266810,Dual-Encoder VAE-GAN With Spatiotemporal Features for Emotional EEG Data Augmentation,2023,IEEE Transactions on Neural Systems and Rehabilitation Engineering,article,en,https://doi.org/10.1109/tnsre.2023.3266810,,,,,
376,10.1109/tnnls.2023.3319315,Hybrid Network Using Dynamic Graph Convolution and Temporal Self-Attention for EEG-Based Emotion Recognition,2023,IEEE Transactions on Neural Networks and Learning Systems,article,en,https://doi.org/10.1109/tnnls.2023.3319315,,,,,
377,10.1016/j.measen.2025.101874,Selected channel based multiclass emotion classification from wearable human brain EEG signal,2025,Measurement Sensors,article,en,https://doi.org/10.1016/j.measen.2025.101874,,,,,
378,10.1007/978-3-030-00665-5_11,Emotion Analysis Through EEG and Peripheral Physiological Signals Using KNN Classifier,2019,Lecture notes in computational vision and biomechanics,conference-paper,en,https://doi.org/10.1007/978-3-030-00665-5_11,,,,,
379,10.1016/j.jad.2025.119397,HBUED: An EEG dataset for emotion recognition,2025,Journal of Affective Disorders,article,en,https://doi.org/10.1016/j.jad.2025.119397,,,,,
380,10.1080/10255842.2021.2007889,Hybrid hunt-based deep convolutional neural network for emotion recognition using EEG signals,2022,Computer Methods in Biomechanics & Biomedical Engineering,article,en,https://doi.org/10.1080/10255842.2021.2007889,,,,,
381,10.14569/ijacsa.2025.0160455,Understanding Brain Network Stimulation for Emotion Analyzing Connectivity Feature Map from Electroencephalography,2025,International Journal of Advanced Computer Science and Applications,article,en,https://doi.org/10.14569/ijacsa.2025.0160455,,,,,
382,10.1007/978-981-99-2362-5_12,Emotion Recognition of EEG Signals Based on Channel Attention Convolution Neural Network,2023,Lecture notes in electrical engineering,conference-paper,en,https://doi.org/10.1007/978-981-99-2362-5_12,,,,,
383,10.1186/s40537-025-01177-8,Application of supervised machine learning models in human emotion classification using Tsallis entropy as a feature,2025,Journal Of Big Data,article,en,https://doi.org/10.1186/s40537-025-01177-8,,,,,
384,10.48550/arxiv.2106.03461,Subject Independent Emotion Recognition using EEG Signals Employing Attention Driven Neural Networks,2021,arXiv (Cornell University),preprint,en,http://arxiv.org/abs/2106.03461,,,,,
385,10.1007/s11517-025-03479-8,Multi-source self-guided domain adaptation framework for EEG-based emotion recognition,2025,Medical & Biological Engineering & Computing,article,en,https://doi.org/10.1007/s11517-025-03479-8,,,,,
386,10.3389/fnins.2022.850906,Robust Latent Multi-Source Adaptation for Encephalogram-Based Emotion Recognition,2022,Frontiers in Neuroscience,article,en,https://doi.org/10.3389/fnins.2022.850906,,,,,
387,10.1109/stsiva.2014.7010181,Comparative analysis of physiological signals and electroencephalogram (EEG) for multimodal emotion recognition using generative models,2014,,conference-paper,en,https://doi.org/10.1109/stsiva.2014.7010181,,,,,
388,10.1109/tim.2022.3204314,A Multi-Dimensional Graph Convolution Network for EEG Emotion Recognition,2022,IEEE Transactions on Instrumentation and Measurement,article,en,https://doi.org/10.1109/tim.2022.3204314,,,,,
389,10.1109/bibm47256.2019.8982972,Individual Similarity Guided Transfer Modeling for EEG-based Emotion Recognition,2019,,conference-paper,en,https://doi.org/10.1109/bibm47256.2019.8982972,,,,,
390,10.1088/1742-6596/2024/1/012044,Emotion Prediction of EEG Signals based on 1D Convolutional Neural Network,2021,Journal of Physics Conference Series,conference-paper,en,https://doi.org/10.1088/1742-6596/2024/1/012044,,,,,
391,10.1051/itmconf/20171107006,Channel Division Based Multiple Classifiers Fusion for Emotion Recognition Using EEG signals,2017,ITM Web of Conferences,conference-paper,en,https://doi.org/10.1051/itmconf/20171107006,,,,,
392,10.3389/fnins.2021.677106,Multi-Source Co-adaptation for EEG-Based Emotion Recognition by Mining Correlation Information,2021,Frontiers in Neuroscience,article,en,https://doi.org/10.3389/fnins.2021.677106,,,,,
393,10.58564/ijser.4.2.2025.323,Harnessing Deep Learning for EEG Emotion Recognition: A Hybrid Approach with Attention Mechanisms,2025,Al-Iraqia Journal of Scientific Engineering Research,article,en,https://doi.org/10.58564/ijser.4.2.2025.323,,,,,
394,10.3390/s21144695,Impact of Visual Design Elements and Principles in Human Electroencephalogram Brain Activity Assessed with Spectral Methods and Convolutional Neural Networks,2021,Sensors,article,en,https://doi.org/10.3390/s21144695,,,,,
395,10.1007/978-981-96-4008-9_7,EEG-Based Emotion Recognition Using Genetic Algorithm Optimized Ensemble Model,2025,Lecture notes in networks and systems,conference-paper,en,https://doi.org/10.1007/978-981-96-4008-9_7,,,,,
396,10.1016/j.compbiomed.2024.108973,Temporal aware Mixed Attention-based Convolution and Transformer Network for cross-subject EEG emotion recognition,2024,Computers in Biology and Medicine,article,en,https://doi.org/10.1016/j.compbiomed.2024.108973,,,,,
397,10.1109/taffc.2020.2994159,EEG-Based Emotion Recognition Using Regularized Graph Neural Networks,2020,IEEE Transactions on Affective Computing,article,en,https://hdl.handle.net/10356/152723,,,,,
398,10.11591/ijeecs.v39.i3.pp1704-1713,Inertia factor and crossover strategy based particle swarm optimization for feature selection in emotion classification,2025,Indonesian Journal of Electrical Engineering and Computer Science,article,en,https://doi.org/10.11591/ijeecs.v39.i3.pp1704-1713,,,,,
399,10.1007/s11571-025-10394-z,SC-SDT: a framework with spectral convolution and spatial differential transformer for EEG-based emotion recognition,2025,Cognitive Neurodynamics,article,en,https://pmc.ncbi.nlm.nih.gov/articles/PMC12743045/,,,,,
400,10.2139/ssrn.4502424,Improving Eeg Signal-Based Emotion Recognition Using a Hybrid Gwo-Xgboost Feature Selection Method,2023,SSRN Electronic Journal,preprint,en,https://doi.org/10.2139/ssrn.4502424,,,,,
401,10.23919/ccc50068.2020.9188573,EEG Feature Selection for Emotion Recognition Based on Cross-subject Recursive Feature Elimination,2020,,conference-paper,en,https://doi.org/10.23919/ccc50068.2020.9188573,,,,,
402,10.1109/cw.2012.15,EEG-based Valence Level Recognition for Real-Time Applications,2012,,conference-paper,en,https://doi.org/10.1109/cw.2012.15,,,,,
403,10.1016/j.bspc.2023.105138,Learning a robust unified domain adaptation framework for cross-subject EEG-based emotion recognition,2023,Biomedical Signal Processing and Control,article,en,https://doi.org/10.1016/j.bspc.2023.105138,,,,,
404,10.3390/brainsci14080817,CSA-SA-CRTNN: A Dual-Stream Adaptive Convolutional Cyclic Hybrid Network Combining Attention Mechanisms for EEG Emotion Recognition,2024,Brain Sciences,article,en,https://doi.org/10.3390/brainsci14080817,,,,,
405,10.3389/fnhum.2024.1324897,Music emotion recognition based on temporal convolutional attention network using EEG,2024,Frontiers in Human Neuroscience,article,en,https://doi.org/10.3389/fnhum.2024.1324897,,,,,
406,10.1109/taffc.2025.3614727,Quantifying Emotional Patterns for EEG-Based Emotion Recognition: An Interpretable Study on EEG Individual Differences,2025,IEEE Transactions on Affective Computing,article,en,https://doi.org/10.1109/taffc.2025.3614727,,,,,
407,10.1145/3453892.3461338,GAN-Based Data Augmentation For Improving The Classification Of EEG Signals,2021,,conference-paper,en,https://cris.maastrichtuniversity.nl/en/publications/86bcb9f5-f956-4ef2-baf6-8b9945d7c27e,,,,,
408,10.3389/fnins.2025.1704476,RS-STGCN: Regional-Synergy Spatio-Temporal Graph Convolutional Network for emotion recognition,2025,Frontiers in Neuroscience,article,en,https://doi.org/10.3389/fnins.2025.1704476,,,,,
409,10.1109/icfsp67350.2025.11353839,Cross-Subject and Cross-Session Continual Adaptation of EEG Signals Using Temporal Context Encoding,2025,,conference-paper,,https://doi.org/10.1109/icfsp67350.2025.11353839,,,,,
410,10.1007/978-981-16-2597-8_43,A One-Dimensional CNN Model for Subject Independent Emotion Recognition Using EEG Signals,2021,Advances in intelligent systems and computing,book-chapter,en,https://doi.org/10.1007/978-981-16-2597-8_43,,,,,
411,10.36227/techrxiv.24605445,Asymmetric Windowing Recurrence Plots on Input Formulation for Human Emotion Recognition,2023,,preprint,en,http://dx.doi.org/10.36227/techrxiv.24605445,,,,,
412,10.1016/j.bspc.2024.107432,EEG-based emotion recognition based on 4D feature representations and multiple attention mechanisms,2025,Biomedical Signal Processing and Control,article,en,https://doi.org/10.1016/j.bspc.2024.107432,,,,,
413,10.3390/brainsci13070977,Subject-Independent EEG Emotion Recognition Based on Genetically Optimized Projection Dictionary Pair Learning,2023,Brain Sciences,article,en,https://doi.org/10.3390/brainsci13070977,,,,,
414,10.1109/iscon57294.2023.10112028,FedCER - Emotion Recognition Using 2D-CNN in Decentralized Federated Learning Environment,2023,,conference-paper,en,https://doi.org/10.1109/iscon57294.2023.10112028,,,,,
415,10.3389/fict.2017.00001,Toolbox for Emotional feAture extraction from Physiological signals (TEAP),2017,Frontiers in ICT,article,en,https://doi.org/10.3389/fict.2017.00001,,,,,
416,10.2139/ssrn.4331057,Adaptive Neural Decision Tree For Eeg Based Emotion Recognition,2023,SSRN Electronic Journal,preprint,en,https://doi.org/10.2139/ssrn.4331057,,,,,
417,10.1109/tetci.2024.3449926,Distillation-Based Domain Generalization for Cross-Dataset EEG-Based Emotion Recognition,2024,IEEE Transactions on Emerging Topics in Computational Intelligence,article,en,https://doi.org/10.1109/tetci.2024.3449926,,,,,
418,10.4018/ijssci.2018010102,SOM-Based Class Discovery for Emotion Detection Based on DEAP Dataset,2018,International Journal of Software Science and Computational Intelligence,article,en,https://doi.org/10.4018/ijssci.2018010102,,,,,
419,10.1016/j.neucom.2023.126262,Progressive graph convolution network for EEG emotion recognition,2023,Neurocomputing,article,en,https://doi.org/10.1016/j.neucom.2023.126262,,,,,
420,10.1109/ehb47216.2019.8969881,Cross-subjects Emotions Classification from EEG Signals using a Hierarchical LSTM based Classifier,2019,,conference-paper,en,https://doi.org/10.1109/ehb47216.2019.8969881,,,,,
421,10.1145/3193063.3193067,Human Emotion Classification from Brain EEG Signal Using Multimodal Approach of Classifier,2018,,conference-paper,en,https://doi.org/10.1145/3193063.3193067,,,,,
422,10.1109/icbsii51839.2021.9445187,Emotional Classification of EEG Signal using Image Encoding and Deep Learning,2021,,conference-paper,en,https://doi.org/10.1109/icbsii51839.2021.9445187,,,,,
423,10.1109/jsen.2025.3616343,"Enhancing EEG-Based Emotion Recognition Using Sparse Dynamic Graph CNN With ℓ 2,1 -Norm",2025,IEEE Sensors Journal,article,en,https://doi.org/10.1109/jsen.2025.3616343,,,,,
424,10.1080/1206212x.2024.2417847,Advanced functional connectivity analysis with integrated EEG signal enhancement and GTW-EEG-GAN for emotion detection,2024,International Journal of Computers and Applications,article,en,https://doi.org/10.1080/1206212x.2024.2417847,,,,,
425,10.1109/tnnls.2024.3405663,An Efficient Graph Learning System for Emotion Recognition Inspired by the Cognitive Prior Graph of EEG Brain Network,2024,IEEE Transactions on Neural Networks and Learning Systems,article,en,https://doi.org/10.1109/tnnls.2024.3405663,,,,,
426,10.1109/ijcb65343.2025.11411107,Swin Transformer-Based Temporal-Channel Network for Cross-Subject EEG Emotion Classification,2025,,conference-paper,,https://doi.org/10.1109/ijcb65343.2025.11411107,,,,,
427,10.1109/biocas67066.2025.00158,An Emotion Detection Method with Multimodal Data Alignment Approach and Lightweight Spectral-Spatial Attention Mechanism,2025,,conference-paper,,https://doi.org/10.1109/biocas67066.2025.00158,,,,,
428,10.3390/s24113464,EEG Emotion Recognition Network Based on Attention and Spatiotemporal Convolution,2024,Sensors,article,en,https://doi.org/10.3390/s24113464,,,,,
429,10.1007/s11042-022-13149-8,Multimodal emotion recognition based on manifold learning and convolution neural network,2022,Multimedia Tools and Applications,article,en,https://doi.org/10.1007/s11042-022-13149-8,,,,,
430,10.17605/osf.io/gwfyn,Neural-Autonomic Synchrony and Embodied Integration,2025,,preprint,en,https://doi.org/10.17605/osf.io/gwfyn,,,,,
431,10.1109/wiecon-ece69386.2025.11526428,Comparative Study of Stand-Alone and Hybrid Deep Learning Models for EEG Signal-Based Emotion Classification,2025,,conference-paper,,https://doi.org/10.1109/wiecon-ece69386.2025.11526428,,,,,
432,10.1109/access.2023.3270177,Emotion Recognition Using Narrowband Spatial Features of Electroencephalography,2023,IEEE Access,article,en,https://doi.org/10.1109/access.2023.3270177,,,,,
433,10.1007/978-981-99-3010-4_23,A Novel Dataframe Creation and 1D CNN Model for Subject-Independent Emotion Classification from Raw EEG,2023,Lecture notes in networks and systems,conference-paper,en,https://doi.org/10.1007/978-981-99-3010-4_23,,,,,
434,10.1109/bibm58861.2023.10385996,MEEG-Transformer: Transformer Network based on Multi-domain EEG for Emotion Recognition,2023,,conference-paper,en,https://doi.org/10.1109/bibm58861.2023.10385996,,,,,
435,10.1109/pic.2018.8706140,An Emotion Recognition Method Based on Selective Gated Recurrent Unit,2018,,conference-paper,en,https://doi.org/10.1109/pic.2018.8706140,,,,,
436,10.1080/0952813x.2023.2301367,A hybrid sequential forward channel selection method for enhancing EEG-Based emotion recognition,2024,Journal of Experimental & Theoretical Artificial Intelligence,article,en,https://doi.org/10.1080/0952813x.2023.2301367,,,,,
437,10.1109/khi-htc60760.2024.10481938,EEG-Based Human Emotion Recognition Using Deep Learning,2024,,conference-paper,en,https://doi.org/10.1109/khi-htc60760.2024.10481938,,,,,
438,10.1109/jsen.2022.3168572,An EEG Data Processing Approach for Emotion Recognition,2022,IEEE Sensors Journal,article,en,https://doi.org/10.1109/jsen.2022.3168572,,,,,
439,10.1117/12.3056974,JDAT: joint-dimension-aware transformer with strong flexibility for EEG emotion recognition,2025,,conference-paper,en,https://doi.org/10.1117/12.3056974,,,,,
440,10.1007/s11257-024-09424-y,A contrastive self-supervised learning method for source-free EEG emotion recognition,2025,User Modeling and User-Adapted Interaction,article,en,https://doi.org/10.1007/s11257-024-09424-y,,,,,
441,10.1007/978-981-16-7952-0_30,Emotional Recognition System Using EEG and Psycho Physiological Signals,2022,Lecture notes in networks and systems,book-chapter,en,https://doi.org/10.1007/978-981-16-7952-0_30,,,,,
442,10.3390/fi11050105,Combining Facial Expressions and Electroencephalography to Enhance Emotion Recognition,2019,Future Internet,article,en,https://doi.org/10.3390/fi11050105,,,,,
443,10.20944/preprints202507.1418.v1,Multi-Scale Temporal Fusion Network for Real-Time Multimodal Emotion Recognition in IoT Environments,2025,Preprints.org,preprint,en,https://doi.org/10.20944/preprints202507.1418.v1,,,,,
444,10.3390/app151910671,FREQ-EER: A Novel Frequency-Driven Ensemble Framework for Emotion Recognition and Classification of EEG Signals,2025,Applied Sciences,article,en,https://doi.org/10.3390/app151910671,,,,,
445,10.1016/j.compbiomed.2025.110277,Spatio-temporal CNN-BiLSTM dynamic approach to emotion recognition based on EEG signal,2025,Computers in Biology and Medicine,article,en,https://doi.org/10.1016/j.compbiomed.2025.110277,,,,,
446,10.1109/taffc.2018.2854168,Empirical Evidence Relating EEG Signal Duration to Emotion Classification Performance,2018,IEEE Transactions on Affective Computing,article,en,https://doi.org/10.1109/taffc.2018.2854168,,,,,
447,10.1109/taffc.2024.3524418,From EEG to Eye Movements: Cross-Modal Emotion Recognition Using Constrained Adversarial Network With Dual Attention,2024,IEEE Transactions on Affective Computing,article,en,https://doi.org/10.1109/taffc.2024.3524418,,,,,
448,10.1109/iaeac54830.2022.9929699,EEG emotion recognition based on knowledge distillation optimized residual networks,2022,"2022 IEEE 6th Advanced Information Technology, Electronic and Automation Control Conference (IAEAC )",conference-paper,en,https://doi.org/10.1109/iaeac54830.2022.9929699,,,,,
449,10.1145/3474085.3475403,SFE-Net: EEG-based Emotion Recognition with Symmetrical Spatial Feature Extraction,2021,,conference-paper,en,https://doi.org/10.1145/3474085.3475403,,,,,
450,10.1007/978-3-031-53827-8_9,GenEmo-Net: Generalizable Emotion Recognition Using Brain Functional Connections Based Neural Network,2024,Lecture notes in computer science,conference-paper,en,https://doi.org/10.1007/978-3-031-53827-8_9,,,,,
451,10.2139/ssrn.4394430,FLER-Net: Federated Learning for Emotion Recognition Using EEG Signals and Dense Neural Networks,2023,SSRN Electronic Journal,preprint,en,https://doi.org/10.2139/ssrn.4394430,,,,,
452,10.3390/app14146175,High-Accuracy Classification of Multiple Distinct Human Emotions Using EEG Differential Entropy Features and ResNet18,2024,Applied Sciences,article,en,https://doi.org/10.3390/app14146175,,,,,
453,10.1109/aic66080.2025.11212109,Optimization Accuracy of Mental Stress Detection Using Supervised Machine Learning,2025,,conference-paper,,https://doi.org/10.1109/aic66080.2025.11212109,,,,,
454,10.48550/arxiv.2406.08081,CLDTA: Contrastive Learning based on Diagonal Transformer Autoencoder for Cross-Dataset EEG Emotion Recognition,2024,arXiv (Cornell University),preprint,en,http://arxiv.org/abs/2406.08081,,,,,
455,10.1007/978-3-031-75596-5_12,A CNN Approach in Building EEG-Based Emotion Recognition System for AIoT Applications,2024,Lecture notes on data engineering and communications technologies,conference-paper,en,https://doi.org/10.1007/978-3-031-75596-5_12,,,,,
456,10.3390/s16101558,ReliefF-Based EEG Sensor Selection Methods for Emotion Recognition,2016,Sensors,article,en,https://doi.org/10.3390/s16101558,,,,,
457,10.3389/fnbot.2019.00037,SAE+LSTM: A New Framework for Emotion Recognition From Multi-Channel EEG,2019,Frontiers in Neurorobotics,article,en,https://doi.org/10.3389/fnbot.2019.00037,,,,,
458,10.5281/zenodo.19447746,Advanced Signal Processing for Cognitive Neurosciences,2015,Zenodo (CERN European Organization for Nuclear Research),article,,https://doi.org/10.5281/zenodo.19447746,,,,,
459,10.1016/j.procs.2025.09.369,SCLCM: Simple Contrastive Learning based Convolutional Model for EEG Emotion Recognition,2025,Procedia Computer Science,conference-paper,en,https://doi.org/10.1016/j.procs.2025.09.369,,,,,
460,10.1109/inmic65900.2025.11348199,A Hybrid Eeg Based Emotion Recognition with Dimensionality Reduction and Ensemble Learning,2025,,conference-paper,,https://doi.org/10.1109/inmic65900.2025.11348199,,,,,
461,10.1109/embc46164.2021.9630195,EEG-based Emotion Recognition Using Graph Convolutional Network with Learnable Electrode Relations,2021,2021 43rd Annual International Conference of the IEEE Engineering in Medicine &amp; Biology Society (EMBC),conference-paper,en,https://doi.org/10.1109/embc46164.2021.9630195,,,,,
462,10.1007/s40747-024-01682-y,Emotional recognition of EEG signals utilizing residual structure fusion in bi-directional LSTM,2024,Complex & Intelligent Systems,article,en,https://doi.org/10.1007/s40747-024-01682-y,,,,,
463,10.1109/access.2023.3268233,Improving Emotion Recognition Systems by Exploiting the Spatial Information of EEG Sensors,2023,IEEE Access,article,en,https://doi.org/10.1109/access.2023.3268233,,,,,
464,10.1109/icdsp.2016.7868619,The role of data balancing for emotion classification using EEG signals,2016,,conference-paper,en,https://doi.org/10.1109/icdsp.2016.7868619,,,,,
465,10.1016/j.cmpb.2023.107380,EEG emotion recognition using improved graph neural network with channel selection,2023,Computer Methods and Programs in Biomedicine,article,en,https://doi.org/10.1016/j.cmpb.2023.107380,,,,,
466,10.1109/iconat66879.2025.11362656,Deep Electroencephalogram Emotion Classification Using Feature Extraction and Attention Mechanisms,2025,,conference-paper,,https://doi.org/10.1109/iconat66879.2025.11362656,,,,,
467,10.1007/978-3-032-05162-2_58,ShareLink: Neuro-Inspired EEG-Based Cross-Subject Emotion Recognition via Shared Bi-hemisphere,2025,Lecture notes in computer science,conference-paper,en,https://doi.org/10.1007/978-3-032-05162-2_58,,,,,
468,10.1109/ainit61980.2024.10581690,Study on EEG Classification Characteristics Induced by Emotional Music,2024,,conference-paper,en,https://doi.org/10.1109/ainit61980.2024.10581690,,,,,
469,10.1016/j.bspc.2024.107435,Lightweight CNN-CBAM-BiLSTM EEG emotion recognition based on multiband DE features,2024,Biomedical Signal Processing and Control,article,en,https://doi.org/10.1016/j.bspc.2024.107435,,,,,
470,10.1007/s11571-024-10193-y,Multi-view domain adaption based multi-scale convolutional conditional invertible discriminator for cross-subject electroencephalogram emotion recognition,2025,Cognitive Neurodynamics,article,en,https://pubmed.ncbi.nlm.nih.gov/39816216/,,,,,
471,10.48550/arxiv.2105.13987,ScalingNet: extracting features from raw EEG data for emotion recognition,2021,arXiv (Cornell University),preprint,en,http://arxiv.org/abs/2105.13987,,,,,
472,10.1109/icsp56322.2022.9965334,Emotion Recognition from EEG Signal Using CA-GCN,2022,,conference-paper,en,https://doi.org/10.1109/icsp56322.2022.9965334,,,,,
473,10.48550/arxiv.2510.17475,DAMSDAN: Distribution-Aware Multi-Source Domain Adaptation Network for Cross-Domain EEG-based Emotion Recognition,2025,arXiv (Cornell University),preprint,,http://arxiv.org/abs/2510.17475,,,,,
474,10.3389/fnhum.2024.1471634,Domain adaptation spatial feature perception neural network for cross-subject EEG emotion recognition,2024,Frontiers in Human Neuroscience,article,en,https://doi.org/10.3389/fnhum.2024.1471634,,,,,
475,10.1016/j.eswa.2025.129855,EEG-based emotion identification from nerve conduction mechanisms: A gustatory-emotion coupling model combined with multiblock attention module,2025,Expert Systems with Applications,article,en,https://doi.org/10.1016/j.eswa.2025.129855,,,,,
476,10.1109/tnsre.2022.3175464,OGSSL: A Semi-Supervised Classification Model Coupled With Optimal Graph Learning for EEG Emotion Recognition,2022,IEEE Transactions on Neural Systems and Rehabilitation Engineering,article,en,https://doi.org/10.1109/tnsre.2022.3175464,,,,,
477,10.1109/tim.2025.3565702,Linear–Nonlinear Feature Reconstruction Network for Emotion Recognition From Brain Functional Connectivity,2025,IEEE Transactions on Instrumentation and Measurement,article,en,https://doi.org/10.1109/tim.2025.3565702,,,,,
478,10.1007/s00779-017-1072-7,Towards emotion recognition for virtual environments: an evaluation of eeg features on benchmark dataset,2017,Personal and Ubiquitous Computing,article,en,https://doi.org/10.1007/s00779-017-1072-7,,,,,
479,,Emotion Recognition Based on EEG using DEAP Dataset,2021,European Journal of Molecular & Clinical Medicine,article,en,https://ejmcm.com/article_11758_d706b279ab7d303fdd8bb752c1bb8391.pdf,,,,,
480,10.21203/rs.3.rs-1965733/v1,Emotion recognition based on group phase locking value using convolutional neural network,2022,Research Square,preprint,en,https://doi.org/10.21203/rs.3.rs-1965733/v1,,,,,
481,10.1109/icccee55951.2023.10424432,A Review on Face Emotion Recognition using EEG Features and Facial Features,2023,,conference-paper,en,https://doi.org/10.1109/icccee55951.2023.10424432,,,,,
482,10.1117/12.3053037,Emotion classification based on EEG wavelet features and LSTM network,2025,,conference-paper,en,https://doi.org/10.1117/12.3053037,,,,,
483,10.1007/978-3-662-43790-2_11,Real-Time Subject-Dependent EEG-Based Emotion Recognition Algorithm,2014,Lecture notes in computer science,conference-paper,en,https://doi.org/10.1007/978-3-662-43790-2_11,,,,,
484,10.1109/upcon56432.2022.9986366,Automatic EEG Based Emotion Recognition Using Extreme Learning Machine,2022,"2022 IEEE 9th Uttar Pradesh Section International Conference on Electrical, Electronics and Computer Engineering (UPCON)",conference-paper,en,https://doi.org/10.1109/upcon56432.2022.9986366,,,,,
485,10.1088/2057-1976/ae1dfd,BrainEmoNet: emotion recognition network based on brain function asymmetry,2025,Biomedical Physics & Engineering Express,article,en,https://doi.org/10.1088/2057-1976/ae1dfd,,,,,
486,10.1109/bibm66473.2025.11356854,Geometry-Aware Graph Transformer for EEG-Based Emotion Recognition,2025,,conference-paper,,https://doi.org/10.1109/bibm66473.2025.11356854,,,,,
487,10.1145/3330393.3330408,Identification of Emotional Valences via Memory-Informed Deep Neural Network with Entropy Features,2019,,conference-paper,en,https://doi.org/10.1145/3330393.3330408,,,,,
488,10.1109/icicml67980.2025.11333790,Miner Emotion Recognition Algorithm Based on Multi-Biosignal Spatial Correlation and Dual-Stream Deep Fusion Network,2025,,conference-paper,,https://doi.org/10.1109/icicml67980.2025.11333790,,,,,
489,,Classification of Human Emotion from Deap EEG Signal Using Hybrid Improved Neural Networks with Cuckoo Search,2016,DOAJ (DOAJ: Directory of Open Access Journals),article,en,https://doaj.org/article/22975cf222b2413e87b67d185a5ef8ef,,,,,
490,10.1016/j.dsp.2023.104278,Emotion recognition from multiple physiological signals using intra- and inter-modality attention fusion network,2023,Digital Signal Processing,article,en,https://doi.org/10.1016/j.dsp.2023.104278,,,,,
491,10.1109/ccssta62096.2024.10691717,Emotion Recognition of EEG Signals Based on CRNN+MCSNet,2024,,conference-paper,en,https://doi.org/10.1109/ccssta62096.2024.10691717,,,,,
492,10.1109/taffc.2025.3639182,EEG-Based Fear Detection in Women,2025,IEEE Transactions on Affective Computing,article,,https://doi.org/10.1109/taffc.2025.3639182,,,,,
493,,Transformers for EEG Emotion Recognition.,2021,arXiv (Cornell University),preprint,en,https://arxiv.org/pdf/2110.06553.pdf,,,,,
494,10.1016/j.bspc.2023.104620,SEER-net: Simple EEG-based Recognition network,2023,Biomedical Signal Processing and Control,article,en,https://doi.org/10.1016/j.bspc.2023.104620,,,,,
495,10.1016/j.eswa.2024.125420,Interactive multi-agent convolutional broad learning system for EEG emotion recognition,2024,Expert Systems with Applications,article,en,https://doi.org/10.1016/j.eswa.2024.125420,,,,,
496,10.1109/access.2022.3155647,Deep Learning Model With Adaptive Regularization for EEG-Based Emotion Recognition Using Temporal and Frequency Features,2022,IEEE Access,article,en,https://doi.org/10.1109/access.2022.3155647,,,,,
497,10.1109/access.2024.3375393,A Random Forest Weights and 4-Dimensional Convolutional Recurrent Neural Network for EEG Based Emotion Recognition,2024,IEEE Access,article,en,https://doi.org/10.1109/access.2024.3375393,,,,,
498,10.1109/embc.2016.7591731,Identification of emotion associated brain functional network with phase locking value,2016,,conference-paper,en,https://doi.org/10.1109/embc.2016.7591731,,,,,
499,10.2139/ssrn.5740986,HCF-Net: A Hierarchical Co-evolutionary Fusion Network for Continuous Affective State Estimation from Synergistic EEG-ECG Dynamics,2025,SSRN Electronic Journal,preprint,,https://doi.org/10.2139/ssrn.5740986,,,,,
500,10.1093/sleep/zsae067.0933,0933 Dreaming Under Anesthesia Occurs During Pre-emergence State,2024,SLEEP,article,en,https://doi.org/10.1093/sleep/zsae067.0933,,,,,
501,10.1109/mosicom63082.2024.10881605,Advancing Emotion Detection through Dual-Channel EEG and Peripheral Physiological Signal Integration,2024,,conference-paper,en,https://doi.org/10.1109/mosicom63082.2024.10881605,,,,,
502,10.1109/apci65531.2025.11137282,EEG Based Emotion Recognition using Uniform LBP,2025,,conference-paper,en,https://doi.org/10.1109/apci65531.2025.11137282,,,,,
503,10.1016/j.bspc.2024.106249,AC-CfC: An attention-based convolutional closed-form continuous-time neural network for raw multi-channel EEG-based emotion recognition,2024,Biomedical Signal Processing and Control,article,en,https://doi.org/10.1016/j.bspc.2024.106249,,,,,
504,10.1109/indicon56171.2022.10040075,Time-Varying Graph Signal Processing Based Cross-Subject Emotion Classification from Multi-Electrode EEG Signals,2022,2022 IEEE 19th India Council International Conference (INDICON),conference-paper,en,https://doi.org/10.1109/indicon56171.2022.10040075,,,,,
505,10.21203/rs.3.rs-2939343/v1,EEG Signal Based Multi Class Emotion Recognition using Hybrid 1D-CNN and GRU,2023,Research Square,preprint,en,https://doi.org/10.21203/rs.3.rs-2939343/v1,,,,,
506,10.48550/arxiv.2004.01973,Investigating EEG-Based Functional Connectivity Patterns for Multimodal Emotion Recognition,2020,arXiv (Cornell University),preprint,en,http://arxiv.org/abs/2004.01973,,,,,
507,10.1109/access.2020.3012900,BioCNN: A Hardware Inference Engine for EEG-Based Emotion Detection,2020,IEEE Access,article,en,https://doi.org/10.1109/access.2020.3012900,,,,,
508,10.1016/j.bspc.2025.108926,DenseNet-based EEG emotion recognition model integrating multi-scale feature fusion and channel optimization,2025,Biomedical Signal Processing and Control,article,en,https://doi.org/10.1016/j.bspc.2025.108926,,,,,
509,10.1063/5.0117967,EEG channel selection using spatial selection for emotion classification,2023,AIP conference proceedings,conference-paper,en,https://doi.org/10.1063/5.0117967,,,,,
510,10.1109/embc46164.2021.9629850,DW-FBCSP: EEG emotion recognition algorithm based on scale distance weighted optimization,2021,2021 43rd Annual International Conference of the IEEE Engineering in Medicine &amp; Biology Society (EMBC),conference-paper,en,https://doi.org/10.1109/embc46164.2021.9629850,,,,,
511,10.1007/978-981-97-2031-6_23,Convolutional-LSTM Network for Emotion Recognition Using EEG Data in Valence-Arousal Dimension,2024,Lecture notes in networks and systems,conference-paper,en,https://doi.org/10.1007/978-981-97-2031-6_23,,,,,
512,10.21817/indjcse/2022/v13i1/221301095,EMOTION RECOGNITION BASED ON EEG FEATURES WITH VARIOUS BRAIN REGIONS,2022,Indian Journal of Computer Science and Engineering,article,en,https://doi.org/10.21817/indjcse/2022/v13i1/221301095,,,,,
513,10.1145/3334480.3381446,Emotion Recognition based BCI using Channel-wise Features,2020,,conference-paper,en,https://doi.org/10.1145/3334480.3381446,,,,,
514,10.1016/j.eswa.2025.129222,Multi-view multi-scale adapter squeeze excitation network with domain generalization for cross-subject emotion recognition,2025,Expert Systems with Applications,article,en,https://doi.org/10.1016/j.eswa.2025.129222,,,,,
515,10.3390/app151910370,Determining Levels of Affective States with Riemannian Geometry Applied to EEG Signals,2025,Applied Sciences,article,en,https://doi.org/10.3390/app151910370,,,,,
516,10.1109/tcss.2024.3519300,MMDA: A Multimodal and Multisource Domain Adaptation Method for Cross-Subject Emotion Recognition From EEG and Eye Movement Signals,2024,IEEE Transactions on Computational Social Systems,article,en,https://doi.org/10.1109/tcss.2024.3519300,,,,,
517,10.1109/jbhi.2022.3232514,Bi-CapsNet: A Binary Capsule Network for EEG-Based Emotion Recognition,2022,IEEE Journal of Biomedical and Health Informatics,article,en,https://doi.org/10.1109/jbhi.2022.3232514,,,,,
518,10.1007/s11042-020-08714-y,Empirical analysis of deep learning networks for affective video tagging,2020,Multimedia Tools and Applications,article,en,https://doi.org/10.1007/s11042-020-08714-y,,,,,
519,10.48550/arxiv.1601.02197,Identifying Stable Patterns over Time for Emotion Recognition from EEG,2016,arXiv (Cornell University),preprint,en,http://arxiv.org/abs/1601.02197,,,,,
520,10.3389/fnhum.2023.1169949,STGATE: Spatial-temporal graph attention network with a transformer encoder for EEG-based emotion recognition,2023,Frontiers in Human Neuroscience,article,en,https://doi.org/10.3389/fnhum.2023.1169949,,,,,
521,10.1145/3745034.3745062,Ultra-Lightweight BNN for Real-Time EEG Emotion Recognition on Wearable Devices,2025,,conference-paper,en,https://doi.org/10.1145/3745034.3745062,,,,,
522,10.1007/s11063-022-11120-0,Emotion Recognition on EEG Signal Using ResNeXt Attention 2D-3D Convolution Neural Networks,2022,Neural Processing Letters,article,en,https://doi.org/10.1007/s11063-022-11120-0,,,,,
523,10.1109/bigdia53151.2021.9619674,Multi feature fusion EEG emotion recognition,2021,,conference-paper,en,https://doi.org/10.1109/bigdia53151.2021.9619674,,,,,
524,10.1109/tim.2022.3205894,Normal Inverse Gaussian Features for EEG-Based Automatic Emotion Recognition,2022,IEEE Transactions on Instrumentation and Measurement,article,en,https://doi.org/10.1109/tim.2022.3205894,,,,,
525,10.1109/embc53108.2024.10781700,Transformer-Based Emotion Recognition with EEG,2024,,conference-paper,en,https://doi.org/10.1109/embc53108.2024.10781700,,,,,
526,10.31083/j.jin2206146,AGL-Net: An Efficient Neural Network for EEG-Based Driver Fatigue Detection,2023,Journal of Integrative Neuroscience,article,en,https://doi.org/10.31083/j.jin2206146,,,,,
527,10.1109/icoiact.2018.8350673,Wavelet based-analysis of alpha rhythm on EEG signal,2018,2018 International Conference on Information and Communications Technology (ICOIACT),conference-paper,en,https://doi.org/10.1109/icoiact.2018.8350673,,,,,
528,10.3389/fnsys.2020.00043,EEG-Based Emotion Classification Using a Deep Neural Network and Sparse Autoencoder,2020,Frontiers in Systems Neuroscience,article,en,https://doi.org/10.3389/fnsys.2020.00043,,,,,
529,10.1109/tnnls.2023.3238519,Effective Emotion Recognition by Learning Discriminative Graph Topologies in EEG Brain Networks,2023,IEEE Transactions on Neural Networks and Learning Systems,article,en,https://doi.org/10.1109/tnnls.2023.3238519,,,,,
530,10.1007/978-3-030-92310-5_24,A Cross-subject and Cross-modal Model for Multimodal Emotion Recognition,2021,Communications in computer and information science,conference-paper,en,https://doi.org/10.1007/978-3-030-92310-5_24,,,,,
531,10.1109/embc48229.2022.9871012,MEMD-HHT based Emotion Detection from EEG using 3D CNN,2022,2022 44th Annual International Conference of the IEEE Engineering in Medicine &amp; Biology Society (EMBC),conference-paper,en,https://doi.org/10.1109/embc48229.2022.9871012,,,,,
532,10.1109/jsen.2021.3135953,Ensemble Machine Learning-Based Affective Computing for Emotion Recognition Using Dual-Decomposed EEG Signals,2021,IEEE Sensors Journal,article,en,https://doi.org/10.1109/jsen.2021.3135953,,,,,
533,10.1109/tcyb.2025.3550191,AdamGraph: Adaptive Attention-Modulated Graph Network for EEG Emotion Recognition,2025,IEEE Transactions on Cybernetics,article,en,https://doi.org/10.1109/tcyb.2025.3550191,,,,,
534,10.1016/j.jneumeth.2023.110008,DSE-Mixer: A pure multilayer perceptron network for emotion recognition from EEG feature maps,2023,Journal of Neuroscience Methods,article,en,https://doi.org/10.1016/j.jneumeth.2023.110008,,,,,
535,10.1080/10255842.2023.2286918,A fine-tuning deep residual convolutional neural network for emotion recognition based on frequency-channel matrices representation of one-dimensional electroencephalography,2023,Computer Methods in Biomechanics & Biomedical Engineering,article,en,https://doi.org/10.1080/10255842.2023.2286918,,,,,
536,10.1016/j.eswa.2020.113768,Locally robust EEG feature selection for individual-independent emotion recognition,2020,Expert Systems with Applications,article,en,https://doi.org/10.1016/j.eswa.2020.113768,,,,,
537,10.17762/ijritcc.v11i8s.7175,A Comparative Analysis of EEG-based Stress Detection Utilizing Machine Learning and Deep Learning Classifiers with a Critical Literature Review,2023,International Journal on Recent and Innovation Trends in Computing and Communication,article,en,https://doi.org/10.17762/ijritcc.v11i8s.7175,,,,,
538,10.1007/978-3-030-19591-5_20,On the Use of Lateralization for Lightweight and Accurate Methodology for EEG Real Time Emotion Estimation Using Gaussian-Process Classifier,2019,Lecture notes in computer science,conference-paper,en,https://doi.org/10.1007/978-3-030-19591-5_20,,,,,
539,10.1109/lsens.2023.3265682,Ensemble Median Empirical Mode Decomposition for Emotion Recognition Using EEG Signal,2023,IEEE Sensors Letters,article,en,https://doi.org/10.1109/lsens.2023.3265682,,,,,
540,10.1109/icaci65340.2025.11096311,EEG Emotion Recognition Method Based on Time-Frequency Domain Feature Cross-Fusion and Local-Global Feature Extraction,2025,,conference-paper,en,https://doi.org/10.1109/icaci65340.2025.11096311,,,,,
541,10.1109/tim.2022.3216829,Siam-GCAN: A Siamese Graph Convolutional Attention Network for EEG Emotion Recognition,2022,IEEE Transactions on Instrumentation and Measurement,article,en,https://doi.org/10.1109/tim.2022.3216829,,,,,
542,10.21872/2024iise_7366,Heterogeneous Recurrence Network Analysis: Unveiling Complex Dynamics for Emotion Recognition in EEG Signals,2024,,conference-paper,en,https://doi.org/10.21872/2024iise_7366,,,,,
543,10.1007/978-981-97-5504-2_79,Classification of Emotions via EEG Signals by Deep Learning Approach,2024,Lecture notes in networks and systems,conference-paper,en,https://doi.org/10.1007/978-981-97-5504-2_79,,,,,
544,10.1109/tiptekno.2018.8596960,Emotion Detection Using Multivariate Synchrosqueezing Transform via 2D Circumplex Model,2018,,conference-paper,en,https://doi.org/10.1109/tiptekno.2018.8596960,,,,,
545,10.20965/jaciii.2024.p1095,Electroencephalography Emotion Recognition Based on Rhythm Information Entropy Extraction,2024,Journal of Advanced Computational Intelligence and Intelligent Informatics,article,en,https://doi.org/10.20965/jaciii.2024.p1095,,,,,
546,10.2139/ssrn.4789200,Eeg Emotion Recognition Based on Efficient-Capsule Network with Convolutional Attention,2024,SSRN Electronic Journal,preprint,en,https://doi.org/10.2139/ssrn.4789200,,,,,
547,10.1002/int.23096,Dynamic differential entropy and brain connectivity features based EEG emotion recognition,2022,International Journal of Intelligent Systems,article,en,https://doi.org/10.1002/int.23096,,,,,
548,10.1007/978-981-97-0903-8_2,EEG Channels Selection Based on BiLSTM and NSGAII,2024,Communications in computer and information science,conference-paper,en,https://doi.org/10.1007/978-981-97-0903-8_2,,,,,
549,10.48550/arxiv.2306.13592,TACOformer:Token-channel compounded Cross Attention for Multimodal Emotion Recognition,2023,arXiv (Cornell University),preprint,en,http://arxiv.org/abs/2306.13592,,,,,
550,10.53555/ajbr.v27i4s.6517,EEG Emotion Recognition Using LSTM,2024,African Journal of Biomedical Research,article,en,https://doi.org/10.53555/ajbr.v27i4s.6517,,,,,
551,10.1007/s12021-022-09579-2,Classification of Contrasting Discrete Emotional States Indicated by EEG Based Graph Theoretical Network Measures,2022,Neuroinformatics,article,en,https://doi.org/10.1007/s12021-022-09579-2,,,,,
552,10.1109/smc.2014.6974415,EEG-based subject-dependent emotion recognition algorithm using fractal dimension,2014,,conference-paper,en,https://doi.org/10.1109/smc.2014.6974415,,,,,
553,10.20944/preprints202501.0956.v1,Enhancing EEG-Based Emotion Detection with Hybrid Models: Insights from DEAP Dataset Applications,2025,Preprints.org,preprint,en,https://doi.org/10.20944/preprints202501.0956.v1,,,,,
554,10.1109/bci48061.2020.9061624,Subject-Independent EEG-based Emotion Recognition using Adversarial Learning,2020,,conference-paper,en,https://doi.org/10.1109/bci48061.2020.9061624,,,,,
555,10.1007/978-981-99-7622-5_39,EEG Signal-Based Human Emotion Recognition Using Power Spectrum Density and Discrete Wavelet Transform,2023,Lecture notes in electrical engineering,conference-paper,en,https://doi.org/10.1007/978-981-99-7622-5_39,,,,,
556,10.3390/app13116761,Cascaded Convolutional Recurrent Neural Networks for EEG Emotion Recognition Based on Temporal–Frequency–Spatial Features,2023,Applied Sciences,article,en,https://doi.org/10.3390/app13116761,,,,,
557,10.23919/ccc52363.2021.9549884,Electroencephalogram Emotion Recognition Using Variational Modal Decomposition Based Dispersion Entropy Feature Extraction,2021,,conference-paper,en,https://doi.org/10.23919/ccc52363.2021.9549884,,,,,
558,10.1109/iccect60629.2024.10545975,Emotion Recognition Method Based on EEG Signals: 4D-CapsBLnet Model Integrating Spatio-Temporal Features,2024,,conference-paper,en,https://doi.org/10.1109/iccect60629.2024.10545975,,,,,
559,10.48550/arxiv.2508.05933,REFS: Robust EEG feature selection with missing multi-dimensional annotation for emotion recognition,2025,arXiv (Cornell University),preprint,en,http://arxiv.org/abs/2508.05933,,,,,
560,10.1109/icci-cc.2017.8109736,Class discovery from semi-structured EEG data for affective computing and personalisation,2017,,conference-paper,en,https://doi.org/10.1109/icci-cc.2017.8109736,,,,,
561,10.1007/978-3-031-19694-2_14,A Survey of the Classification of Emotions Using Electroencephalography Signals by Branch Convolutional Neural Network,2022,Lecture notes in networks and systems,conference-paper,en,https://doi.org/10.1007/978-3-031-19694-2_14,,,,,
562,10.1109/bibm.2013.6732507,Affective state recognition from EEG with deep belief networks,2013,,conference-paper,en,https://doi.org/10.1109/bibm.2013.6732507,,,,,
563,10.3390/e24121830,Multidimensional Feature in Emotion Recognition Based on Multi-Channel EEG Signals,2022,Entropy,article,en,https://doi.org/10.3390/e24121830,,,,,
564,10.1016/j.compbiomed.2021.105080,A novel ensemble learning method using multiple objective particle swarm optimization for subject-independent EEG-based emotion recognition,2021,Computers in Biology and Medicine,article,en,https://doi.org/10.1016/j.compbiomed.2021.105080,,,,,
565,10.48550/arxiv.2302.13170,Partial Label Learning for Emotion Recognition from EEG,2023,arXiv (Cornell University),preprint,en,http://arxiv.org/abs/2302.13170,,,,,
566,10.1109/embc48229.2022.9870895,Exploring Sex Differences in Key Frequency Bands and Channel Connections for EEG-based Emotion Recognition,2022,2022 44th Annual International Conference of the IEEE Engineering in Medicine &amp; Biology Society (EMBC),conference-paper,en,https://doi.org/10.1109/embc48229.2022.9870895,,,,,
567,10.2139/ssrn.4150152,Tsallis Entropy-Based Statistical Study of Human Emotions Through EEG Signals,2022,SSRN Electronic Journal,preprint,en,https://doi.org/10.2139/ssrn.4150152,,,,,
568,10.3389/fnins.2024.1320645,ERTNet: an interpretable transformer-based framework for EEG emotion recognition,2024,Frontiers in Neuroscience,article,en,https://doi.org/10.3389/fnins.2024.1320645,,,,,
569,10.1109/icbme68496.2025.11392486,Vision Transformer-Based Emotion Recognition in EEG Using Pseudo-Image Construction,2025,,conference-paper,,https://doi.org/10.1109/icbme68496.2025.11392486,,,,,
570,10.1016/j.neucom.2024.128445,GNN-based multi-source domain prototype representation for cross-subject EEG emotion recognition,2024,Neurocomputing,article,en,https://doi.org/10.1016/j.neucom.2024.128445,,,,,
571,10.1109/bibm62325.2024.10822540,MDAC: EEG Emotion Recognition with Multi-Scale Dual Attention Capsule Network,2024,,conference-paper,en,https://doi.org/10.1109/bibm62325.2024.10822540,,,,,
572,10.3390/s20133765,An Innovative Multi-Model Neural Network Approach for Feature Selection in Emotion Recognition Using Deep Feature Clustering,2020,Sensors,article,en,https://doi.org/10.3390/s20133765,,,,,
573,10.1016/j.eswa.2020.114516,A LSTM based deep learning network for recognizing emotions using wireless brainwave driven system,2021,Expert Systems with Applications,article,en,https://doi.org/10.1016/j.eswa.2020.114516,,,,,
574,10.1109/access.2024.3430934,Recognition of Emotional Categories Using Mined Fuzzy Rules From Electroencephalogram Signals With Gated Eye Track Data Approach,2024,IEEE Access,article,en,https://doi.org/10.1109/access.2024.3430934,,,,,
575,10.3389/fnins.2020.622759,An Investigation of Deep Learning Models for EEG-Based Emotion Recognition,2020,Frontiers in Neuroscience,article,en,https://doi.org/10.3389/fnins.2020.622759,,,,,
576,10.1016/j.cogsys.2023.101152,A systematic literature review of emotion recognition using EEG signals,2023,Cognitive Systems Research,review,en,https://doi.org/10.1016/j.cogsys.2023.101152,,,,,
577,10.7759/s44389-025-06161-0,Development of Real-Time Electroencephalography-Based Emotion Recognition Models Using Machine Learning Techniques,2025,Cureus Journal of Computer Science.,article,en,https://doi.org/10.7759/s44389-025-06161-0,,,,,
578,10.1109/imccc.2016.106,Relevance Vector Machine Based EEG Emotion Recognition,2016,,conference-paper,en,https://doi.org/10.1109/imccc.2016.106,,,,,
579,10.1155/2021/9967592,Expression EEG Multimodal Emotion Recognition Method Based on the Bidirectional LSTM and Attention Mechanism,2021,Computational and Mathematical Methods in Medicine,article,en,https://doi.org/10.1155/2021/9967592,,,,,
580,10.1016/j.bspc.2025.107576,Spatio-temporal graph Bert network for EEG emotion recognition,2025,Biomedical Signal Processing and Control,article,en,https://doi.org/10.1016/j.bspc.2025.107576,,,,,
581,10.1016/j.neucom.2025.131390,Parameter-efficient hierarchical spatio-temporal graph network with specialized label smoothing for qualitative EEG emotion recognition,2025,Neurocomputing,article,en,https://doi.org/10.1016/j.neucom.2025.131390,,,,,
582,10.1109/tnsre.2022.3233109,Cross-Session Emotion Recognition by Joint Label-Common and Label-Specific EEG Features Exploration,2022,IEEE Transactions on Neural Systems and Rehabilitation Engineering,article,en,https://doi.org/10.1109/tnsre.2022.3233109,,,,,
583,10.1007/978-981-10-9038-7_42,Scalp Level Connectivity for Representative Channels in Emotional Status,2018,"World Congress on Medical Physics and Biomedical Engineering, September 7 - 12, 2009, Munich, Germany",conference-paper,en,https://doi.org/10.1007/978-981-10-9038-7_42,,,,,
584,10.1007/s00521-018-3664-1,Emotion recognition based on physiological signals using brain asymmetry index and echo state network,2018,Neural Computing and Applications,article,en,https://doi.org/10.1007/s00521-018-3664-1,,,,,
585,10.3233/shti240569,Assessment of Valance Emotional State Using EEG-EDA Coupling and Explainable Classifiers,2024,Studies in health technology and informatics,book-chapter,en,https://doi.org/10.3233/shti240569,,,,,
586,10.3390/s22218467,M1M2: Deep-Learning-Based Real-Time Emotion Recognition from Neural Activity,2022,Sensors,article,en,https://doi.org/10.3390/s22218467,,,,,
587,10.1007/s41870-025-02850-0,Emotion recognition with EEG signals using an insightful adapted echo state network framework,2025,International Journal of Information Technology,article,en,https://doi.org/10.1007/s41870-025-02850-0,,,,,
588,10.3389/fncom.2021.743426,Electroencephalogram Emotion Recognition Based on 3D Feature Fusion and Convolutional Autoencoder,2021,Frontiers in Computational Neuroscience,article,en,https://doi.org/10.3389/fncom.2021.743426,,,,,
589,10.1016/j.aej.2025.09.013,MG-DA: Multi-branch graph convolution with domain adaptation for emotion recognition,2025,Alexandria Engineering Journal,article,en,https://doi.org/10.1016/j.aej.2025.09.013,,,,,
590,10.1088/1741-2552/acb79e,Emotion recognition using spatial-temporal EEG features through convolutional graph attention network,2023,Journal of Neural Engineering,article,en,https://doi.org/10.1088/1741-2552/acb79e,,,,,
591,10.1109/access.2022.3224725,Automatic Emotion Recognition From Multi-Band EEG Data Based on a Deep Learning Scheme With Effective Channel Attention,2022,IEEE Access,article,en,https://doi.org/10.1109/access.2022.3224725,,,,,
592,10.1016/j.jneumeth.2025.110385,EEG-based fatigue state evaluation by combining complex network and frequency-spatial features,2025,Journal of Neuroscience Methods,article,en,https://doi.org/10.1016/j.jneumeth.2025.110385,,,,,
593,10.1109/access.2019.2928691,Interpretable Emotion Recognition Using EEG Signals,2019,IEEE Access,article,en,https://doi.org/10.1109/access.2019.2928691,,,,,
594,10.1016/j.neunet.2024.106148,Decoding emotion with phase–amplitude fusion features of EEG functional connectivity network,2024,Neural Networks,article,en,https://doi.org/10.1016/j.neunet.2024.106148,,,,,
595,10.48175/ijarsct-13696,Entertainment (Music) Suggestion for Handicap Dumb (Speechless) People using EEG Signal,2023,International Journal of Advanced Research in Science Communication and Technology,article,en,https://doi.org/10.48175/ijarsct-13696,,,,,
596,10.1007/s11760-025-04819-9,MS-AGDA: A multi-source adaptive gating unsupervised domain adaptation for cross-subject and cross-session EEG-based emotion recognition,2025,Signal Image and Video Processing,article,en,https://doi.org/10.1007/s11760-025-04819-9,,,,,
597,10.1109/icsses58299.2023.10199291,Emotion Recognition and Stress Reduction Based on Electroencephalograph (EEG) Signals validated by Machine Learning Algorithms,2023,,conference-paper,en,https://doi.org/10.1109/icsses58299.2023.10199291,,,,,
598,10.1016/j.asoc.2025.113958,A dual-branch self-supervised contrastive learning framework for emotion recognition based on time-frequency fusion,2025,Applied Soft Computing,article,en,https://doi.org/10.1016/j.asoc.2025.113958,,,,,
599,10.1145/3745034.3745044,EEG Emotion Recognition Method Based on a Hybrid Perception Training Strategy,2025,,conference-paper,en,https://doi.org/10.1145/3745034.3745044,,,,,
600,10.1109/tnsre.2023.3263570,Self-Supervised EEG Emotion Recognition Models Based on CNN,2023,IEEE Transactions on Neural Systems and Rehabilitation Engineering,article,en,https://doi.org/10.1109/tnsre.2023.3263570,,,,,
601,10.1109/iceic61013.2024.10457197,Multitask Autoencoder-Based Two-Phase Framework Using Multilevel Feature Fusion for EEG Emotion Recognition,2024,,conference-paper,en,https://doi.org/10.1109/iceic61013.2024.10457197,,,,,
602,10.1109/smc54092.2024.10832104,Dual-Domain Attention Based Adaptive Graph Convolutional Network for EEG Emotion Recognition,2024,,conference-paper,en,https://doi.org/10.1109/smc54092.2024.10832104,,,,,
603,10.1049/sil2.12076,Brain lateralisation feature extraction and ant colony optimisation‐bidirectional LSTM network model for emotion recognition,2021,IET Signal Processing,article,en,https://doi.org/10.1049/sil2.12076,,,,,
604,10.3390/biomedinformatics5010005,Advancing Emotion Recognition: EEG Analysis and Machine Learning for Biomedical Human–Machine Interaction,2025,BioMedInformatics,article,en,https://doi.org/10.3390/biomedinformatics5010005,,,,,
605,10.1016/j.neunet.2024.106624,Emotion recognition using hierarchical spatial–temporal learning transformer from regional to global brain,2024,Neural Networks,article,en,https://doi.org/10.1016/j.neunet.2024.106624,,,,,
606,10.1109/access.2023.3275565,Simplified 2D CNN Architecture With Channel Selection for Emotion Recognition Using EEG Spectrogram,2023,IEEE Access,article,en,https://doi.org/10.1109/access.2023.3275565,,,,,
607,10.1109/fskd.2016.7603437,Emotion detection from EEG recordings,2016,,conference-paper,en,http://bura.brunel.ac.uk/handle/2438/13138,,,,,
608,10.1007/978-3-030-04221-9_20,Multi-view Emotion Recognition Using Deep Canonical Correlation Analysis,2018,Lecture notes in computer science,conference-paper,en,https://doi.org/10.1007/978-3-030-04221-9_20,,,,,
609,10.1109/taffc.2018.2840973,A Mutual Information Based Adaptive Windowing of Informative EEG for Emotion Recognition,2018,IEEE Transactions on Affective Computing,article,en,https://doi.org/10.1109/taffc.2018.2840973,,,,,
610,10.1007/s10791-025-09596-0,Hybrid CNN-transformer architecture for enhanced EEG-based emotion recognition: capturing local and global dependencies with self-attention mechanisms,2025,Discover Computing,article,en,https://doi.org/10.1007/s10791-025-09596-0,,,,,
611,10.1145/3766918.3766988,Robotic Recognition of Human Depression Based on Nonlinear EEG Features,2025,,conference-paper,,https://doi.org/10.1145/3766918.3766988,,,,,
612,10.2298/csis250215053w,A spatio-temporal graph neural network for EEG emotion recognition based on regional and global brain,2025,Computer Science and Information Systems,article,en,https://doi.org/10.2298/csis250215053w,,,,,
613,10.2139/ssrn.4768650,A Novel Multi-Source Contrastive Learning Approach for Robust Cross-Subject Emotion Recognition in Eeg Data,2024,SSRN Electronic Journal,preprint,en,https://doi.org/10.2139/ssrn.4768650,,,,,
614,10.1007/s40815-023-01666-z,A Multi-view Semi-supervised Takagi–Sugeno–Kang Fuzzy System for EEG Emotion Classification,2024,International Journal of Fuzzy Systems,article,en,https://doi.org/10.1007/s40815-023-01666-z,,,,,
615,10.1016/j.bspc.2022.104141,A multiple frequency bands parallel spatial–temporal 3D deep residual learning framework for EEG-based emotion recognition,2022,Biomedical Signal Processing and Control,article,en,https://doi.org/10.1016/j.bspc.2022.104141,,,,,
616,10.1016/j.engappai.2025.113250,A dual-stream regional feature learning and adaptive fusion method for electroencephalogram-based emotion recognition,2025,Engineering Applications of Artificial Intelligence,article,en,https://doi.org/10.1016/j.engappai.2025.113250,,,,,
617,10.1109/bhi.2018.8333388,Recognizing affective state patterns using regularized learning with nonlinear dynamical features of EEG,2018,,conference-paper,en,https://doi.org/10.1109/bhi.2018.8333388,,,,,
618,10.1109/tnnls.2024.3493425,EEGMatch: Learning With Incomplete Labels for Semisupervised EEG-Based Cross-Subject Emotion Recognition,2024,IEEE Transactions on Neural Networks and Learning Systems,article,en,https://doi.org/10.1109/tnnls.2024.3493425,,,,,
619,10.1016/j.bspc.2021.102991,Emotion recognition by distinguishing appropriate EEG segments based on random matrix theory,2021,Biomedical Signal Processing and Control,article,en,https://doi.org/10.1016/j.bspc.2021.102991,,,,,
620,10.48550/arxiv.2110.05635,Real-time EEG-based Emotion Recognition using Discrete Wavelet\n Transforms on Full and Reduced Channel Signals,2021,arXiv (Cornell University),preprint,,http://arxiv.org/abs/2110.05635,,,,,
621,10.48550/arxiv.2304.06496,EEGMatch: Learning with Incomplete Labels for Semi-Supervised EEG-based Cross-Subject Emotion Recognition,2023,arXiv (Cornell University),preprint,en,http://arxiv.org/abs/2304.06496,,,,,
622,10.1109/bibm.2018.8621147,EEG Emotion Recognition Using Dynamical Graph Convolutional Neural Networks and Broad Learning System,2018,,conference-paper,en,https://doi.org/10.1109/bibm.2018.8621147,,,,,
623,10.1016/j.knosys.2025.114318,ProDG: A proxy-domain-guiding strategy for multi-source-free domain adaptation in EEG emotion recognition,2025,Knowledge-Based Systems,article,en,https://doi.org/10.1016/j.knosys.2025.114318,,,,,
624,10.1007/s44443-025-00076-5,Adaptive dual-graph learning joint feature selection for EEG emotion recognition,2025,Journal of King Saud University - Computer and Information Sciences,article,en,https://doi.org/10.1007/s44443-025-00076-5,,,,,
625,10.1109/tcds.2019.2924648,Affective EEG-Based Person Identification Using the Deep Learning Approach,2019,IEEE Transactions on Cognitive and Developmental Systems,article,en,http://arxiv.org/abs/1807.03147,,,,,
626,10.1080/09540091.2023.2289833,Emotion recognition based on convolutional gated recurrent units with attention,2023,Connection Science,article,en,https://doi.org/10.1080/09540091.2023.2289833,,,,,
627,10.1109/asyu48272.2019.8946354,The Role of Extreme Learning Machine in Multi Classification based Emotion Recognition using EEG Signals,2019,2019 Innovations in Intelligent Systems and Applications Conference (ASYU),conference-paper,en,https://doi.org/10.1109/asyu48272.2019.8946354,,,,,
628,10.1109/civemsa45640.2019.9071612,EEG-based Emotion Recognition Under Convolutional Neural Network with Differential Entropy Feature Maps,2019,,conference-paper,en,https://doi.org/10.1109/civemsa45640.2019.9071612,,,,,
629,10.21203/rs.3.rs-4292055/v1,Towards non-invasive PTSD diagnosis: Utilising EEG based Emotion Recognition with the DEAP Database,2024,Research Square,preprint,en,http://dx.doi.org/10.21203/rs.3.rs-4292055/v1,,,,,
630,10.1109/ihmsc58761.2023.00056,EEG-Based Hardware-Oriented Lightweight 1D-CNN Emotion Classifier,2023,,conference-paper,en,https://doi.org/10.1109/ihmsc58761.2023.00056,,,,,
631,10.1109/tcbb.2020.3018137,Subject-Independent Emotion Recognition of EEG Signals Based on Dynamic Empirical Convolutional Neural Network,2020,IEEE Transactions on Computational Biology and Bioinformatics,article,en,https://doi.org/10.1109/tcbb.2020.3018137,,,,,
632,10.1007/978-3-030-64610-3_65,Fourier Transform vs. Graph Fourier Transform for EEG-Based Emotion Recognition,2020,"World Congress on Medical Physics and Biomedical Engineering, September 7 - 12, 2009, Munich, Germany",conference-paper,en,https://doi.org/10.1007/978-3-030-64610-3_65,,,,,
633,10.3390/e24101322,Automated Emotion Identification Using Fourier–Bessel Domain-Based Entropies,2022,Entropy,article,en,https://doi.org/10.3390/e24101322,,,,,
634,10.1109/ccdc65474.2025.11091117,Multi-Source Domain Adaptive Adversarial Training Network Emotion Recognition,2025,,conference-paper,en,https://doi.org/10.1109/ccdc65474.2025.11091117,,,,,
635,10.1145/3208788.3208804,Research on feature fusion for emotion recognition based on discriminative canonical correlation analysis,2018,,conference-paper,en,https://doi.org/10.1145/3208788.3208804,,,,,
636,10.3390/s24248174,Attention-Based PSO-LSTM for Emotion Estimation Using EEG,2024,Sensors,article,en,https://doi.org/10.3390/s24248174,,,,,
637,10.3389/fnins.2021.778488,MS-MDA: Multisource Marginal Distribution Adaptation for Cross-Subject and Cross-Session EEG Emotion Recognition,2021,Frontiers in Neuroscience,article,en,https://doi.org/10.3389/fnins.2021.778488,,,,,
638,10.1109/jbhi.2020.2995767,Emotion Recognition From Multi-Channel EEG via Deep Forest,2020,IEEE Journal of Biomedical and Health Informatics,article,en,https://doi.org/10.1109/jbhi.2020.2995767,,,,,
639,10.1016/j.bspc.2024.107019,DAEEGViT: A domain adaptive vision transformer framework for EEG cognitive state identification,2024,Biomedical Signal Processing and Control,article,en,https://doi.org/10.1016/j.bspc.2024.107019,,,,,
640,10.1109/ijcnn55064.2022.9892017,E-EmotiConNet: EEG-based Emotion Recognition with Context Information,2022,2022 International Joint Conference on Neural Networks (IJCNN),conference-paper,en,https://doi.org/10.1109/ijcnn55064.2022.9892017,,,,,
641,10.3389/fnins.2021.611653,Cross-Subject EEG Emotion Recognition With Self-Organized Graph Neural Network,2021,Frontiers in Neuroscience,article,en,https://doi.org/10.3389/fnins.2021.611653,,,,,
642,10.1155/2022/6000989,Entropy-Based Emotion Recognition from Multichannel EEG Signals Using Artificial Neural Network,2022,Computational Intelligence and Neuroscience,article,en,https://doi.org/10.1155/2022/6000989,,,,,
643,10.1007/s11571-024-10132-x,Affective EEG-based cross-session person identification using hierarchical graph embedding,2024,Cognitive Neurodynamics,article,en,https://www.ncbi.nlm.nih.gov/pmc/articles/11564420,,,,,
644,10.1109/tencon55691.2022.9978122,Wavelet based Emotion Detection from Multi-channel EEG using a Hybrid CNN-LSTM Model,2022,TENCON 2022 - 2022 IEEE Region 10 Conference (TENCON),conference-paper,en,https://doi.org/10.1109/tencon55691.2022.9978122,,,,,
645,10.48550/arxiv.2403.04041,Cascaded Self-supervised Learning for Subject-independent EEG-based Emotion Recognition,2024,arXiv (Cornell University),preprint,en,http://arxiv.org/abs/2403.04041,,,,,
646,10.3390/app10041525,Deep Learning for EEG-Based Preference Classification in Neuromarketing,2020,Applied Sciences,article,en,https://doi.org/10.3390/app10041525,,,,,
647,10.1007/978-3-031-23179-7_8,Conditional Domain Adaptation Based on Initial Distribution Discrepancy for EEG Emotion Recognition,2023,Lecture notes in computer science,conference-paper,en,https://doi.org/10.1007/978-3-031-23179-7_8,,,,,
648,10.1007/978-3-032-04927-8_42,Multi-expert Collaboration and Knowledge Enhancement Network for Multimodal Emotion Recognition,2025,Lecture notes in computer science,conference-paper,en,https://doi.org/10.1007/978-3-032-04927-8_42,,,,,
649,10.1109/access.2023.3266117,Bi-Branch Vision Transformer Network for EEG Emotion Recognition,2023,IEEE Access,article,en,https://doi.org/10.1109/access.2023.3266117,,,,,
650,10.1109/icsidp62679.2024.10868339,Adaptive Nonlinear Causal Quantification for Real-Time Emotion Analysis using EMD-based Causal Decomposition,2024,,conference-paper,en,https://doi.org/10.1109/icsidp62679.2024.10868339,,,,,
651,10.20885/enthusiastic.vol2.iss2.art6,Optimal Classification of Emotions from Electroencephalography (EEG) Signals,2022,Enthusiastic International Journal of Applied Statistics and Data Science,article,en,http://dx.doi.org/10.20885/enthusiastic.vol2.iss2.art6,,,,,
652,10.1007/s41870-024-02400-0,Emotion recognition using VMD domain bandwidth and spectral features,2025,International Journal of Information Technology,article,en,https://doi.org/10.1007/s41870-024-02400-0,,,,,
653,10.1016/j.neucom.2021.03.105,Differences first in asymmetric brain: A bi-hemisphere discrepancy convolutional neural network for EEG emotion recognition,2021,Neurocomputing,article,en,https://doi.org/10.1016/j.neucom.2021.03.105,,,,,
654,10.1016/j.bspc.2025.109223,Real-time EEG-based emotion recognition using Riemannian quantification learning,2025,Biomedical Signal Processing and Control,article,en,https://doi.org/10.1016/j.bspc.2025.109223,,,,,
655,10.1109/bibm58861.2023.10385595,LUR: An Online Learning Model for EEG Emotion Recognition,2023,,conference-paper,en,https://doi.org/10.1109/bibm58861.2023.10385595,,,,,
656,10.1109/cyber59472.2023.10256529,EEG Emotion Recognition of Different Brain Regions Based on 2DCNN-DGRU,2023,,conference-paper,en,https://doi.org/10.1109/cyber59472.2023.10256529,,,,,
657,10.1080/10447318.2023.2254626,An Efficacy Analysis of Affect Representation Methodologies Used in EEG-Based Emotion Recognition System: An Unsupervised Approach,2023,International Journal of Human-Computer Interaction,article,en,https://doi.org/10.1080/10447318.2023.2254626,,,,,
658,10.1109/ner52421.2023.10123837,Adversarial Discriminative Domain Adaptation and Transformers for EEG-based Cross-Subject Emotion Recognition,2023,,conference-paper,en,https://doi.org/10.1109/ner52421.2023.10123837,,,,,
659,10.1109/icbdse65491.2025.11220053,EEG-Based Emotion Recognition Using Task-Irrelevant Information Decoupling,2025,,conference-paper,,https://doi.org/10.1109/icbdse65491.2025.11220053,,,,,
660,10.1016/j.knosys.2025.113762,Temporal-spectral-spatial synchronization attention-based network for EEG emotion recognition,2025,Knowledge-Based Systems,article,en,https://doi.org/10.1016/j.knosys.2025.113762,,,,,
661,10.48550/arxiv.2511.05293,Cross-domain EEG-based Emotion Recognition with Contrastive Learning,2025,arXiv (Cornell University),preprint,,https://doi.org/10.48550/arxiv.2511.05293,,,,,
662,10.1609/aaai.v38i9.28891,Beyond Mimicking Under-Represented Emotions: Deep Data Augmentation with Emotional Subspace Constraints for EEG-Based Emotion Recognition,2024,Proceedings of the AAAI Conference on Artificial Intelligence,conference-paper,en,https://doi.org/10.1609/aaai.v38i9.28891,,,,,
663,10.1016/j.knosys.2025.114650,Fine-grained label propagation via density-based prototype matching for cross-subject EEG emotion recognition,2025,Knowledge-Based Systems,article,en,https://doi.org/10.1016/j.knosys.2025.114650,,,,,
664,10.1109/bibm66473.2025.11356326,A Spatio-Temporal Expert Fusion Framework Integrating Mamba and KAN for EEG Emotion Recognition,2025,,conference-paper,,https://doi.org/10.1109/bibm66473.2025.11356326,,,,,
665,10.1007/978-981-99-0248-4_27,An Advanced Data Augmentation Scheme on Limited EEG Signals for Human Emotion Recognition,2023,Lecture notes in electrical engineering,book-chapter,en,https://doi.org/10.1007/978-981-99-0248-4_27,,,,,
666,10.62441/nano-ntp.v20is2.25,EEG-Based Emotion Recognition Using Deep Learning Model for Workers Safet,2024,Nanotechnology Perceptions,article,en,https://doi.org/10.62441/nano-ntp.v20is2.25,,,,,
667,10.1016/j.smhl.2021.100261,"EEG classification with spiking neural network: Smaller, better, more energy efficient",2022,Smart Health,article,en,https://doi.org/10.1016/j.smhl.2021.100261,,,,,
668,10.1109/ijcnn60899.2024.10650004,Adaptive Federated Learning for EEG Emotion Recognition,2024,,conference-paper,en,https://doi.org/10.1109/ijcnn60899.2024.10650004,,,,,
669,10.1109/tcds.2025.3595203,CIDDA: Classifier-Driven Implicit Discriminator Domain Adaptation for EEG-Based Emotion Recognition and Depression Severity Grading,2025,IEEE Transactions on Cognitive and Developmental Systems,article,en,https://doi.org/10.1109/tcds.2025.3595203,,,,,
670,,Deep Learning Approaches for EEG-Based Emotion Recognition: A Systematic Review on DEAP and DREAMER,2025,Kocaeli Üniversitesi - AVESİS,review,en,,,,,,
671,10.3390/s20247083,Hybrid Method of Automated EEG Signals’ Selection Using Reversed Correlation Algorithm for Improved Classification of Emotions,2020,Sensors,article,en,https://doi.org/10.3390/s20247083,,,,,
672,10.1109/cfis.2018.8336626,Robust emotion classification using neural network models,2018,,conference-paper,en,https://doi.org/10.1109/cfis.2018.8336626,,,,,
673,10.1109/ijcnn64981.2025.11228357,A Bidirectional Selective State Space Model with Multi-scale Convolution and Additive Gated Attention for Cross-Subject Emotion Recognition,2025,,conference-paper,,https://doi.org/10.1109/ijcnn64981.2025.11228357,,,,,
674,10.1142/s0129065722500216,Deep Learning Methods for Multi-Channel EEG-Based Emotion Recognition,2022,International Journal of Neural Systems,article,en,https://doi.org/10.1142/s0129065722500216,,,,,
675,10.1109/spcnc68200.2025.11406238,KAN-based Attention-temporal Graph Network for EEG-based Emotion Recognition,2025,,conference-paper,,https://doi.org/10.1109/spcnc68200.2025.11406238,,,,,
676,10.3390/app13031954,A Two-Step Framework to Recognize Emotion Using the Combinations of Adjacent Frequency Bands of EEG,2023,Applied Sciences,article,en,https://doi.org/10.3390/app13031954,,,,,
677,10.1007/s11571-025-10399-8,C2DGCN: cross-connected distributive learning-enabled graph convolutional network for human emotion recognition using electroencephalography signal,2025,Cognitive Neurodynamics,article,en,https://pmc.ncbi.nlm.nih.gov/articles/PMC12743052/,,,,,
678,10.1007/978-3-031-53827-8_11,Cross Cultural Comparison of Emotional Functional Networks,2024,Lecture notes in computer science,conference-paper,en,https://doi.org/10.1007/978-3-031-53827-8_11,,,,,
679,10.1007/978-3-031-14054-9_26,Average Power Based EEG Channel Selection Method for Emotion Recognition,2022,Advances in intelligent systems and computing,conference-paper,en,https://doi.org/10.1007/978-3-031-14054-9_26,,,,,
680,10.1109/aivrv63595.2024.10860141,DFSMDA: A Domain Adaptation Algorithm with Domain Feature Extraction for EEG Emotion Recognition,2024,,conference-paper,en,https://doi.org/10.1109/aivrv63595.2024.10860141,,,,,
681,10.1109/embc40787.2023.10341106,Decoding Emotions From EEG Responses Elicited by Videos Using Machine Learning Techniques on Two Datasets,2023,,conference-paper,en,https://doi.org/10.1109/embc40787.2023.10341106,,,,,
682,10.48550/arxiv.2511.08444,One Model for All: Universal Pre-training for EEG based Emotion Recognition across Heterogeneous Datasets and Paradigms,2025,arXiv (Cornell University),preprint,,https://arxiv.org/abs/2511.08444,,,,,
683,10.3390/bioengineering10010054,A Novel Baseline Removal Paradigm for Subject-Independent Features in Emotion Classification Using EEG,2023,Bioengineering,article,en,https://doi.org/10.3390/bioengineering10010054,,,,,
684,10.3934/mbe.2024210,Cross-subject EEG-based emotion recognition through dynamic optimization of random forest with sparrow search algorithm,2024,Mathematical Biosciences & Engineering,article,en,https://doi.org/10.3934/mbe.2024210,,,,,
685,10.21203/rs.3.rs-4576378/v1,Application of a Multi-Source Multi-Task Weight Adaptation Framework for Cross-Domain EEG Emotion Recognition(MS-MWA),2024,Research Square,preprint,en,http://dx.doi.org/10.21203/rs.3.rs-4576378/v1,,,,,
686,10.4103/jmss.jmss_59_22,An Emotion Recognition Embedded System using a Lightweight Deep Learning Model,2023,Journal of Medical Signals & Sensors,article,en,https://doi.org/10.4103/jmss.jmss_59_22,,,,,
687,10.1016/j.bspc.2023.104835,EEG emotion recognition using attention-based convolutional transformer neural network,2023,Biomedical Signal Processing and Control,article,en,https://doi.org/10.1016/j.bspc.2023.104835,,,,,
688,10.1186/s40708-025-00265-y,An automated extraction of spectral-temporal and spatial-temporal features of EEG for emotion detection,2025,Brain Informatics,article,en,https://doi.org/10.1186/s40708-025-00265-y,,,,,
689,10.1201/9781003371540-5,Optimal EEG Electrode Set for Emotion Recognition from Brain Signals: An Empirical Quest,2024,,book-chapter,en,https://doi.org/10.1201/9781003371540-5,,,,,
690,10.1515/bmt-2020-0295,Emotion recognition using time–frequency ridges of EEG signals based on multivariate synchrosqueezing transform,2021,Biomedizinische Technik/Biomedical Engineering,article,en,https://doi.org/10.1515/bmt-2020-0295,,,,,
691,10.1109/itaic64559.2025.11163149,An EEG emotion recognition method based on shallow feedback spiking neural network,2025,,conference-paper,en,https://doi.org/10.1109/itaic64559.2025.11163149,,,,,
692,10.1007/978-3-032-05162-2_2,A Novel Fourier Adjacency Transformer for Advanced EEG Emotion Recognition,2025,Lecture notes in computer science,conference-paper,en,https://doi.org/10.1007/978-3-032-05162-2_2,,,,,
693,10.1088/1741-2552/ad3987,Cross-modal credibility modelling for EEG-based multimodal emotion recognition,2024,Journal of Neural Engineering,article,en,https://doi.org/10.1088/1741-2552/ad3987,,,,,
694,10.1109/access.2019.2908285,Accurate EEG-Based Emotion Recognition on Combined Features Using Deep Convolutional Neural Networks,2019,IEEE Access,article,en,https://doi.org/10.1109/access.2019.2908285,,,,,
695,10.1007/s00530-025-01894-3,Unsupervised subdomain adaptation framework guided by pseudo label for cross-subject and cross-session EEG emotion recognition,2025,Multimedia Systems,article,en,https://doi.org/10.1007/s00530-025-01894-3,,,,,
696,10.1016/j.asoc.2024.111635,EEG emotion recognition based on the TimesNet fusion model,2024,Applied Soft Computing,article,en,https://doi.org/10.1016/j.asoc.2024.111635,,,,,
697,10.1109/icccnt56998.2023.10308188,Emotion Recognition from Electroencephalogram using Variational Mode Decomposition and optimized Fuzzy K-Nearest Neighbor Algorithm,2023,,conference-paper,en,https://doi.org/10.1109/icccnt56998.2023.10308188,,,,,
698,10.1109/icecct56650.2023.10179711,EEG evoked automated emotion recognition using deep convolutional neural network,2023,,conference-paper,en,https://doi.org/10.1109/icecct56650.2023.10179711,,,,,
699,10.1109/jsen.2020.3027181,A Novel Multivariate-Multiscale Approach for Computing EEG Spectral and Temporal Complexity for Human Emotion Recognition,2020,IEEE Sensors Journal,article,en,https://doi.org/10.1109/jsen.2020.3027181,,,,,
700,10.1186/s40537-020-00289-7,A comparative analysis of machine learning methods for emotion recognition using EEG and peripheral physiological signals,2020,Journal Of Big Data,article,en,https://doi.org/10.1186/s40537-020-00289-7,,,,,
701,,EMD와 FFT를 이용한 EEG 기반 감정 인식에 관한 연구,2013,International Conference on Human-Computer Interaction,conference-paper,ko,,,,,,
702,10.1016/j.cmpb.2023.107927,EESCN: A novel spiking neural network method for EEG-based emotion recognition,2023,Computer Methods and Programs in Biomedicine,article,en,https://doi.org/10.1016/j.cmpb.2023.107927,,,,,
703,10.1088/1402-4896/ad5237,A novel semi-supervised deep learning method for enhancing discriminability and diversity in EEG-based emotion recognition task,2024,Physica Scripta,article,en,https://doi.org/10.1088/1402-4896/ad5237,,,,,
704,10.1109/icrito56286.2022.9964843,EEG-based Emotion Identification using General Factor Analysis,2022,"2022 10th International Conference on Reliability, Infocom Technologies and Optimization (Trends and Future Directions) (ICRITO)",conference-paper,en,https://doi.org/10.1109/icrito56286.2022.9964843,,,,,
705,10.1109/embc.2018.8512865,EEG Data Augmentation for Emotion Recognition Using a Conditional Wasserstein GAN,2018,,conference-paper,en,https://doi.org/10.1109/embc.2018.8512865,,,,,
706,10.1016/j.brainresbull.2024.110901,MGFKD: A semi-supervised multi-source domain adaptation algorithm for cross-subject EEG emotion recognition,2024,Brain Research Bulletin,article,en,https://doi.org/10.1016/j.brainresbull.2024.110901,,,,,
707,10.1109/iscait64916.2025.11010369,EEG emotion recognition based on 2DSinc convolution and attention mechanism,2025,,conference-paper,en,https://doi.org/10.1109/iscait64916.2025.11010369,,,,,
708,10.1109/cisp-bmei56279.2022.9979849,EEG-Based Emotion Recognition by Using Machine Learning and Deep Learning,2022,"2022 15th International Congress on Image and Signal Processing, BioMedical Engineering and Informatics (CISP-BMEI)",conference-paper,en,https://doi.org/10.1109/cisp-bmei56279.2022.9979849,,,,,
709,10.1109/icnlp65360.2025.11108635,EEG Emotion Recognition Based on Multi-View and Multi-Scale Fusion Network,2025,,conference-paper,en,https://doi.org/10.1109/icnlp65360.2025.11108635,,,,,
710,10.1109/ismsit67332.2025.11268050,Comparative Study of Classical ML and Deep Learning on Small EEG Datasets,2025,,conference-paper,,https://doi.org/10.1109/ismsit67332.2025.11268050,,,,,
711,10.1109/jsen.2021.3120787,A Computerized Approach for Automatic Human Emotion Recognition Using Sliding Mode Singular Spectrum Analysis,2021,IEEE Sensors Journal,article,en,https://doi.org/10.1109/jsen.2021.3120787,,,,,
712,10.3390/s21041262,Multi-Scale Frequency Bands Ensemble Learning for EEG-Based Emotion Recognition,2021,Sensors,article,en,https://doi.org/10.3390/s21041262,,,,,
713,10.53555/ajbr.v27i6s.5147,Power Spectral Density Based Discrete Emotional State Recognition System Using Electroencephalography Signals,2024,African Journal of Biomedical Research,article,en,https://doi.org/10.53555/ajbr.v27i6s.5147,,,,,
714,10.1016/j.bspc.2025.109082,Electrode quantity outperforms spatial topology in EEG-based emotion recognition: A dual-CNN study on electrode configuration,2025,Biomedical Signal Processing and Control,article,en,https://doi.org/10.1016/j.bspc.2025.109082,,,,,
715,10.1007/s10044-025-01501-1,Subject-independent multi-channel voting for EEG-based emotion recognition using wavelet scattering deep network and advanced signal metrics,2025,Pattern Analysis and Applications,article,en,https://doi.org/10.1007/s10044-025-01501-1,,,,,
716,10.1109/jbhi.2024.3384816,Evolutionary Ensemble Learning for EEG-Based Cross-Subject Emotion Recognition,2024,IEEE Journal of Biomedical and Health Informatics,article,en,https://doi.org/10.1109/jbhi.2024.3384816,,,,,
717,10.1109/icassp49357.2023.10094939,EEG Emotion Recognition Via Ensemble Learning Representations,2023,,conference-paper,en,https://doi.org/10.1109/icassp49357.2023.10094939,,,,,
718,10.1109/ccwc57344.2023.10099220,Electroencephalogram-based Emotion Recognition with Hybrid Graph Convolutional Network Model,2023,,conference-paper,en,https://doi.org/10.1109/ccwc57344.2023.10099220,,,,,
719,10.1142/s0218126623501256,Multi-Modal Emotion Recognition Combining Face Image and EEG Signal,2022,Journal of Circuits Systems and Computers,article,en,https://doi.org/10.1142/s0218126623501256,,,,,
720,10.1007/s00500-025-10653-5,Explainable Grouped Deep Echo State Network for EEG-based emotion recognition,2025,Soft Computing,article,en,https://doi.org/10.1007/s00500-025-10653-5,,,,,
721,10.3390/electronics9121988,Deep Learning Method for Selecting Effective Models and Feature Groups in Emotion Recognition Using an Asian Multimodal Database,2020,Electronics,article,en,https://doi.org/10.3390/electronics9121988,,,,,
722,10.3329/jsr.v17i3.78907,Robust EEG-Based Emotion Recognition using CNN: A High-Accuracy Approach with Differential Entropy Features and Spatial-Frequency Domain Analysis on the SEED Dataset,2025,Journal of Scientific Research,article,,https://doi.org/10.3329/jsr.v17i3.78907,,,,,
723,10.48550/arxiv.2408.12124,Recording Brain Activity While Listening to Music Using Wearable EEG Devices Combined with Bidirectional Long Short-Term Memory Networks,2024,arXiv (Cornell University),preprint,en,http://arxiv.org/abs/2408.12124,,,,,
724,10.1016/j.bspc.2022.104060,A data augmentation and channel selection technique for grading human emotions on DEAP dataset,2022,Biomedical Signal Processing and Control,article,en,https://doi.org/10.1016/j.bspc.2022.104060,,,,,
725,10.3390/info13110550,Multimodal EEG Emotion Recognition Based on the Attention Recurrent Graph Convolutional Network,2022,Information,article,en,https://doi.org/10.3390/info13110550,,,,,
726,10.3389/fnins.2023.1213099,Local domain generalization with low-rank constraint for EEG-based emotion recognition,2023,Frontiers in Neuroscience,article,en,https://doi.org/10.3389/fnins.2023.1213099,,,,,
727,10.1109/tcds.2022.3175538,Causal Graph Convolutional Neural Network for Emotion Recognition,2022,IEEE Transactions on Cognitive and Developmental Systems,article,en,https://doi.org/10.1109/tcds.2022.3175538,,,,,
728,10.1016/j.compbiomed.2022.105519,Cross-subject EEG emotion recognition combined with connectivity features and meta-transfer learning,2022,Computers in Biology and Medicine,article,en,https://doi.org/10.1016/j.compbiomed.2022.105519,,,,,
729,10.14988/00029317,音楽と脳波に基づく感情推定における個体差の影響,2022,Institutional Repositories DataBase (IRDB),article,ja,https://doshisha.repo.nii.ac.jp/records/29318,,,,,
730,10.1142/s0219519424400220,AN EEG-BASED EMOTION RECOGNITION MODEL USING AN INTERACTION DESIGN FRAMEWORK AND DEEP LEARNING,2024,Journal of Mechanics in Medicine and Biology,article,en,https://doi.org/10.1142/s0219519424400220,,,,,
731,10.3389/fnins.2021.626277,Cross-Subject EEG-Based Emotion Recognition Through Neural Networks With Stratified Normalization,2021,Frontiers in Neuroscience,article,en,https://doi.org/10.3389/fnins.2021.626277,,,,,
732,10.1088/1741-2552/ac49a7,Investigating EEG-based functional connectivity patterns for multimodal emotion recognition,2022,Journal of Neural Engineering,article,en,https://doi.org/10.1088/1741-2552/ac49a7,,,,,
733,10.1007/s11571-024-10162-5,Set-pMAE: spatial-spEctral-temporal based parallel masked autoEncoder for EEG emotion recognition,2024,Cognitive Neurodynamics,article,en,https://pmc.ncbi.nlm.nih.gov/articles/PMC11655997/,,,,,
734,10.1109/tcds.2025.3590031,BERN: A Novel Framework for Enhanced Emotion Recognition Through the Integration of EEG and Eye Movement Features,2025,IEEE Transactions on Cognitive and Developmental Systems,article,en,https://doi.org/10.1109/tcds.2025.3590031,,,,,
735,10.1016/j.bspc.2023.105136,A multi-task hybrid emotion recognition network based on EEG signals,2023,Biomedical Signal Processing and Control,article,en,https://doi.org/10.1016/j.bspc.2023.105136,,,,,
736,10.1186/s40648-025-00322-5,Development of emotion recognition for rehabilitation feedback system using wavelet transform and LSTM,2025,ROBOMECH Journal,article,en,https://doi.org/10.1186/s40648-025-00322-5,,,,,
737,10.1109/tim.2023.3277985,Multisource Associate Domain Adaptation for Cross-Subject and Cross-Session EEG Emotion Recognition,2023,IEEE Transactions on Instrumentation and Measurement,article,en,https://doi.org/10.1109/tim.2023.3277985,,,,,
738,10.3390/e24050705,Multi-Classifier Fusion Based on MI–SFFS for Cross-Subject Emotion Recognition,2022,Entropy,article,en,https://doi.org/10.3390/e24050705,,,,,
739,10.2139/ssrn.4873059,Multi-Source Domain Separation Adversarial Domain Adaptation for Eeg Emotion Recognition,2024,SSRN Electronic Journal,preprint,en,http://dx.doi.org/10.2139/ssrn.4873059,,,,,
740,10.1109/access.2023.3308811,EEG-Based Emotion Recognition Using Spatial-Temporal Connectivity,2023,IEEE Access,article,en,https://doi.org/10.1109/access.2023.3308811,,,,,
741,10.1007/978-3-030-77967-2_44,Reversed Correlation-Based Pairwised EEG Channel Selection in Emotional State Recognition,2021,Lecture notes in computer science,conference-paper,en,https://doi.org/10.1007/978-3-030-77967-2_44,,,,,
742,10.3390/e26070540,GC-STCL: A Granger Causality-Based Spatial–Temporal Contrastive Learning Framework for EEG Emotion Recognition,2024,Entropy,article,en,https://doi.org/10.3390/e26070540,,,,,
743,10.1109/iadcc.2018.8692106,EEG Based Participant Independent Emotion Classification using Gradient Boosting Machines,2018,,conference-paper,en,https://doi.org/10.1109/iadcc.2018.8692106,,,,,
744,10.1109/tcds.2022.3233858,Electroencephalogram Emotion Recognition Using Combined Features in Variational Mode Decomposition Domain,2023,IEEE Transactions on Cognitive and Developmental Systems,article,en,https://doi.org/10.1109/tcds.2022.3233858,,,,,
745,10.1016/j.ymssp.2020.106736,A machine emotion transfer model for intelligent human-machine interaction based on group division,2020,Mechanical Systems and Signal Processing,article,en,https://doi.org/10.1016/j.ymssp.2020.106736,,,,,
746,10.48550/arxiv.1809.08273,EEG-based Inter-Subject Correlation Schemes in a Stimuli-Shared Framework: Interplay with Valence and Arousal,2018,arXiv (Cornell University),preprint,en,http://arxiv.org/abs/1809.08273,,,,,
747,10.1016/j.neunet.2025.107505,Self-supervised spatial–temporal contrastive network for EEG-based brain network classification,2025,Neural Networks,article,en,https://doi.org/10.1016/j.neunet.2025.107505,,,,,
748,10.1109/bibm55620.2022.9995216,Electroencephalogram Emotion Recognition Based on Individual Frontal Asymmetry Hypothesis,2022,2022 IEEE International Conference on Bioinformatics and Biomedicine (BIBM),conference-paper,en,https://doi.org/10.1109/bibm55620.2022.9995216,,,,,
749,10.1109/indicon59947.2023.10440863,Emotion Recognition from EEG: Self-Attention and Differentiable Pooling Improve SOGNN Performance,2023,,conference-paper,en,https://doi.org/10.1109/indicon59947.2023.10440863,,,,,
750,10.1109/tim.2025.3553234,Unsupervised Domain Adaptation With Pseudo-Label Propagation for Cross-Domain EEG Emotion Recognition,2025,IEEE Transactions on Instrumentation and Measurement,article,en,https://doi.org/10.1109/tim.2025.3553234,,,,,
751,10.1109/ijcnn54540.2023.10191587,Generalization Across Subjects and Sessions for EEG-based Emotion Recognition Using Multi-source Attention-based Dynamic Residual Transfer,2023,,conference-paper,en,https://doi.org/10.1109/ijcnn54540.2023.10191587,,,,,
752,10.1109/access.2024.3409384,Enhancing EEG-Based Emotion Recognition Using Asymmetric Windowing Recurrence Plots,2024,IEEE Access,article,en,https://doi.org/10.1109/access.2024.3409384,,,,,
753,10.1088/1742-6596/1230/1/012008,Multichannel Electroencephalography-based Emotion Recognition Using Machine Learning,2019,Journal of Physics Conference Series,conference-paper,en,https://doi.org/10.1088/1742-6596/1230/1/012008,,,,,
754,10.1049/pbhe056e_ch1,EEG-based emotion recognition using time-frequency images and hybrid ResNet models,2024,Institution of Engineering and Technology eBooks,book-chapter,en,https://doi.org/10.1049/pbhe056e_ch1,,,,,
755,10.1007/s11760-025-04124-5,A stackGNN model for human emotion recognition from EEGs signals,2025,Signal Image and Video Processing,article,en,https://doi.org/10.1007/s11760-025-04124-5,,,,,
756,10.1109/iciet57285.2023.10220883,A Study on Human Emotion Recognition Techniques,2023,,conference-paper,en,https://doi.org/10.1109/iciet57285.2023.10220883,,,,,
757,10.1016/j.jneumeth.2025.110360,An EEG-based emotion recognition method by fusing multi-frequency-spatial features under multi-frequency bands,2025,Journal of Neuroscience Methods,article,en,https://doi.org/10.1016/j.jneumeth.2025.110360,,,,,
758,10.1016/j.bspc.2023.104799,GLFANet: A global to local feature aggregation network for EEG emotion recognition,2023,Biomedical Signal Processing and Control,article,en,https://doi.org/10.1016/j.bspc.2023.104799,,,,,
759,10.1016/j.aej.2024.07.122,Recording brain activity while listening to music using wearable EEG devices combined with Bidirectional Long Short-Term Memory Networks,2024,Alexandria Engineering Journal,article,en,https://doi.org/10.1016/j.aej.2024.07.122,,,,,
760,10.1109/civemsa52099.2021.9493674,Brain Rhythm Sequencing and Its Application for EEG-based Emotion Recognition,2021,,conference-paper,en,https://doi.org/10.1109/civemsa52099.2021.9493674,,,,,
761,10.1109/cspa57446.2023.10087500,EmHM: A Novel Hybrid Model for the Emotion Recognition based on EEG Signals,2023,,conference-paper,en,https://doi.org/10.1109/cspa57446.2023.10087500,,,,,
762,10.46300/9106.2021.15.46,Convolutional Neural Networks Model for Emotion Recognition Using EEG Signal,2021,International Journal of Circuits Systems and Signal Processing,article,en,https://doi.org/10.46300/9106.2021.15.46,,,,,
763,10.1109/tnnls.2025.3546283,Neuron Perception Inspired EEG Emotion Recognition With Parallel Contrastive Learning,2025,IEEE Transactions on Neural Networks and Learning Systems,article,en,https://doi.org/10.1109/tnnls.2025.3546283,,,,,
764,10.1049/icp.2025.4209,Arousal classification of music emotion based on multi-segment dynamic rhythmic EEG features,2025,IET conference proceedings.,conference-paper,en,https://doi.org/10.1049/icp.2025.4209,,,,,
765,10.1109/taffc.2024.3450573,IMGWOFS: A Feature Selector With Trade-Off Between Conflict Objectives for EEG-Based Emotion Recognition,2024,IEEE Transactions on Affective Computing,article,en,https://doi.org/10.1109/taffc.2024.3450573,,,,,
766,10.3390/s19092212,Emotion Recognition from Multiband EEG Signals Using CapsNet,2019,Sensors,article,en,https://doi.org/10.3390/s19092212,,,,,
767,10.1016/j.patrec.2023.08.010,AITST—Affective EEG-based person identification via interrelated temporal–spatial transformer,2023,Pattern Recognition Letters,article,en,https://doi.org/10.1016/j.patrec.2023.08.010,,,,,
768,10.1007/s12559-025-10516-z,EEG-Based Emotion Classification Driven by Fuzzy Linguistic Summarization: A Study on SEED Dataset,2025,Cognitive Computation,article,en,https://doi.org/10.1007/s12559-025-10516-z,,,,,
769,10.1016/j.cviu.2024.104121,Deep learning model for simultaneous recognition of quantitative and qualitative emotion using visual and bio-sensing data,2024,Computer Vision and Image Understanding,article,en,https://doi.org/10.1016/j.cviu.2024.104121,,,,,
770,10.47852/bonviewjcce42022571,Data-Segmentation Verification and a Target Generative Adversarial Network: EEG-Based Emotion Recognition,2024,Journal of Computational and Cognitive Engineering,article,en,https://doi.org/10.47852/bonviewjcce42022571,,,,,
771,10.23919/ccc50068.2020.9189239,Locally Robust Feature Selection of EEG Signals for the Inter-subject Emotion Recognition,2020,,conference-paper,en,https://doi.org/10.23919/ccc50068.2020.9189239,,,,,
772,10.1109/icma54519.2022.9856194,HVFM: an Emotion Classification Model based on Horizontal and Vertical Flow Domain-adaptive,2022,2022 IEEE International Conference on Mechatronics and Automation (ICMA),conference-paper,en,https://doi.org/10.1109/icma54519.2022.9856194,,,,,
773,10.3389/fphys.2023.1200656,CDBA: a novel multi-branch feature fusion model for EEG-based emotion recognition,2023,Frontiers in Physiology,article,en,https://doi.org/10.3389/fphys.2023.1200656,,,,,
774,10.1109/access.2024.3370041,EEG Emotion Recognition Model Based on Attention and GAN,2024,IEEE Access,article,en,https://doi.org/10.1109/access.2024.3370041,,,,,
775,10.1016/j.compbiomed.2023.106860,Cross-subject EEG emotion recognition using multi-source domain manifold feature selection,2023,Computers in Biology and Medicine,article,en,https://doi.org/10.1016/j.compbiomed.2023.106860,,,,,
776,10.1109/taffc.2025.3633647,Multi-View Cognitive Prior Graph Convolutional Network for Multimodal Emotion Recognition,2025,IEEE Transactions on Affective Computing,article,,https://doi.org/10.1109/taffc.2025.3633647,,,,,
777,10.1109/icsipa45851.2019.8977786,Short-time-span EEG-based personalized emotion recognition with deep convolutional neural network,2019,,conference-paper,en,https://doi.org/10.1109/icsipa45851.2019.8977786,,,,,
778,10.1016/j.knosys.2025.113752,EEG emotion recognition based on dynamic temporal causal graph convolutional network,2025,Knowledge-Based Systems,article,en,https://doi.org/10.1016/j.knosys.2025.113752,,,,,
779,10.12677/airr.2025.143048,FA-TSception: A Multi-Frequency Spatiotemporal Attention Network for Cross-Subject EEG-Based Emotion Recognition,2025,Artificial Intelligence and Robotics Research,article,en,https://doi.org/10.12677/airr.2025.143048,,,,,
780,10.1007/s12559-024-10361-6,Cognitive-Inspired Spectral Spatiotemporal Analysis for Emotion Recognition Utilizing Electroencephalography Signals,2024,Cognitive Computation,article,en,https://doi.org/10.1007/s12559-024-10361-6,,,,,
781,10.1109/jsen.2021.3108471,Emotion Recognition From EEG Signals of Hearing-Impaired People Using Stacking Ensemble Learning Framework Based on a Novel Brain Network,2021,IEEE Sensors Journal,article,en,https://doi.org/10.1109/jsen.2021.3108471,,,,,
782,10.1016/j.neuroscience.2025.01.049,A temporal-spatial feature fusion network for emotion recognition with individual differences reduction,2025,Neuroscience,article,en,https://doi.org/10.1016/j.neuroscience.2025.01.049,,,,,
783,10.1109/cspa.2018.8368706,Modeling the affective space of 360 virtual reality videos based on arousal and valence for wearable EEG-based VR emotion classification,2018,,conference-paper,en,https://doi.org/10.1109/cspa.2018.8368706,,,,,
784,10.1007/978-981-15-1899-7_11,Convolutional Neural Networks on EEG-Based Emotion Recognition,2019,Communications in computer and information science,conference-paper,en,https://doi.org/10.1007/978-981-15-1899-7_11,,,,,
785,10.1109/taffc.2023.3318321,AMDET: Attention Based Multiple Dimensions EEG Transformer for Emotion Recognition,2023,IEEE Transactions on Affective Computing,article,en,https://doi.org/10.1109/taffc.2023.3318321,,,,,
786,10.1016/j.knosys.2025.113613,LGDAAN-Nets: A local and global domain adversarial attention neural networks for EEG emotion recognition,2025,Knowledge-Based Systems,article,en,https://doi.org/10.1016/j.knosys.2025.113613,,,,,
787,10.1109/icassp43922.2022.9746600,Joint Temporal Convolutional Networks and Adversarial Discriminative Domain Adaptation for EEG-Based Cross-Subject Emotion Recognition,2022,"ICASSP 2022 - 2022 IEEE International Conference on Acoustics, Speech and Signal Processing (ICASSP)",conference-paper,en,https://doi.org/10.1109/icassp43922.2022.9746600,,,,,
788,10.1109/iceict66683.2025.11160111,EEG-Based Emotion Recognition via Multi-Dimensional Feature Fusion with 3D Convolutional Neural Network and Transformer,2025,,conference-paper,en,https://doi.org/10.1109/iceict66683.2025.11160111,,,,,
789,10.1109/tnsre.2023.3304660,MSFR-GCN: A Multi-Scale Feature Reconstruction Graph Convolutional Network for EEG Emotion and Cognition Recognition,2023,IEEE Transactions on Neural Systems and Rehabilitation Engineering,article,en,https://doi.org/10.1109/tnsre.2023.3304660,,,,,
790,10.1016/j.knosys.2024.112826,The mitigation of heterogeneity in temporal scale among different cortical regions for EEG emotion recognition,2024,Knowledge-Based Systems,article,en,https://doi.org/10.1016/j.knosys.2024.112826,,,,,
791,10.1016/j.engappai.2025.110004,Multimodal emotion recognition by fusing complementary patterns from central to peripheral neurophysiological signals across feature domains,2025,Engineering Applications of Artificial Intelligence,article,en,https://doi.org/10.1016/j.engappai.2025.110004,,,,,
792,10.3233/jifs-233753,Robust multi-frequency band joint dictionary learning with low-rank representation,2024,Journal of Intelligent & Fuzzy Systems,article,en,https://doi.org/10.3233/jifs-233753,,,,,
793,10.1016/j.compbiomed.2024.108445,Enhancing cross-subject EEG emotion recognition through multi-source manifold metric transfer learning,2024,Computers in Biology and Medicine,article,en,https://doi.org/10.1016/j.compbiomed.2024.108445,,,,,
794,10.32628/ijsrset218352,A Review of Emotion Recognition Based on EEG using DEAP Dataset,2021,International Journal of Scientific Research in Science Engineering and Technology,article,en,https://doi.org/10.32628/ijsrset218352,,,,,
795,10.3390/s24227377,A Novel and Powerful Dual-Stream Multi-Level Graph Convolution Network for Emotion Recognition,2024,Sensors,article,en,https://doi.org/10.3390/s24227377,,,,,
796,10.1504/ijbet.2020.10033812,Automated emotion state classification using higher order spectra and interval features of EEG,2020,International Journal of Biomedical Engineering and Technology,article,en,https://doi.org/10.1504/ijbet.2020.10033812,,,,,
797,10.48550/arxiv.2202.03271,Spectro Temporal EEG Biomarkers For Binary Emotion Classification,2022,arXiv (Cornell University),preprint,en,http://arxiv.org/abs/2202.03271,,,,,
798,10.1109/ic3ina68387.2025.11325549,Emotion Identification of EEG Signals Using Temporal Frequency Hierarchical Transformer Networks,2025,,conference-paper,,https://doi.org/10.1109/ic3ina68387.2025.11325549,,,,,
799,10.1007/s42486-021-00078-y,EEG-based emotion recognition via capsule network with channel-wise attention and LSTM models,2021,CCF Transactions on Pervasive Computing and Interaction,article,en,https://figshare.com/articles/journal_contribution/EEG-based_emotion_recognition_via_capsule_network_with_channel-wise_attention_and_LSTM_models/20642037,,,,,
800,10.1109/taffc.2021.3093923,Multimodal Affective States Recognition Based on Multiscale CNNs and Biologically Inspired Decision Fusion Model,2021,IEEE Transactions on Affective Computing,article,en,http://arxiv.org/abs/1911.12918,,,,,
801,10.1109/cloudcom67567.2025.11331494,Cloud-Edge EEG Emotion Recognition Under Communication Constraints: Accuracy-Efficiency Trade-offs and Transmission Optimization,2025,,conference-paper,,https://doi.org/10.1109/cloudcom67567.2025.11331494,,,,,
802,10.1145/3746027.3755798,EEG-SCMM: Soft Contrastive Masked Modeling for Cross-Corpus EEG-Based Emotion Recognition,2025,,conference-paper,,https://doi.org/10.1145/3746027.3755798,,,,,
803,10.3390/bdcc9110280,Cross-Dataset Emotion Valence Prediction Approach from 4-Channel EEG: CNN Model and Multi-Modal Evaluation,2025,Big Data and Cognitive Computing,article,en,https://doi.org/10.3390/bdcc9110280,,,,,
804,10.1109/access.2020.3039542,Parallel Sequence-Channel Projection Convolutional Neural Network for EEG-Based Emotion Recognition,2020,IEEE Access,article,en,https://doi.org/10.1109/access.2020.3039542,,,,,
805,10.1016/j.eswa.2025.127348,Cross-dataset EEG emotion recognition based on pre-trained Vision Transformer considering emotional sensitivity diversity,2025,Expert Systems with Applications,article,en,https://doi.org/10.1016/j.eswa.2025.127348,,,,,
806,10.1109/icicict1.2017.8342809,EEG based emotion recognition using SVM and PSO,2017,,conference-paper,en,https://doi.org/10.1109/icicict1.2017.8342809,,,,,
807,10.1609/aaai.v38i1.27819,DMMR: Cross-Subject Domain Generalization for EEG-Based Emotion Recognition via Denoising Mixed Mutual Reconstruction,2024,Proceedings of the AAAI Conference on Artificial Intelligence,conference-paper,en,https://doi.org/10.1609/aaai.v38i1.27819,,,,,
808,10.1016/j.comcom.2020.02.051,Emotion recognition from spatiotemporal EEG representations with hybrid convolutional recurrent neural networks via wearable multi-channel headset,2020,Computer Communications,article,en,https://doi.org/10.1016/j.comcom.2020.02.051,,,,,
809,10.3389/fpsyg.2021.809459,Multi-Source and Multi-Representation Adaptation for Cross-Domain Electroencephalography Emotion Recognition,2022,Frontiers in Psychology,article,en,https://doi.org/10.3389/fpsyg.2021.809459,,,,,
810,10.1007/978-981-19-9297-1_12,Emotion Recognition Based on Multi-scale Convolutional Neural Network,2022,Communications in computer and information science,conference-paper,en,https://doi.org/10.1007/978-981-19-9297-1_12,,,,,
811,10.1016/j.cmpb.2025.108835,MT-RCAF: A Multi-Task Residual Cross Attention Framework for EEG-based emotion recognition and mood disorder detection,2025,Computer Methods and Programs in Biomedicine,article,en,https://doi.org/10.1016/j.cmpb.2025.108835,,,,,
812,10.1007/s12652-022-04495-4,Quaternary classification of emotions based on electroencephalogram signals using hybrid deep learning model,2022,Journal of Ambient Intelligence and Humanized Computing,article,en,https://doi.org/10.1007/s12652-022-04495-4,,,,,
813,10.1109/taffc.2021.3130387,EEG-Based Emotion Recognition via Neural Architecture Search,2021,IEEE Transactions on Affective Computing,article,en,https://doi.org/10.1109/taffc.2021.3130387,,,,,
814,10.1016/j.compbiomed.2023.107489,Wearable-based human flow experience recognition enhanced by transfer learning methods using emotion data,2023,Computers in Biology and Medicine,article,en,https://doi.org/10.1016/j.compbiomed.2023.107489,,,,,
815,10.1155/2023/9223599,Extracting a Novel Emotional EEG Topographic Map Based on a Stacked Autoencoder Network,2023,Journal of Healthcare Engineering,article,en,https://doi.org/10.1155/2023/9223599,,,,,
816,10.3390/electronics13132530,EEG Emotion Recognition Employing RGPCN-BiGRUAM: ReliefF-Based Graph Pooling Convolutional Network and BiGRU Attention Mechanism,2024,Electronics,article,en,https://doi.org/10.3390/electronics13132530,,,,,
817,10.48550/arxiv.2509.01135,Learning Domain- and Class-Disentangled Prototypes for Domain-Generalized EEG Emotion Recognition,2025,arXiv (Cornell University),preprint,en,http://arxiv.org/abs/2509.01135,,,,,
818,10.1016/j.jksuci.2023.03.019,Personal authentication and cryptographic key generation based on electroencephalographic signals,2023,Journal of King Saud University - Computer and Information Sciences,article,en,https://doi.org/10.1016/j.jksuci.2023.03.019,,,,,
819,10.1109/taffc.2015.2392932,DECAF: MEG-Based Multimodal Database for Decoding Affective Physiological Responses,2015,IEEE Transactions on Affective Computing,article,en,https://ieeexplore.ieee.org/stamp/stamp.jsp?tp=&arnumber=7010926,,,,,
820,10.1109/smc58881.2025.11343636,MoRa: Multi-Graph Orthogonal Representation Adaptation Network for Cross-Subject EEG Emotion Recognition,2025,,conference-paper,,https://doi.org/10.1109/smc58881.2025.11343636,,,,,
821,10.3389/fnins.2022.974673,EEG emotion recognition based on cross-frequency granger causality feature extraction and fusion in the left and right hemispheres,2022,Frontiers in Neuroscience,article,en,https://doi.org/10.3389/fnins.2022.974673,,,,,
822,10.1007/978-3-031-93727-9_2,Emotion Recognition and Cognitive Load: Exploring Their Interconnected Dynamics in HCI,2025,Lecture notes in computer science,conference-paper,en,https://doi.org/10.1007/978-3-031-93727-9_2,,,,,
823,10.48550/arxiv.2511.06782,HEDN: A Hard-Easy Dual Network with Source Reliability Assessment for Cross-Subject EEG Emotion Recognition,2025,arXiv (Cornell University),preprint,,http://arxiv.org/abs/2511.06782,,,,,
824,10.1088/1361-6579/acd675,Spatial–temporal features-based EEG emotion recognition using graph convolution network and long short-term memory,2023,Physiological Measurement,article,en,https://doi.org/10.1088/1361-6579/acd675,,,,,
825,10.1109/wispnet.2017.8299778,Participant-dependent and participant-independent classification of emotions using EEG signals,2017,,conference-paper,en,https://doi.org/10.1109/wispnet.2017.8299778,,,,,
826,10.2139/ssrn.4714931,A Coupling of Common-Private Topological Patterns Learning Strategy to Eliminate Individual Differences for Eeg Emotion Recognition,2024,SSRN Electronic Journal,preprint,en,https://doi.org/10.2139/ssrn.4714931,,,,,
827,10.1016/j.asoc.2020.106426,Strengthen EEG-based emotion recognition using firefly integrated optimization algorithm,2020,Applied Soft Computing,article,en,https://doi.org/10.1016/j.asoc.2020.106426,,,,,
828,10.1016/j.knosys.2025.113938,UMDA-DDSTGN: An unsupervised meta-domain adaptation method using dynamic directed spatial-temporal graph network for EEG-based emotion recognition,2025,Knowledge-Based Systems,article,en,https://doi.org/10.1016/j.knosys.2025.113938,,,,,
829,10.1002/jnm.70087,A Lightweight Network Based on Multi‐Scale Convolutional Neural Network and Gated Transformer for EEG Emotion Classification,2025,International Journal of Numerical Modelling Electronic Networks Devices and Fields,article,en,https://doi.org/10.1002/jnm.70087,,,,,
830,10.1007/s10586-022-03705-0,An AI-empowered affect recognition model for healthcare and emotional well-being using physiological signals,2022,Cluster Computing,article,en,https://doi.org/10.1007/s10586-022-03705-0,,,,,
831,10.1186/s13634-024-01146-y,EEG emotion recognition based on differential entropy feature matrix through 2D-CNN-LSTM network,2024,EURASIP Journal on Advances in Signal Processing,article,en,https://doi.org/10.1186/s13634-024-01146-y,,,,,
832,10.1016/j.bspc.2022.103660,DRS-Net: A spatial–temporal affective computing model based on multichannel EEG data,2022,Biomedical Signal Processing and Control,article,en,https://doi.org/10.1016/j.bspc.2022.103660,,,,,
833,10.21203/rs.3.rs-1085276/v1,"GTSception: A Deep Learning EEG Emotion Recognition Model Based on Fusion of Global, Time Domain and Frequency Domain Feature Extraction",2021,Research Square,preprint,en,https://doi.org/10.21203/rs.3.rs-1085276/v1,,,,,
834,10.1016/j.knosys.2023.110372,EEG emotion recognition based on the attention mechanism and pre-trained convolution capsule network,2023,Knowledge-Based Systems,article,en,https://doi.org/10.1016/j.knosys.2023.110372,,,,,
835,10.1016/j.neuropsychologia.2020.107506,Emotion recognition with convolutional neural network and EEG-based EFDMs,2020,Neuropsychologia,article,en,https://pure.ulster.ac.uk/en/publications/fcd3fbd6-927b-4b72-8204-e79e5e6d3f63,,,,,
836,10.1007/978-3-031-20738-9_33,Emotion Recognition from Multi-channel EEG via an Attention-Based CNN Model,2023,Lecture notes on data engineering and communications technologies,conference-paper,en,https://doi.org/10.1007/978-3-031-20738-9_33,,,,,
837,10.1109/indicon52576.2021.9691724,Human Emotion Recognition using EEG Signal in Music Listening,2021,2021 IEEE 18th India Council International Conference (INDICON),conference-paper,en,https://doi.org/10.1109/indicon52576.2021.9691724,,,,,
838,10.1007/s11571-024-10123-y,PSPN: Pseudo-Siamese Pyramid Network for multimodal emotion analysis,2024,Cognitive Neurodynamics,article,en,https://pmc.ncbi.nlm.nih.gov/articles/PMC11564494/,,,,,
839,10.2139/ssrn.4066353,Deep Feature Pyramid Network for Eeg Emotion Recognition,2022,SSRN Electronic Journal,preprint,en,https://doi.org/10.2139/ssrn.4066353,,,,,
840,10.1016/j.neucom.2025.131715,UDA-DDA: Unsupervised domain adaptation with dynamic distribution alignment network for emotion recognition using EEG signals,2025,Neurocomputing,article,en,https://doi.org/10.1016/j.neucom.2025.131715,,,,,
841,10.1109/iccgiv57403.2022.00029,ASTNet: Kernel Attention-based Spatiotemporal Convolution Network for EEG Emotion Recognition,2022,,conference-paper,en,https://doi.org/10.1109/iccgiv57403.2022.00029,,,,,
842,10.1007/s11517-024-03094-z,Semi-supervised bipartite graph construction with active EEG sample selection for emotion recognition,2024,Medical & Biological Engineering & Computing,article,en,https://doi.org/10.1007/s11517-024-03094-z,,,,,
843,10.1016/j.bspc.2023.104741,EEG-based cross-subject emotion recognition using multi-source domain transfer learning,2023,Biomedical Signal Processing and Control,article,en,https://doi.org/10.1016/j.bspc.2023.104741,,,,,
844,10.5281/zenodo.19447745,Advanced Signal Processing for Cognitive Neurosciences,2015,Zenodo (CERN European Organization for Nuclear Research),article,,https://doi.org/10.5281/zenodo.19447745,,,,,
845,10.2139/ssrn.5575958,Hierarchical Attention and Cascade Neural Transformer Enhanced Graph Convolutional Network for EEG-Based Emotion Recognition,2025,SSRN Electronic Journal,preprint,en,https://doi.org/10.2139/ssrn.5575958,,,,,
846,10.1007/s13755-024-00271-0,Enhanced performance of EEG-based brain–computer interfaces by joint sample and feature importance assessment,2024,Health Information Science and Systems,article,en,https://pmc.ncbi.nlm.nih.gov/articles/PMC10874355/,,,,,
847,10.1109/jbhi.2024.3470338,LLM-Enhanced Multi-Teacher Knowledge Distillation for Modality-Incomplete Emotion Recognition in Daily Healthcare,2024,IEEE Journal of Biomedical and Health Informatics,article,en,https://doi.org/10.1109/jbhi.2024.3470338,,,,,
848,10.48550/arxiv.2110.06462,Simultaneously exploring multi-scale and asymmetric EEG features for emotion recognition,2021,arXiv (Cornell University),preprint,en,http://arxiv.org/abs/2110.06462,,,,,
849,10.1049/icp.2024.3462,Enhancing emotion recognition with attention-augmented EEG models,2025,IET conference proceedings.,conference-paper,en,https://doi.org/10.1049/icp.2024.3462,,,,,
850,10.1109/jbhi.2023.3301993,SECT: A Method of Shifted EEG Channel Transformer for Emotion Recognition,2023,IEEE Journal of Biomedical and Health Informatics,article,en,https://doi.org/10.1109/jbhi.2023.3301993,,,,,
851,10.1109/cac59555.2023.10450271,A Multi-Frequency Bands Residual Network with Multilevel Scales for EEG Emotion Recognition,2023,,conference-paper,en,https://doi.org/10.1109/cac59555.2023.10450271,,,,,
852,10.1007/978-3-031-21236-9_1,Hyper-Enhanced Feature Learning System for Emotion Recognition,2023,,book-chapter,en,https://doi.org/10.1007/978-3-031-21236-9_1,,,,,
853,10.1109/access.2025.3536549,"Integrating Deep Metric Learning, Semi Supervised Learning, and Domain Adaptation for Cross-Dataset EEG-Based Emotion Recognition",2025,IEEE Access,article,en,https://doi.org/10.1109/access.2025.3536549,,,,,
854,10.1109/icsidp62679.2024.10869131,Spatiotemporal Graph Convolutional Networks for EEG-Based Emotion Recognition,2024,,conference-paper,en,https://doi.org/10.1109/icsidp62679.2024.10869131,,,,,
855,10.36108/jrrslasu/8102/50(0141),Emotion Recognition Using Ensemble Bagged Tree Classifier and Electroencephalogram Signals,2018,JOURNAL OF RESEARCH AND REVIEW IN SCIENCE,article,en,https://doi.org/10.36108/jrrslasu/8102/50(0141),,,,,
856,10.1016/j.neulet.2016.09.037,An approach to EEG-based emotion recognition using combined feature extraction method,2016,Neuroscience Letters,article,en,https://doi.org/10.1016/j.neulet.2016.09.037,,,,,
857,10.3390/math13010087,EEG-RegNet: Regressive Emotion Recognition in Continuous VAD Space Using EEG Signals,2024,Mathematics,article,en,https://doi.org/10.3390/math13010087,,,,,
858,10.1109/insai60116.2023.00076,Supervised Contrastive Learning for EEG-Based Cross-Subject Emotion Recognition,2023,,conference-paper,en,https://doi.org/10.1109/insai60116.2023.00076,,,,,
859,10.3390/brainsci15111167,Objective Emotion Assessment Using a Triple Attention Network for an EEG-Based Brain–Computer Interface,2025,Brain Sciences,article,en,https://doi.org/10.3390/brainsci15111167,,,,,
860,10.1007/s41870-024-02001-x,Decoding emotional patterns using NIG modeling of EEG signals in the CEEMDAN domain,2024,International Journal of Information Technology,article,en,https://doi.org/10.1007/s41870-024-02001-x,,,,,
861,10.1109/biocas58349.2023.10389052,An Edge AI Accelerator of LRCN Model with RISC-V Platform for EEG-based Emotion Real-time Detection System,2023,,conference-paper,en,https://doi.org/10.1109/biocas58349.2023.10389052,,,,,
862,10.1109/kbei.2019.8735094,Emotion Recognition Using Chaotic Features And Symbolic Dynamic via Neural Networks,2019,2019 5th Conference on Knowledge Based Engineering and Innovation (KBEI),conference-paper,en,https://doi.org/10.1109/kbei.2019.8735094,,,,,
863,10.1109/cieec58067.2023.10167160,EEG-based Emotion Recognition Using Multi-Dimensional Convolutional Neural LSTM via Attention Mechanism,2023,,conference-paper,en,https://doi.org/10.1109/cieec58067.2023.10167160,,,,,
864,10.21203/rs.3.rs-5561710/v1,Development of Emotion Recognition for Rehabilitation Feedback System Using Wavelet Transform and LSTM,2024,Research Square,preprint,en,https://doi.org/10.21203/rs.3.rs-5561710/v1,,,,,
865,10.20944/preprints202509.1039.v1,Data-Centric AI for EEG-Based Emotion Recognition: Noise Filtering and Augmentation Strategies,2025,Preprints.org,preprint,en,https://doi.org/10.20944/preprints202509.1039.v1,,,,,
866,10.1145/3665689.3665719,Research on GCN-LSTM Emotion Recognition Algorithm with Attention Mechanism based on EEG,2024,,conference-paper,en,https://doi.org/10.1145/3665689.3665719,,,,,
867,10.3389/fnins.2024.1519970,STAFNet: an adaptive multi-feature learning network via spatiotemporal fusion for EEG-based emotion recognition,2024,Frontiers in Neuroscience,article,en,https://doi.org/10.3389/fnins.2024.1519970,,,,,
868,10.1016/j.bspc.2025.109084,An Optimised Spherical Spatial-Frequency Self-Convolutional Neural Network for EEG-Based Emotion Recognition,2025,Biomedical Signal Processing and Control,article,en,https://doi.org/10.1016/j.bspc.2025.109084,,,,,
869,10.48550/arxiv.2308.14059,Multi-Subdomain Adversarial Network for Cross-Subject EEG-based Emotion Recognition,2023,arXiv (Cornell University),preprint,en,http://arxiv.org/abs/2308.14059,,,,,
870,10.1007/978-981-99-8067-3_14,Two-Stream Spectral-Temporal Denoising Network for End-to-End Robust EEG-Based Emotion Recognition,2023,Lecture notes in computer science,conference-paper,en,https://doi.org/10.1007/978-981-99-8067-3_14,,,,,
871,10.3934/mbe.2023505,Semi-supervised regression with adaptive graph learning for EEG-based emotion recognition,2023,Mathematical Biosciences & Engineering,article,en,https://doi.org/10.3934/mbe.2023505,,,,,
872,10.3390/app122111255,EEG-Based Emotion Recognition Using Convolutional Recurrent Neural Network with Multi-Head Self-Attention,2022,Applied Sciences,article,en,https://doi.org/10.3390/app122111255,,,,,
873,10.1088/1361-6579/ad2eb6,Cerebral asymmetry representation learning-based deep subdomain adaptation network for electroencephalogram-based emotion recognition,2024,Physiological Measurement,article,en,https://doi.org/10.1088/1361-6579/ad2eb6,,,,,
874,10.1016/j.neucom.2025.129856,Structural investigations of multi-reservoir Echo State Networks for EEG-based emotion classification,2025,Neurocomputing,article,en,https://doi.org/10.1016/j.neucom.2025.129856,,,,,
875,10.1007/978-981-13-2354-6_5,Subject-Independent Emotion Detection from EEG Signals Using Deep Neural Network,2018,Lecture notes in networks and systems,book-chapter,en,https://doi.org/10.1007/978-981-13-2354-6_5,,,,,
876,10.1109/cai59869.2024.00099,Enhancing EEG-based emotion recognition using Semi-supervised Co-training Ensemble Learning,2024,,conference-paper,en,https://doi.org/10.1109/cai59869.2024.00099,,,,,
877,10.1109/iotaai62601.2024.10692370,Adaptive EEG Emotion Recognition Model Based on SCSSA Combined with CNN-Attention-LSTM,2024,,conference-paper,en,https://doi.org/10.1109/iotaai62601.2024.10692370,,,,,
878,10.3389/fnins.2023.1247082,Possibilistic distribution distance metric: a robust domain adaptation learning method,2023,Frontiers in Neuroscience,article,en,https://doi.org/10.3389/fnins.2023.1247082,,,,,
879,10.1088/1741-2552/ac6294,SCC-MPGCN: self-attention coherence clustering based on multi-pooling graph convolutional network for EEG emotion recognition,2022,Journal of Neural Engineering,article,en,https://doi.org/10.1088/1741-2552/ac6294,,,,,
880,10.48550/arxiv.2107.07740,MS-MDA: Multisource Marginal Distribution Adaptation for Cross-subject and Cross-session EEG Emotion Recognition,2021,arXiv (Cornell University),preprint,en,http://arxiv.org/abs/2107.07740,,,,,
881,10.48550/arxiv.2009.12525,Cross-individual Recognition of Emotions by a Dynamic Entropy based on Pattern Learning with EEG features,2020,arXiv (Cornell University),preprint,en,http://arxiv.org/abs/2009.12525,,,,,
882,10.11113/jt.v78.8842,OPTIMIZATION OF LEAST SQUARES SUPPORT VECTOR MACHINE TECHNIQUE USING GENETIC ALGORITHM FOR ELECTROENCEPHALOGRAM MULTI-DIMENSIONAL SIGNALS,2016,Jurnal Teknologi,article,en,https://doi.org/10.11113/jt.v78.8842,,,,,
883,10.1088/1741-2552/aced22,AutoEER: automatic EEG-based emotion recognition with neural architecture search,2023,Journal of Neural Engineering,article,en,https://doi.org/10.1088/1741-2552/aced22,,,,,
884,10.1007/978-3-319-18356-5_24,Emotional Affect Estimation Using Video and EEG Data in Deep Neural Networks,2015,Lecture notes in computer science,conference-paper,en,https://doi.org/10.1007/978-3-319-18356-5_24,,,,,
885,10.1109/access.2021.3068316,Effects of Data Augmentation Method Borderline-SMOTE on Emotion Recognition of EEG Signals Based on Convolutional Neural Network,2021,IEEE Access,article,en,https://doi.org/10.1109/access.2021.3068316,,,,,
886,10.5958/2347-7202.2019.00003.3,Discrete Emotion Recognition using EEG Signals,2019,JIMS8I - International Journal of Information Communication and Computing Technology,article,en,https://doi.org/10.5958/2347-7202.2019.00003.3,,,,,
887,10.3390/math10040598,A Class-Incremental Learning Method Based on Preserving the Learned Feature Space for EEG-Based Emotion Recognition,2022,Mathematics,article,en,https://doi.org/10.3390/math10040598,,,,,
888,10.1016/j.bspc.2023.105422,ICaps-ResLSTM: Improved capsule network and residual LSTM for EEG emotion recognition,2023,Biomedical Signal Processing and Control,article,en,https://doi.org/10.1016/j.bspc.2023.105422,,,,,
889,10.1109/icbsii61384.2024.10564040,Emotional Resonance in Brainwaves: EEG based Classification of Emotional Dynamics,2024,,conference-paper,en,https://doi.org/10.1109/icbsii61384.2024.10564040,,,,,
890,10.3390/app11156987,Emotion Recognition by Correlating Facial Expressions and EEG Analysis,2021,Applied Sciences,article,en,https://doi.org/10.3390/app11156987,,,,,
891,10.1109/ccisp55629.2022.9974553,A study on Frequency Domain Microstate Feature Fusion for EEG Emotion Recognition,2022,"2022 7th International Conference on Communication, Image and Signal Processing (CCISP)",conference-paper,en,https://doi.org/10.1109/ccisp55629.2022.9974553,,,,,
892,10.3390/s20113028,Enhancing BCI-Based Emotion Recognition Using an Improved Particle Swarm Optimization for Feature Selection,2020,Sensors,article,en,https://doi.org/10.3390/s20113028,,,,,
893,10.23977/acss.2021.050109,Testing the feasibility of EEG signals for emotion recognition,2021,Advances in Computer Signals and Systems,article,en,http://www.clausiuspress.com/assets/default/article/2021/08/03/article_1627969930.pdf,,,,,
894,10.23919/indiacom61295.2024.10498398,EEG-based Emotion Recognition: An In-depth Analysis using DEAP and SEED Datasets,2024,,conference-paper,en,https://doi.org/10.23919/indiacom61295.2024.10498398,,,,,
895,10.1109/taffc.2025.3595137,MTADA: A Multi-Task Adversarial Domain Adaptation Network for EEG-Based Cross-Subject Emotion Recognition,2025,IEEE Transactions on Affective Computing,article,en,https://doi.org/10.1109/taffc.2025.3595137,,,,,
896,10.1109/bibm55620.2022.9995704,EEG emotion recognition via Identity based Multi-gate Mixture-of-Experts network,2022,2022 IEEE International Conference on Bioinformatics and Biomedicine (BIBM),conference-paper,en,https://doi.org/10.1109/bibm55620.2022.9995704,,,,,
897,10.1016/j.compbiomed.2020.103875,Selecting transferrable neurophysiological features for inter-individual emotion recognition via a shared-subspace feature elimination approach,2020,Computers in Biology and Medicine,article,en,https://doi.org/10.1016/j.compbiomed.2020.103875,,,,,
898,10.1109/icbaie56435.2022.9985838,EEG Emotion Recognition Based on a Novel 4D Feature Fusion and 3D Convolutional Networks,2022,"2022 3rd International Conference on Big Data, Artificial Intelligence and Internet of Things Engineering (ICBAIE)",conference-paper,en,https://doi.org/10.1109/icbaie56435.2022.9985838,,,,,
899,10.1109/taffc.2018.2885474,A Bi-Hemisphere Domain Adversarial Neural Network Model for EEG Emotion Recognition,2018,IEEE Transactions on Affective Computing,article,en,https://doi.org/10.1109/taffc.2018.2885474,,,,,
900,10.1007/978-981-96-2179-8_38,Decoding Human Emotions: Analyzing Multi-channel EEG Data Using LSTM Networks,2025,Lecture notes in networks and systems,conference-paper,en,https://doi.org/10.1007/978-981-96-2179-8_38,,,,,
901,10.1109/bibm62325.2024.10821954,Uncertainty-Guided Incremental Interactive EEG Emotion Recognition with Gaussian Process,2024,,conference-paper,en,https://doi.org/10.1109/bibm62325.2024.10821954,,,,,
902,10.1007/978-3-030-80568-5_35,Real-Time Multimodal Emotion Classification System in E-Learning Context,2021,Proceedings of the international neural networks society,conference-paper,en,http://hdl.handle.net/2117/349313,,,,,
903,10.1088/1742-6596/1911/1/012014,EEG based mental state analysis,2021,Journal of Physics Conference Series,conference-paper,en,https://doi.org/10.1088/1742-6596/1911/1/012014,,,,,
904,10.1016/j.bspc.2024.107347,A novel 3D feature fusion network for EEG emotion recognition,2024,Biomedical Signal Processing and Control,article,en,https://doi.org/10.1016/j.bspc.2024.107347,,,,,
905,10.3389/fnbot.2022.834952,Linking Multi-Layer Dynamical GCN With Style-Based Recalibration CNN for EEG-Based Emotion Recognition,2022,Frontiers in Neurorobotics,article,en,https://doi.org/10.3389/fnbot.2022.834952,,,,,
906,10.1038/s41598-024-80448-5,Eeg based smart emotion recognition using meta heuristic optimization and hybrid deep learning techniques,2024,Scientific Reports,article,en,https://doi.org/10.1038/s41598-024-80448-5,,,,,
907,10.1007/s42600-024-00351-w,An EEG-based framework of EMD and CNN for arousal and valence recognition,2024,Research on Biomedical Engineering,article,en,https://doi.org/10.1007/s42600-024-00351-w,,,,,
908,10.1016/j.compbiomed.2024.109463,EEG headbands vs caps: How many electrodes do I need to detect emotions? The case of the MUSE headband,2024,Computers in Biology and Medicine,article,en,https://doi.org/10.1016/j.compbiomed.2024.109463,,,,,
909,10.1007/978-981-99-1642-9_38,Few-Shot Class-Incremental Learning for EEG-Based Emotion Recognition,2023,Communications in computer and information science,conference-paper,en,https://doi.org/10.1007/978-981-99-1642-9_38,,,,,
910,10.1109/bibm66473.2025.11357119,Dual-Maxup: A Dual-Maximization Data Augmentation Approach for Cross-Subject EEG Emotion Recognition via Meta-Transfer Learning,2025,,conference-paper,,https://doi.org/10.1109/bibm66473.2025.11357119,,,,,
911,10.4258/hir.2018.24.4.309,Arousal and Valence Classification Model Based on Long Short-Term Memory and DEAP Data for Mental Healthcare Management,2018,Healthcare Informatics Research,article,en,https://doi.org/10.4258/hir.2018.24.4.309,,,,,
912,10.1109/lsens.2024.3426562,Assessment of Emotion Elicitation Using Multimodal Physiological Sensors and Phase Synchronization,2024,IEEE Sensors Letters,article,en,https://doi.org/10.1109/lsens.2024.3426562,,,,,
913,10.1007/s11277-024-11188-y,Smart 6G Sensor Network Based Human Emotion Analysis by Machine Learning Architectures,2024,Wireless Personal Communications,article,en,https://doi.org/10.1007/s11277-024-11188-y,,,,,
914,10.2139/ssrn.4937543,Multi-Source Eeg Emotion Recognition Via Dynamic Contrastive Domain Adaptation,2024,SSRN Electronic Journal,preprint,en,http://dx.doi.org/10.2139/ssrn.4937543,,,,,
915,10.2139/ssrn.4646448,ICA-KMEANS Denoising and Spation- Projection Based d TSA-Res 3DCNN Model for EEG Emotion Recognition,2023,SSRN Electronic Journal,preprint,en,https://doi.org/10.2139/ssrn.4646448,,,,,
916,10.1016/j.aei.2024.102522,Light-weight residual convolution-based capsule network for EEG emotion recognition,2024,Advanced Engineering Informatics,article,en,https://doi.org/10.1016/j.aei.2024.102522,,,,,
917,10.1016/j.neunet.2023.08.031,CollectiveNet-AltSpec: A collective concurrent CNN architecture of alternate specifications for EEG media perception and emotion tracing aided by multi-domain feature-augmentation,2023,Neural Networks,article,en,https://doi.org/10.1016/j.neunet.2023.08.031,,,,,
918,10.36227/techrxiv.176344096.67347376/v1,One Model for All: Universal Pre-training for EEG based Emotion Recognition across Heterogeneous Datasets and Paradigms,2025,,preprint,,https://doi.org/10.36227/techrxiv.176344096.67347376/v1,,,,,
919,10.3389/fncom.2024.1416494,EEG-based emotion recognition using graph convolutional neural network with dual attention mechanism,2024,Frontiers in Computational Neuroscience,article,en,https://doi.org/10.3389/fncom.2024.1416494,,,,,
920,10.32473/flairs.v34i1.128458,Towards EEG-based Emotion Recognition During Video Viewing,2021,Proceedings of the ... International Florida Artificial Intelligence Research Society Conference,conference-paper,en,https://doi.org/10.32473/flairs.v34i1.128458,,,,,
921,10.1109/jbhi.2022.3148109,Single-Channel Selection for EEG-Based Emotion Recognition Using Brain Rhythm Sequencing,2022,IEEE Journal of Biomedical and Health Informatics,article,en,https://doi.org/10.1109/jbhi.2022.3148109,,,,,
922,10.1007/s00500-021-06578-4,EmoPercept: EEG-based emotion classification through perceiver,2022,Soft Computing,article,en,https://doi.org/10.1007/s00500-021-06578-4,,,,,
923,10.1007/s44196-025-00964-8,Enhancing Emotion Detection from EEG Signals by Extracting Spatiotemporal Features Using ConvLSTM Networks,2025,International Journal of Computational Intelligence Systems,article,en,https://doi.org/10.1007/s44196-025-00964-8,,,,,
924,10.1016/j.jestch.2021.03.012,Emotion recognition based on EEG feature maps through deep learning network,2021,Engineering Science and Technology an International Journal,article,en,https://doi.org/10.1016/j.jestch.2021.03.012,,,,,
925,10.1016/j.bspc.2023.105691,Emotion recognition from EEG signal enhancing feature map using partial mutual information,2023,Biomedical Signal Processing and Control,article,en,https://doi.org/10.1016/j.bspc.2023.105691,,,,,
926,10.1109/taffc.2025.3562027,Partial Label Learning for Emotion Recognition From EEG,2025,IEEE Transactions on Affective Computing,article,en,https://doi.org/10.1109/taffc.2025.3562027,,,,,
927,10.1016/j.neucom.2025.130254,Dual filtration subdomain adaptation network for cross-subject EEG emotion recognition,2025,Neurocomputing,article,en,https://doi.org/10.1016/j.neucom.2025.130254,,,,,
928,10.3390/app142210511,Performance Analysis and Improvement of Machine Learning with Various Feature Selection Methods for EEG-Based Emotion Classification,2024,Applied Sciences,article,en,https://doi.org/10.3390/app142210511,,,,,
929,10.1016/j.patcog.2020.107626,A prototype-based SPD matrix network for domain adaptation EEG emotion recognition,2020,Pattern Recognition,article,en,https://doi.org/10.1016/j.patcog.2020.107626,,,,,
930,10.1109/tcss.2025.3625747,SEmotion: Knowledge-Guided Sigmoid-Constrained Network for EEG-Based Emotion Recognition,2025,IEEE Transactions on Computational Social Systems,article,,https://doi.org/10.1109/tcss.2025.3625747,,,,,
931,10.2139/ssrn.4695322,En-Estrnet: Contrastive Learning for Cross-Subject Emotion Recognition with Temporal Depth Inception and Attention-Inspired Feature Enhancer,2024,SSRN Electronic Journal,preprint,en,https://doi.org/10.2139/ssrn.4695322,,,,,
932,10.1109/docs63458.2024.10704248,Prompt Learning-based Pretrained Visual Transformer for Emotion Recognition Using Electroencephalogram,2024,,conference-paper,en,https://doi.org/10.1109/docs63458.2024.10704248,,,,,
933,10.1007/978-981-99-1642-9_21,Graph Convolutional Neural Network Based on Channel Graph Fusion for EEG Emotion Recognition,2023,Communications in computer and information science,conference-paper,en,https://doi.org/10.1007/978-981-99-1642-9_21,,,,,
934,10.1016/j.compbiomed.2020.104001,Affective brain-computer interfaces: Choosing a meaningful performance measuring metric,2020,Computers in Biology and Medicine,article,en,http://arxiv.org/abs/2005.02619,,,,,
935,10.1109/tcds.2025.3545666,Cross-Subject and Cross-Session EEG Emotion Recognition Based on Multisource Structural Deep Clustering,2025,IEEE Transactions on Cognitive and Developmental Systems,article,en,https://doi.org/10.1109/tcds.2025.3545666,,,,,
936,10.1109/smc.2016.7844584,PNN for EEG-based Emotion Recognition,2016,,conference-paper,en,https://doi.org/10.1109/smc.2016.7844584,,,,,
937,10.48550/arxiv.2305.05548,CIT-EmotionNet: CNN Interactive Transformer Network for EEG Emotion Recognition,2023,arXiv (Cornell University),preprint,en,http://arxiv.org/abs/2305.05548,,,,,
938,10.1049/pbhe056e_ch6,Unraveling emotions: harnessing pre-trained convolutional neural networks for electroencephalogram signal analysis,2024,Institution of Engineering and Technology eBooks,book-chapter,en,https://doi.org/10.1049/pbhe056e_ch6,,,,,
939,10.1109/tai.2025.3560593,EEG Emotion Recognition Based on an Implicit Emotion Regulatory Mechanism,2025,IEEE Transactions on Artificial Intelligence,article,en,https://doi.org/10.1109/tai.2025.3560593,,,,,
940,10.1109/tim.2025.3544334,Band-Level Adaptive Fusion Network for Cross-Subject EEG Emotion Recognition,2025,IEEE Transactions on Instrumentation and Measurement,article,en,https://doi.org/10.1109/tim.2025.3544334,,,,,
941,10.48550/arxiv.2408.15255,Emotion Classification from Multi-Channel EEG Signals Using HiSTN: A Hierarchical Graph-based Spatial-Temporal Approach,2024,arXiv (Cornell University),preprint,en,http://arxiv.org/abs/2408.15255,,,,,
942,10.1109/embc48229.2022.9871743,Exploiting Multiple EEG Data Domains with Adversarial Learning,2022,2022 44th Annual International Conference of the IEEE Engineering in Medicine &amp; Biology Society (EMBC),conference-paper,en,https://doi.org/10.1109/embc48229.2022.9871743,,,,,
943,10.2139/ssrn.4153708,Emotion Recognition Using Dynamic Graph Metrics Based on Functional Integration and Separation of EEG Brain Network,2022,SSRN Electronic Journal,preprint,en,https://doi.org/10.2139/ssrn.4153708,,,,,
944,10.1007/s44196-024-00638-x,Towards Integrating Automatic Emotion Recognition in Education: A Deep Learning Model Based on 5 EEG Channels,2024,International Journal of Computational Intelligence Systems,article,en,https://doi.org/10.1007/s44196-024-00638-x,,,,,
945,10.1007/978-981-33-6173-7_4,EEG-Based Emotion Recognition and Its Interface with Augmented Reality,2021,Lecture notes in networks and systems,book-chapter,en,https://doi.org/10.1007/978-981-33-6173-7_4,,,,,
946,10.1109/ceria64726.2024.10914782,EEG-Based Emotion Recognition Using Principal Component Analysis and Support Vector Machine,2024,,conference-paper,en,https://doi.org/10.1109/ceria64726.2024.10914782,,,,,
947,10.3389/fnins.2018.00162,Exploring EEG Features in Cross-Subject Emotion Recognition,2018,Frontiers in Neuroscience,article,en,https://doi.org/10.3389/fnins.2018.00162,,,,,
948,10.1007/s11042-021-10716-3,Emotion recognition based on sparse representation of phase synchronization features,2021,Multimedia Tools and Applications,article,en,https://doi.org/10.1007/s11042-021-10716-3,,,,,
949,10.1007/978-981-99-2271-0_55,EEG-Based Emotion Recognition Using SVM,2023,Lecture notes in electrical engineering,conference-paper,en,https://doi.org/10.1007/978-981-99-2271-0_55,,,,,
950,10.1007/978-3-031-99939-0_23,Emotion Recognition from EEG Signals: A Machine Learning Perspective Using DEAP Dataset,2025,"Lecture notes of the Institute for Computer Sciences, Social Informatics and Telecommunications Engineering",conference-paper,en,https://doi.org/10.1007/978-3-031-99939-0_23,,,,,
951,10.1016/j.jneumeth.2023.109879,EEG rhythm based emotion recognition using multivariate decomposition and ensemble machine learning classifier,2023,Journal of Neuroscience Methods,article,en,https://doi.org/10.1016/j.jneumeth.2023.109879,,,,,
952,10.1109/iceet48479.2020.9048217,EEG-based Emotion Recognition for Multi Channel Fast Empirical Mode Decomposition using VGG-16,2020,,conference-paper,en,https://doi.org/10.1109/iceet48479.2020.9048217,,,,,
953,10.1109/bibm58861.2023.10385574,BiCCT: A Compact Convolutional Transformer for EEG Emotion Recognition,2023,,conference-paper,en,https://doi.org/10.1109/bibm58861.2023.10385574,,,,,
954,10.1007/978-981-96-3297-8_5,Comparative Analysis of Channel Selection Methods for EEG-Based Emotion Recognition: Balancing Accuracy and Efficiency,2025,Lecture notes in computer science,conference-paper,en,https://doi.org/10.1007/978-981-96-3297-8_5,,,,,
955,10.1109/icmoce64100.2025.11077075,A Hybrid Approach for Emotions Classification using Modified Intrinsic Time Scale Decomposition,2025,,conference-paper,en,https://doi.org/10.1109/icmoce64100.2025.11077075,,,,,
956,10.1109/bibm62325.2024.10822473,Advancing Semi-Supervised EEG Emotion Recognition through Feature Extraction with Mixup and Large Language Models,2024,,conference-paper,en,https://doi.org/10.1109/bibm62325.2024.10822473,,,,,
957,10.1109/icufn.2016.7536936,EEG-based emotion recognition approach for e-healthcare applications,2016,,conference-paper,en,https://doi.org/10.1109/icufn.2016.7536936,,,,,
958,10.1109/tcds.2021.3071170,Comparing Recognition Performance and Robustness of Multimodal Deep Learning Models for Multimodal Emotion Recognition,2022,IEEE Transactions on Cognitive and Developmental Systems,article,en,https://doi.org/10.1109/tcds.2021.3071170,,,,,
959,10.1016/j.neucom.2021.05.064,Progressive low-rank subspace alignment based on semi-supervised joint domain adaption for personalized emotion recognition,2021,Neurocomputing,article,en,https://doi.org/10.1016/j.neucom.2021.05.064,,,,,
960,10.1109/itc-egypt66095.2025.11186562,Emotion Recognition from EEG Signals Using Vision Transformer and CNN,2025,,conference-paper,en,https://doi.org/10.1109/itc-egypt66095.2025.11186562,,,,,
961,10.1007/978-3-031-93598-5_10,Unlabeled Multimodal Datasets for Robust Emotion Recognition,2025,Communications in computer and information science,conference-paper,en,https://link.springer.com/chapter/10.1007/978-3-031-93598-5_10,,,,,
962,10.32604/cmc.2022.027856,EEG Emotion Recognition Using an Attention Mechanism Based on an Optimized Hybrid Model,2022,"Computers, materials & continua/Computers, materials & continua (Print)",article,en,https://doi.org/10.32604/cmc.2022.027856,,,,,
963,10.1109/bibm66473.2025.11356439,Adaptive Progressive Attention Graph Neural Network for EEG Emotion Recognition,2025,,conference-paper,,https://doi.org/10.1109/bibm66473.2025.11356439,,,,,
964,10.1016/j.bspc.2021.102765,System identification methods for dynamic models of brain activity,2021,Biomedical Signal Processing and Control,article,en,https://doi.org/10.1016/j.bspc.2021.102765,,,,,
965,10.1109/icassp48485.2024.10447194,Multimodal Multi-View Spectral-Spatial-Temporal Masked Autoencoder for Self-Supervised Emotion Recognition,2024,,conference-paper,en,https://doi.org/10.1109/icassp48485.2024.10447194,,,,,
966,10.1109/smc42975.2020.9283159,Multi-Channel EEG Based Emotion Recognition Using Temporal Convolutional Network and Broad Learning System,2020,,conference-paper,en,https://doi.org/10.1109/smc42975.2020.9283159,,,,,
967,10.32598/bcn.2021.3133.1,A Hybrid EEG-based Emotion Recognition Approach Using Wavelet Convolutional Neural Networks and Support Vector Machine,2021,Basic and Clinical Neuroscience Journal,article,en,https://doi.org/10.32598/bcn.2021.3133.1,,,,,
968,10.1109/iccins58907.2023.10450043,EEG-Based Emotion Classification with Per Class Feature Importance Using Multi-Domain Features,2023,,conference-paper,en,https://doi.org/10.1109/iccins58907.2023.10450043,,,,,
969,10.1109/icassp49357.2023.10096469,Two-Phase Prototypical Contrastive Domain Generalization for Cross-Subject EEG-Based Emotion Recognition,2023,,conference-paper,en,https://doi.org/10.1109/icassp49357.2023.10096469,,,,,
970,10.1088/1742-6596/1966/1/012043,EEG Emotion Recognition Based on Optimal Feature Selection,2021,Journal of Physics Conference Series,conference-paper,en,https://doi.org/10.1088/1742-6596/1966/1/012043,,,,,
971,10.82234/ijsee.2025.1215244,EEG-based Emotion Recognition Using a Hybrid Fusion Approach,2025,International journal of smart electrical engineering,article,en,https://doi.org/10.82234/ijsee.2025.1215244,,,,,
972,10.1109/jbhi.2023.3335854,ST-SCGNN: A Spatio-Temporal Self-Constructing Graph Neural Network for Cross-Subject EEG-Based Emotion Recognition and Consciousness Detection,2023,IEEE Journal of Biomedical and Health Informatics,article,en,https://doi.org/10.1109/jbhi.2023.3335854,,,,,
973,10.1016/j.compbiomed.2022.105606,EEG emotion recognition based on enhanced SPD matrix and manifold dimensionality reduction,2022,Computers in Biology and Medicine,article,en,https://doi.org/10.1016/j.compbiomed.2022.105606,,,,,
974,10.1109/taffc.2025.3611173,STRFLNet: Spatio-Temporal Representation Fusion Learning Network for EEG-Based Emotion Recognition,2025,IEEE Transactions on Affective Computing,article,en,https://doi.org/10.1109/taffc.2025.3611173,,,,,
975,10.12691/ajcrr-2-4-3,Emotion Detection from EEG signals with Continuous Wavelet Analyzing,2014,American Journal of Computing Research Repository,article,en,https://doi.org/10.12691/ajcrr-2-4-3,,,,,
976,10.1088/1741-2552/ad3c28,MSLTE: multiple self-supervised learning tasks for enhancing EEG emotion recognition,2024,Journal of Neural Engineering,article,en,https://doi.org/10.1088/1741-2552/ad3c28,,,,,
977,10.1109/icmtma54903.2022.00127,EEG-Based Emotion Recognition Using Partial Directed Coherence Dense Graph Propagation,2022,2022 14th International Conference on Measuring Technology and Mechatronics Automation (ICMTMA),conference-paper,en,https://doi.org/10.1109/icmtma54903.2022.00127,,,,,
978,10.20944/preprints202509.0094.v1,GBV-Net: Hierarchical Fusion of Facial Expressions and Physiological Signals for Multimodal Emotion Recognition,2025,Preprints.org,preprint,en,https://doi.org/10.20944/preprints202509.0094.v1,,,,,
979,10.2139/ssrn.4251275,On Emotion Recognition Through Dynamic Directed Network and Machine Learning Based on Eeg,2022,SSRN Electronic Journal,preprint,en,https://doi.org/10.2139/ssrn.4251275,,,,,
980,10.1109/icec2nt65402.2025.11380040,Single—Channel EEG Signal Based Emotion Recognition System Using Quantum Local Binary Pattern,2025,,conference-paper,,https://doi.org/10.1109/icec2nt65402.2025.11380040,,,,,
981,10.70114/acmsr.2024.1.1.p231,Research on Emotional Recognition System of EEG Signals Based on CNN+LSTM,2024,Advances in computer and materials science research.,article,en,http://dx.doi.org/10.70114/acmsr.2024.1.1.p231,,,,,
982,10.1007/s12559-023-10171-2,A Fuzzy Ensemble-Based Deep learning Model for EEG-Based Emotion Recognition,2023,Cognitive Computation,article,en,https://doi.org/10.1007/s12559-023-10171-2,,,,,
983,10.1007/s13755-023-00226-x,STSNet: a novel spatio-temporal-spectral network for subject-independent EEG-based emotion recognition,2023,Health Information Science and Systems,article,en,https://www.ncbi.nlm.nih.gov/pmc/articles/10229500,,,,,
984,10.21203/rs.3.rs-7515716/v1,Explainable EEG Emotion Recognition Based on 4D Attention,2025,Research Square,preprint,en,https://doi.org/10.21203/rs.3.rs-7515716/v1,,,,,
985,10.1016/j.bspc.2025.107536,Multiple class transfer learning framework with source label adaptive correction for EEG emotion recognition,2025,Biomedical Signal Processing and Control,article,en,https://doi.org/10.1016/j.bspc.2025.107536,,,,,
986,10.1145/3132300.3132303,An enhanced Discrete Wavelet Packet Transform for Feature Extraction in Electroencephalogram Signals,2017,,conference-paper,en,https://doi.org/10.1145/3132300.3132303,,,,,
987,10.1109/smc58881.2025.11343530,Self-Supervised rU-net With Spectrum Branch: A Novel Framework for Subject-independent Emotion Recognition based on Peripheral Physiological Signals,2025,,conference-paper,,https://doi.org/10.1109/smc58881.2025.11343530,,,,,
988,10.1016/j.compbiomed.2021.104867,PrimePatNet87: Prime pattern and tunable q-factor wavelet transform techniques for automated accurate EEG emotion recognition,2021,Computers in Biology and Medicine,article,en,https://www.scopus.com/inward/record.uri?partnerID=HzOxMe3b&scp=85115031697&origin=inward,,,,,
989,10.3233/faia240827,MCAHNN: Multi-Channel EEG Emotion Recognition Using Attention Mechanism Based on Householder Reflection,2024,Frontiers in artificial intelligence and applications,book-chapter,en,https://doi.org/10.3233/faia240827,,,,,
990,10.1109/icbsii65145.2025.11013139,Single-Modality Emotion Detection: EEG-Based Feature Engineering and Interpretability,2025,,conference-paper,en,https://doi.org/10.1109/icbsii65145.2025.11013139,,,,,
991,10.3389/fnins.2021.690044,Possibilistic Clustering-Promoting Semi-Supervised Learning for EEG-Based Emotion Recognition,2021,Frontiers in Neuroscience,article,en,https://doi.org/10.3389/fnins.2021.690044,,,,,
992,10.1109/icftic68075.2025.11324690,Research on Emotion Recognition Based on Multimodal Fusion and Class Balance Strategy,2025,,conference-paper,,https://doi.org/10.1109/icftic68075.2025.11324690,,,,,
993,10.1049/pbpc034e_ch2,Artificial intelligence for affective computing: an emotion recognition case study,2020,Institution of Engineering and Technology eBooks,book-chapter,en,https://durham-repository.worktribe.com/output/1655159,,,,,
994,10.54254/2755-2721/88/20241638,Label-refined EEG emotion classification based on intelligent media communication,2024,Applied and Computational Engineering,article,en,http://dx.doi.org/10.54254/2755-2721/88/20241638,,,,,
995,10.1080/10255842.2024.2417212,Multi-source domain transfer network based on subdomain adaptation and minimum class confusion for EEG emotion recognition,2024,Computer Methods in Biomechanics & Biomedical Engineering,article,en,https://doi.org/10.1080/10255842.2024.2417212,,,,,
996,10.2139/ssrn.4179880,Minimum Spanning Tree Brain Network Topology Predicts Individual Differences in the Structure of Affective Experience,2022,SSRN Electronic Journal,preprint,en,https://doi.org/10.2139/ssrn.4179880,,,,,
997,10.1016/j.bspc.2023.104894,Design of subject independent 3D VAD emotion detection system using EEG signals and machine learning algorithms,2023,Biomedical Signal Processing and Control,article,en,https://doi.org/10.1016/j.bspc.2023.104894,,,,,
998,10.21203/rs.3.rs-5002729/v1,GANFIS: The Ensemble model for Affective Classification,2024,Research Square,preprint,en,https://doi.org/10.21203/rs.3.rs-5002729/v1,,,,,
999,10.1016/j.inffus.2025.104053,Emotional lateralization-inspired spatiotemporal neural networks for EEG-based emotion recognition,2025,Information Fusion,article,en,https://doi.org/10.1016/j.inffus.2025.104053,,,,,
1000,10.1088/1741-2552/ac63ec,Semi-supervised EEG emotion recognition model based on enhanced graph fusion and GCN,2022,Journal of Neural Engineering,article,en,https://doi.org/10.1088/1741-2552/ac63ec,,,,,
1001,10.1109/ic3.2019.8844893,Temporal measures for analysis of emotional states from human electroencephalography signals,2019,,conference-paper,en,https://doi.org/10.1109/ic3.2019.8844893,,,,,
1002,10.1007/978-3-031-15919-0_4,BiSMSM: A Hybrid MLP-Based Model of Global Self-Attention Processes for EEG-Based Emotion Recognition,2022,Lecture notes in computer science,conference-paper,en,https://doi.org/10.1007/978-3-031-15919-0_4,,,,,
1003,10.1109/aidlnn65358.2024.00043,Multimodal Physiological Signal Emotion Recognition Method Based on Attention Mechanism,2024,,conference-paper,en,https://doi.org/10.1109/aidlnn65358.2024.00043,,,,,
1004,10.1109/embc46164.2021.9629520,EEG-based Emotion Recognition Using Similarity Measure of Brain Rhythm Sequencing,2021,2021 43rd Annual International Conference of the IEEE Engineering in Medicine &amp; Biology Society (EMBC),conference-paper,en,https://doi.org/10.1109/embc46164.2021.9629520,,,,,
1005,10.1016/j.ins.2022.07.121,EEG-based cross-subject emotion recognition using Fourier-Bessel series expansion based empirical wavelet transform and NCA feature selection method,2022,Information Sciences,article,en,https://doi.org/10.1016/j.ins.2022.07.121,,,,,
1006,10.3390/brainsci15070707,Multimodal Knowledge Distillation for Emotion Recognition,2025,Brain Sciences,article,en,https://doi.org/10.3390/brainsci15070707,,,,,
1007,10.1007/978-3-031-17976-1_9,KAM - A Kernel Attention Module for Emotion Classification with EEG Data,2022,Lecture notes in computer science,conference-paper,en,https://doi.org/10.1007/978-3-031-17976-1_9,,,,,
1008,10.3389/fnbot.2024.1481746,Directional Spatial and Spectral Attention Network (DSSA Net) for EEG-based emotion recognition,2025,Frontiers in Neurorobotics,article,en,https://doi.org/10.3389/fnbot.2024.1481746,,,,,
1009,10.1109/iraset64571.2025.11008063,Investigation on the effect of feature extraction block on the performance of EEG-based emotion recognition system,2025,,conference-paper,en,https://doi.org/10.1109/iraset64571.2025.11008063,,,,,
1010,10.1142/s0219519424400372,M4EEG: MATCHING NETWORK-BASED MENTAL HEALTH STATUS ASSESSMENT MODEL USING EEG SIGNALS,2024,Journal of Mechanics in Medicine and Biology,article,en,https://doi.org/10.1142/s0219519424400372,,,,,
1011,10.1007/s11801-023-2207-x,Research on EEG emotion recognition based on CNN+BiLSTM+self-attention model,2023,Optoelectronics Letters,article,en,https://doi.org/10.1007/s11801-023-2207-x,,,,,
1012,10.1109/bibm49941.2020.9312984,FOIT: Fast Online Instance Transfer for Improved EEG Emotion Recognition,2020,,conference-paper,en,https://doi.org/10.1109/bibm49941.2020.9312984,,,,,
1013,10.1109/jbhi.2024.3395622,Attention-Based Temporal Graph Representation Learning for EEG-Based Emotion Recognition,2024,IEEE Journal of Biomedical and Health Informatics,article,en,https://opus.bibliothek.uni-augsburg.de/opus4/frontdoor/index/index/docId/116266,,,,,
1014,10.1016/j.bspc.2022.103485,Learning DenseNet features from EEG based spectrograms for subject independent emotion recognition,2022,Biomedical Signal Processing and Control,article,en,https://doi.org/10.1016/j.bspc.2022.103485,,,,,
1015,10.63590/jsetms.2025.v02.i07.pp49-60,Novel Deep Learning Methods for Identifying Human Emotions: A Comprehensive Review,2025,Journal of Science Engineering Technology and Management Sciences,article,en,https://doi.org/10.63590/jsetms.2025.v02.i07.pp49-60,,,,,
1016,10.1002/jnm.70000,EEG Emotion Recognition Based on GADF and AMB ‐ CNN Model,2024,International Journal of Numerical Modelling Electronic Networks Devices and Fields,article,en,https://doi.org/10.1002/jnm.70000,,,,,
1017,10.1109/tii.2022.3170422,EEG-based Emotion Recognition via Transformer Neural Architecture Search,2022,IEEE Transactions on Industrial Informatics,article,en,https://doi.org/10.1109/tii.2022.3170422,,,,,
1018,10.2139/ssrn.5143190,Milmer: A Framework for Multiple Instance Learning Based Multimodal Emotion Recognition,2025,SSRN Electronic Journal,preprint,en,https://doi.org/10.2139/ssrn.5143190,,,,,
1019,10.1109/crc55853.2022.10041230,Affective Brain-Computer Interface using Frontal Entropy Asymmetry for Human- Machine Interaction,2022,,conference-paper,en,https://doi.org/10.1109/crc55853.2022.10041230,,,,,
1020,10.2139/ssrn.5025341,Domain Adaptation-Based Dilated Causal Convolution and Criss-Cross Attention Networks for Eeg Emotion Recognition,2024,SSRN Electronic Journal,preprint,en,http://dx.doi.org/10.2139/ssrn.5025341,,,,,
1021,10.1007/978-981-99-8438-1_18,EEG Features Selection by Using Tasmanian Devil Optimization Algorithm for Stress Detection,2024,Algorithms for intelligent systems,conference-paper,en,https://doi.org/10.1007/978-981-99-8438-1_18,,,,,
1022,10.1109/taffc.2022.3164516,Contrastive Learning of Subject-Invariant EEG Representations for Cross-Subject Emotion Recognition,2022,IEEE Transactions on Affective Computing,article,en,http://arxiv.org/abs/2109.09559,,,,,
1023,10.1007/s11042-023-17018-w,Generating personalized facial emotions using emotional EEG signals and conditional generative adversarial networks,2023,Multimedia Tools and Applications,article,en,https://doi.org/10.1007/s11042-023-17018-w,,,,,
1024,10.1109/embc53108.2024.10782956,EEG Data Augmentation for Emotion Recognition Using Diffusion Model,2024,,conference-paper,en,https://doi.org/10.1109/embc53108.2024.10782956,,,,,
1025,10.1109/ainit61980.2024.10581447,A Bi-LSTM Frequency Band Attention Network for EEG- Based Emotion Recognition,2024,,conference-paper,en,https://doi.org/10.1109/ainit61980.2024.10581447,,,,,
1026,10.1109/bibm62325.2024.10821740,LG-GAT: Local-Global Graph Attention Network for EEG Emotion Recognition,2024,,conference-paper,en,https://doi.org/10.1109/bibm62325.2024.10821740,,,,,
1027,10.3389/fnins.2024.1305284,Brain-inspired modular echo state network for EEG-based emotion recognition,2024,Frontiers in Neuroscience,article,en,https://doi.org/10.3389/fnins.2024.1305284,,,,,
1028,10.1109/bibm66473.2025.11356493,CMGNN: Cross-Modal Emotion Recognition via EEG-Face Alignment and Expert-Guided Fusion,2025,,conference-paper,,https://doi.org/10.1109/bibm66473.2025.11356493,,,,,
1029,10.1109/access.2025.3553809,Entropy-Based Emotion Recognition Using EEG Signals,2025,IEEE Access,article,en,https://doi.org/10.1109/access.2025.3553809,,,,,
1030,10.2139/ssrn.5074001,An Integrated Time-Frequency-Spatial Feature Approach for Eeg Emotion Recognition,2024,SSRN Electronic Journal,preprint,en,https://doi.org/10.2139/ssrn.5074001,,,,,
1031,10.1109/tcds.2021.3074811,Electroencephalogram Emotion Recognition Based on Dispersion Entropy Feature Extraction Using Random Oversampling Imbalanced Data Processing,2021,IEEE Transactions on Cognitive and Developmental Systems,article,en,https://doi.org/10.1109/tcds.2021.3074811,,,,,
1032,10.1109/embc.2015.7320065,Investigation of window size in classification of EEG-emotion signal with wavelet entropy and support vector machine,2015,,conference-paper,en,http://hdl.handle.net/10453/37119,,,,,
1033,10.1109/eiecs59936.2023.10435534,Emotion Recognition Based on Microstates: A Comparison between Scalp and Source Analysis,2023,,conference-paper,en,https://doi.org/10.1109/eiecs59936.2023.10435534,,,,,
1034,10.1371/journal.pone.0253383,Automatic subject-specific spatiotemporal feature selection for subject-independent affective BCI,2021,PLoS ONE,article,en,https://doi.org/10.1371/journal.pone.0253383,,,,,
1035,10.1109/access.2024.3452781,Modality- and Subject-Aware Emotion Recognition Using Knowledge Distillation,2024,IEEE Access,article,en,https://doi.org/10.1109/access.2024.3452781,,,,,
1036,10.1088/1742-6596/3147/1/012025,Learning the Spatiotemporal Representation of EEG Source Microstate for Emotion Recognition,2025,Journal of Physics Conference Series,conference-paper,,https://doi.org/10.1088/1742-6596/3147/1/012025,,,,,
1037,10.1109/ainit61980.2024.10581575,The Dual-3DCRU Model Based on Hemisphere Asymmetry for EEG Emotion Recognition,2024,,conference-paper,en,https://doi.org/10.1109/ainit61980.2024.10581575,,,,,
1038,10.2139/ssrn.4892142,Decoding Emotions: An Integrated Machine Learning Framework for Subject-Independent Eeg-Based Emotion Recognition,2024,SSRN Electronic Journal,preprint,en,http://dx.doi.org/10.2139/ssrn.4892142,,,,,
1039,10.1007/s00371-024-03652-4,EEG emotion recognition approach using multi-scale convolution and feature fusion,2024,The Visual Computer,article,en,https://doi.org/10.1007/s00371-024-03652-4,,,,,
1040,10.3389/fnins.2023.1221512,An innovative EEG-based emotion recognition using a single channel-specific feature from the brain rhythm code method,2023,Frontiers in Neuroscience,article,en,https://doi.org/10.3389/fnins.2023.1221512,,,,,
1041,10.1109/jbhi.2025.3562090,FedKDC: Consensus-Driven Knowledge Distillation for Personalized Federated Learning in EEG-Based Emotion Recognition,2025,IEEE Journal of Biomedical and Health Informatics,article,en,https://doi.org/10.1109/jbhi.2025.3562090,,,,,
1042,10.1007/978-3-031-28324-6_13,An Experimental Investigation on the Emotion Recognition Using Power Spectrum Density and Machine Learning Algorithms in EEG Signals,2023,EAI/Springer Innovations in Communication and Computing,conference-paper,en,https://doi.org/10.1007/978-3-031-28324-6_13,,,,,
1043,10.1109/ccis.2018.8691174,EEG Emotion Classification Based On Baseline Strategy,2018,,conference-paper,en,https://doi.org/10.1109/ccis.2018.8691174,,,,,
1044,10.3390/e27010096,A Resource-Efficient Multi-Entropy Fusion Method and Its Application for EEG-Based Emotion Recognition,2025,Entropy,article,en,https://doi.org/10.3390/e27010096,,,,,
1045,10.1142/s0219519424400086,AN OPTIMIZED RESIDUAL NETWORK FOR EMOTION RECOGNITION BASED ON A MULTI-FEATURES FUSION TECHNOLOGY AND ELECTROENCEPHALOGRAPHY SIGNALS,2024,Journal of Mechanics in Medicine and Biology,article,en,https://doi.org/10.1142/s0219519424400086,,,,,
1046,10.1109/isee68370.2025.11223426,Towards Scalable Eeg-Based Emotion Recognition for Mental Health: A Multi-Task Learning Approach,2025,,conference-paper,,https://doi.org/10.1109/isee68370.2025.11223426,,,,,
1047,10.1145/3777577.3777605,Machine Learning Methods for EEG-Based Emotion Recognition,2025,,conference-paper,,https://doi.org/10.1145/3777577.3777605,,,,,
1048,10.1088/1741-2552/abb580,Data augmentation for enhancing EEG-based emotion recognition with deep generative models,2020,Journal of Neural Engineering,article,en,https://doi.org/10.1088/1741-2552/abb580,,,,,
1049,10.1109/tnnls.2022.3225855,Hierarchical Dynamic Graph Convolutional Network With Interpretability for EEG-Based Emotion Recognition,2022,IEEE Transactions on Neural Networks and Learning Systems,article,en,https://doi.org/10.1109/tnnls.2022.3225855,,,,,
1050,10.1109/ieeeconf65522.2025.11137009,Application of the CNN-BiGRU-Attention Network Optimized by Secretary Bird Optimization Algorithm in EEG-Based Emotion Recognition,2025,,conference-paper,en,https://doi.org/10.1109/ieeeconf65522.2025.11137009,,,,,
1051,10.1109/icici-bme.2017.8537731,Identifying Rules for Electroencephalograph (EEG) Emotion Recognition and Classification,2017,,conference-paper,en,https://doi.org/10.1109/icici-bme.2017.8537731,,,,,
1052,10.1109/cbms55023.2022.00072,TcT: Temporal and channel Transformer for EEG-based Emotion Recognition,2022,,conference-paper,en,https://doi.org/10.1109/cbms55023.2022.00072,,,,,
1053,10.1007/s13042-021-01414-5,EEG-based Emotion Recognition with Feature Fusion Networks,2021,International Journal of Machine Learning and Cybernetics,article,en,https://doi.org/10.1007/s13042-021-01414-5,,,,,
1054,10.1016/j.measurement.2024.115940,Emotion recognition based on a limited number of multimodal physiological signals channels,2024,Measurement,article,en,https://doi.org/10.1016/j.measurement.2024.115940,,,,,
1055,10.25163/primeasia.4140046,Enhancing Emotion Recognition through Deep Learning and Brain-Computer Interface Technology,2023,Journal of Primeasia,article,en,https://doi.org/10.25163/primeasia.4140046,,,,,
1056,10.1109/access.2019.2945059,Emotion Recognition and Dynamic Functional Connectivity Analysis Based on EEG,2019,IEEE Access,article,en,https://doi.org/10.1109/access.2019.2945059,,,,,
1057,10.1007/s42979-022-01155-4,A Comprehensive Review on Sentiment Perception Using Electroencephalography (EEG),2022,SN Computer Science,article,en,https://doi.org/10.1007/s42979-022-01155-4,,,,,
1058,10.2139/ssrn.4760206,Stream: A Spatio Temporal Features Based Recognition and Emotional Analysis Model for Electroencephalography (Eeg) Signals Utilizing Transformer Encoders,2024,SSRN Electronic Journal,preprint,en,https://doi.org/10.2139/ssrn.4760206,,,,,
1059,10.1016/j.patrec.2017.06.004,Reinforcement online learning for emotion prediction by using physiological signals,2017,Pattern Recognition Letters,article,en,https://doi.org/10.1016/j.patrec.2017.06.004,,,,,
1060,10.3390/math10173131,Multi-Channel EEG Emotion Recognition Based on Parallel Transformer and 3D-Convolutional Neural Network,2022,Mathematics,article,en,https://doi.org/10.3390/math10173131,,,,,
1061,10.1016/j.eswa.2017.09.062,Evolutionary computation algorithms for feature selection of EEG-based emotion recognition using mobile sensors,2017,Expert Systems with Applications,article,en,https://doi.org/10.1016/j.eswa.2017.09.062,,,,,
1062,10.1088/1742-6596/3147/1/012032,GTP-Net: A Graph–Transformer Framework for Cross-Subject EEG-Based Emotion Recognition,2025,Journal of Physics Conference Series,conference-paper,,https://doi.org/10.1088/1742-6596/3147/1/012032,,,,,
1063,10.1007/s10489-022-04366-7,EEG emotion recognition based on PLV-rich-club dynamic brain function network,2022,Applied Intelligence,article,en,https://doi.org/10.1007/s10489-022-04366-7,,,,,
1064,10.1088/1742-6596/2923/1/012008,Dynamic Neurological Insights: Real-Time Stress Analysis Utilizing Portable EEG Kits,2024,Journal of Physics Conference Series,conference-paper,en,https://doi.org/10.1088/1742-6596/2923/1/012008,,,,,
1065,10.1109/icon-bciht63907.2024.10882363,Dynamic Emotion Regulation through Reinforcement Learning: A Neurofeedback System with EEG Data and Custom Wearable Interventions,2024,,conference-paper,en,https://doi.org/10.1109/icon-bciht63907.2024.10882363,,,,,
1066,10.2139/ssrn.4573423,Interactive Multi-Agent Convolutional Broad Network for Eeg-Based Subject-Independent Emotion Recognition,2023,SSRN Electronic Journal,preprint,en,https://doi.org/10.2139/ssrn.4573423,,,,,
1067,10.1080/10255842.2023.2252953,Learning classifiers in clustered data: BCI pattern recognition model for EEG-based human emotion recognition,2023,Computer Methods in Biomechanics & Biomedical Engineering,article,en,https://doi.org/10.1080/10255842.2023.2252953,,,,,
1068,10.1016/j.measurement.2022.112379,TMLP+SRDANN: A domain adaptation method for EEG-based emotion recognition,2022,Measurement,article,en,https://doi.org/10.1016/j.measurement.2022.112379,,,,,
1069,10.1109/icsai.2017.8248513,EEG-based emotion recognition using empirical wavelet transform,2017,,conference-paper,en,https://doi.org/10.1109/icsai.2017.8248513,,,,,
1070,10.1016/j.knosys.2023.111011,Cross-subject EEG linear domain adaption based on batch normalization and depthwise convolutional neural network,2023,Knowledge-Based Systems,article,en,https://doi.org/10.1016/j.knosys.2023.111011,,,,,
1071,10.12785/ijcds/150141,"Emotion Detection using Stack Auto Encoder, Deep Learning and LSTM Model",2024,International Journal of Computing and Digital Systems,article,en,https://doi.org/10.12785/ijcds/150141,,,,,
1072,10.1109/bhi.2014.6864469,Compact unsupervised EEG response representation for emotion recognition,2014,IEEE-EMBS International Conference on Biomedical and Health Informatics (BHI ...),conference-paper,en,https://doi.org/10.1109/bhi.2014.6864469,,,,,
1073,10.1109/acait63902.2024.11022291,Hierarchical Dynamic Dependency Graph Convolutional Networks for EEG Emotion Recognition,2024,,conference-paper,en,https://doi.org/10.1109/acait63902.2024.11022291,,,,,
1074,10.1016/j.bspc.2025.108016,Multi-source domain separation adversarial domain adaptation for EEG emotion recognition,2025,Biomedical Signal Processing and Control,article,en,https://doi.org/10.1016/j.bspc.2025.108016,,,,,
1075,10.21203/rs.3.rs-2939343/v2,EEG Signal Based Multi Class Emotion Recognition using Hybrid 1D-CNN and GRU,2023,Research Square,preprint,en,https://doi.org/10.21203/rs.3.rs-2939343/v2,,,,,
1076,10.1016/j.bspc.2025.108248,EEG emotion recognition using multi-dimensional features with attention-based inception capsule network,2025,Biomedical Signal Processing and Control,article,en,https://doi.org/10.1016/j.bspc.2025.108248,,,,,
1077,10.1016/j.jksuci.2023.03.014,Orthogonal semi-supervised regression with adaptive label dragging for cross-session EEG emotion recognition,2023,Journal of King Saud University - Computer and Information Sciences,article,en,https://doi.org/10.1016/j.jksuci.2023.03.014,,,,,
1078,10.1201/9781003269144-15,Healthcare therapy for treating teenagers with internet addiction using behavioral patterns and neuro-feedback analysis,2022,,book-chapter,en,https://doi.org/10.1201/9781003269144-15,,,,,
1079,10.1109/tce.2025.3552801,Brain Region Knowledge-Based Dual-Stream Transformer for EEG Emotion Recognition,2025,IEEE Transactions on Consumer Electronics,article,en,https://doi.org/10.1109/tce.2025.3552801,,,,,
1080,,A Brain Wave Encodes a Thousand Tokens: Modeling Inter-Cortical Neural Interactions for Effective EEG-based Emotion Recognition,2025,arXiv (Cornell University),preprint,,http://arxiv.org/abs/2511.13954,,,,,
1081,10.1007/978-981-16-2709-5_29,Feature Extraction for Classification Methods of EEG Signals,2021,Advances in intelligent systems and computing,book-chapter,en,https://doi.org/10.1007/978-981-16-2709-5_29,,,,,
1082,10.7717/peerj-cs.2649,Improved BCI calibration in multimodal emotion recognition using heterogeneous adversarial transfer learning,2025,PeerJ Computer Science,article,en,https://doi.org/10.7717/peerj-cs.2649,,,,,
1083,10.1007/s11760-022-02447-1,An attention-based hybrid deep learning model for EEG emotion recognition,2022,Signal Image and Video Processing,article,en,https://doi.org/10.1007/s11760-022-02447-1,,,,,
1084,10.1109/tim.2021.3090164,Core-Brain-Network-Based Multilayer Convolutional Neural Network for Emotion Recognition,2021,IEEE Transactions on Instrumentation and Measurement,article,en,https://doi.org/10.1109/tim.2021.3090164,,,,,
1085,10.1109/jsen.2025.3587271,Hierarchical Transformer With Auxiliary Learning for Subject-Independent Respiration Emotion Recognition,2025,IEEE Sensors Journal,article,en,https://doi.org/10.1109/jsen.2025.3587271,,,,,
1086,10.1109/icmlc.2015.7340670,Decision fusion for EEG-based emotion recognition,2015,,conference-paper,en,https://doi.org/10.1109/icmlc.2015.7340670,,,,,
1087,10.1109/aiiip61647.2023.00075,Affective Brain-Computer Interfaces: The Significance of P300 Components in Emotion Detection and Classification,2023,,conference-paper,en,https://doi.org/10.1109/aiiip61647.2023.00075,,,,,
1088,10.1109/tai.2024.3523250,A Hierarchical Cross-Modal Spatial Fusion Network for Multimodal Emotion Recognition,2025,IEEE Transactions on Artificial Intelligence,article,en,https://doi.org/10.1109/tai.2024.3523250,,,,,
1089,10.3390/info16070560,CMHFE-DAN: A Transformer-Based Feature Extractor with Domain Adaptation for EEG-Based Emotion Recognition,2025,Information,article,en,https://doi.org/10.3390/info16070560,,,,,
1090,10.1109/tiptekno59875.2023.10359196,Comparison of EEG- Based Deep Neural Network Classifiers for Emotion Recognition using Selected Electrodes,2023,,conference-paper,en,https://hdl.handle.net/20.500.14002/2446,,,,,
1091,10.33411/ijist/1591,DECS: A Deep Learning Approach for EEG Channel Selection in Emotion Classification,2025,International Journal of Innovations in Science and Technology,article,,https://doi.org/10.33411/ijist/1591,,,,,
1092,10.1109/iccma59762.2023.10374647,EEG Based Emotion Recognition Using Variational Mode Decomposition and Convolutional Neural Network for Affective Computing Interfaces,2023,,conference-paper,en,https://doi.org/10.1109/iccma59762.2023.10374647,,,,,
1093,10.1007/978-3-031-94266-2_15,M3: EEG-Based Emotion Recognition Using SVM with Multiple Kernel Learning and Multitaper Spectral Estimation,2025,Learning and analytics in intelligent systems,conference-paper,en,https://doi.org/10.1007/978-3-031-94266-2_15,,,,,
1094,10.1109/ijcnn.2019.8851990,Micro-states based dynamic brain connectivity in understanding the commonality and differences in gender-specific emotion processing,2019,,conference-paper,en,https://doi.org/10.1109/ijcnn.2019.8851990,,,,,
1095,10.14569/ijacsa.2017.080955,Classification of Human Emotions from Electroencephalogram (EEG) Signal using Deep Neural Network,2017,International Journal of Advanced Computer Science and Applications,article,en,https://doi.org/10.14569/ijacsa.2017.080955,,,,,
1096,10.52783/jisem.v10i55s.11676,Analysis of Deep-Learning-Based Emotion Predictors with Multi-Channel Multi-Label EEG Signals and SHAP XAI,2025,Journal of Information Systems Engineering & Management,article,en,https://doi.org/10.52783/jisem.v10i55s.11676,,,,,
1097,10.1109/ictc66702.2025.11388788,TFSNet: EEG-based Emotion Recognition using Temporal and Frequency-Spatial Feature,2025,,conference-paper,,https://doi.org/10.1109/ictc66702.2025.11388788,,,,,
1098,10.1109/access.2024.3458833,Cross-Subject EEG-Based Emotion Recognition Using Deep Metric Learning and Adversarial Training,2024,IEEE Access,article,en,https://doi.org/10.1109/access.2024.3458833,,,,,
1099,10.2139/ssrn.5639673,"Neural and Emotional Dual Regulation by Music Tempo: An EEG Study of Alpha Waves, Functional Connectivity, and Dimensional Emotion Recognition",2025,SSRN Electronic Journal,preprint,,https://doi.org/10.2139/ssrn.5639673,,,,,
1100,10.3233/jifs-223456,A novel emotion recognition method based on 1D-DenseNet,2023,Journal of Intelligent & Fuzzy Systems,article,en,https://doi.org/10.3233/jifs-223456,,,,,
1101,10.1631/fitee.2300781,VG-DOCoT: a novel DO-Conv and transformer framework via VAE-GAN technique for EEG emotion recognition,2024,Frontiers of Information Technology & Electronic Engineering,article,en,https://doi.org/10.1631/fitee.2300781,,,,,
1102,10.1007/s42979-023-02113-4,Mental Health Monitoring Using Deep Learning Technique for Early-Stage Depression Detection,2023,SN Computer Science,article,en,https://doi.org/10.1007/s42979-023-02113-4,,,,,
1103,10.1109/tcss.2022.3188891,SSTD: A Novel Spatio-Temporal Demographic Network for EEG-Based Emotion Recognition,2022,IEEE Transactions on Computational Social Systems,article,en,https://doi.org/10.1109/tcss.2022.3188891,,,,,
1104,10.1109/icecet55527.2022.9872728,Classification of Music-Evoked Emotions from EEG signals using Self-Organizing Maps,2022,"2022 International Conference on Electrical, Computer and Energy Technologies (ICECET)",conference-paper,en,https://doi.org/10.1109/icecet55527.2022.9872728,,,,,
1105,10.1016/j.bspc.2024.106353,AFLEMP: Attention-based Federated Learning for Emotion recognition using Multi-modal Physiological data,2024,Biomedical Signal Processing and Control,article,en,https://doi.org/10.1016/j.bspc.2024.106353,,,,,
1106,10.1155/2022/5130184,EEG Emotion Recognition Based on Temporal and Spatial Features of Sensitive signals,2022,Journal of Electrical and Computer Engineering,article,en,https://doi.org/10.1155/2022/5130184,,,,,
1107,10.1109/jbhi.2017.2688239,DREAMER: A Database for Emotion Recognition Through EEG and ECG Signals From Wireless Low-cost Off-the-Shelf Devices,2017,IEEE Journal of Biomedical and Health Informatics,article,en,https://research-portal.uws.ac.uk/en/publications/8d7c9368-487e-400a-b6db-78fb05677551,,,,,
1108,10.48550/arxiv.2408.10235,Multi-Source EEG Emotion Recognition via Dynamic Contrastive Domain Adaptation,2024,arXiv (Cornell University),preprint,en,http://arxiv.org/abs/2408.10235,,,,,
1109,10.1007/978-3-030-98404-5_68,Emotion Recognition from Brain Signals While Subjected to Music Videos,2022,Lecture notes in computer science,conference-paper,en,https://doi.org/10.1007/978-3-030-98404-5_68,,,,,
1110,10.21203/rs.3.rs-7625943/v1,Electroencephalogram Electrode Selection and Parallel Merged Recurrent Neural Network for Emotion Classification,2025,Research Square,preprint,en,https://doi.org/10.21203/rs.3.rs-7625943/v1,,,,,
1111,10.48550/arxiv.2307.03068,A Hybrid End-to-End Spatio-Temporal Attention Neural Network with Graph-Smooth Signals for EEG Emotion Recognition,2023,arXiv (Cornell University),preprint,en,http://arxiv.org/abs/2307.03068,,,,,
1112,10.1109/tim.2024.3428607,MECAM: A Novel Multi-Axis EEG Channel Attention Model for Emotion Recognition,2024,IEEE Transactions on Instrumentation and Measurement,article,en,https://doi.org/10.1109/tim.2024.3428607,,,,,
1113,10.48550/arxiv.2006.05331,Data Augmentation for Enhancing EEG-based Emotion Recognition with Deep Generative Models,2020,arXiv (Cornell University),preprint,en,http://arxiv.org/abs/2006.05331,,,,,
1114,10.1109/lsp.2024.3410044,Spatiotemporal Gated Graph Transformer for EEG-Based Emotion Recognition,2024,IEEE Signal Processing Letters,article,en,https://doi.org/10.1109/lsp.2024.3410044,,,,,
1115,10.1145/3724979.3725063,DA-MTCN: Domain Adaptation-based Modern Temporal Convolutional Network for EEG Emotion Recognition,2025,,conference-paper,en,https://doi.org/10.1145/3724979.3725063,,,,,
1116,10.1016/j.bspc.2022.104140,Modality encoded latent dataset for emotion recognition,2022,Biomedical Signal Processing and Control,article,en,https://doi.org/10.1016/j.bspc.2022.104140,,,,,
1117,10.1016/j.neunet.2023.12.034,Instantaneous estimation of momentary affective responses using neurophysiological signals and a spatiotemporal emotional intensity regression network,2023,Neural Networks,article,en,https://doi.org/10.1016/j.neunet.2023.12.034,,,,,
1118,10.1109/access.2024.3460393,Learning Multiband-Temporal-Spatial EEG Representations of Emotions Using Lightweight Temporal Convolution and 3D Convolutional Neural Network,2024,IEEE Access,article,en,https://doi.org/10.1109/access.2024.3460393,,,,,
1119,10.1016/j.jneumeth.2024.110317,ST-SHAP: A hierarchical and explainable attention network for emotional EEG representation learning and decoding,2024,Journal of Neuroscience Methods,article,en,https://doi.org/10.1016/j.jneumeth.2024.110317,,,,,
1120,10.1109/access.2025.3525996,An Effective Deep Neural Network Architecture for EEG-Based Recognition of Emotions,2025,IEEE Access,article,en,https://doi.org/10.1109/access.2025.3525996,,,,,
1121,10.48550/arxiv.1904.13234,Automatic Emotion Recognition (AER) System based on Two-Level Ensemble of Lightweight Deep CNN Models,2019,arXiv (Cornell University),preprint,en,http://arxiv.org/abs/1904.13234,,,,,
1122,10.1109/tcss.2025.3602913,PhysioSync: Temporal and Cross-Modal Contrastive Learning Inspired by Physiological Synchronization for EEG-Based Emotion Recognition,2025,IEEE Transactions on Computational Social Systems,article,en,https://doi.org/10.1109/tcss.2025.3602913,,,,,
1123,10.1109/sist61657.2025.11139359,Improving Electroencephalography-Based Emotion Recognition via Transformer Networks for Subject-Independent Classification,2025,,conference-paper,en,https://doi.org/10.1109/sist61657.2025.11139359,,,,,
1124,10.1007/s00521-024-10821-y,Deep learning-based EEG emotion recognition: a comprehensive review,2024,Neural Computing and Applications,article,en,https://doi.org/10.1007/s00521-024-10821-y,,,,,
1125,10.3389/fnins.2020.00087,Latent Factor Decoding of Multi-Channel EEG for Emotion Recognition Through Autoencoder-Like Neural Networks,2020,Frontiers in Neuroscience,article,en,https://doi.org/10.3389/fnins.2020.00087,,,,,
1126,,Brain computer interface for analyzing emotions,2017,DR-NTU (Nanyang Technological University),report,en,,,,,,
1127,10.14419/ijet.v7i2.15.11373,Social spider optimisation algorithm for dimension reduction of electroencephalogram signals in human emotion recognition,2018,International Journal of Engineering & Technology,article,en,https://doi.org/10.14419/ijet.v7i2.15.11373,,,,,
1128,10.48550/arxiv.2409.07589,miMamba: EEG-based Emotion Recognition with Multi-scale Inverted Mamba Models,2024,arXiv (Cornell University),preprint,en,https://arxiv.org/abs/2409.07589,,,,,
1129,10.1109/ishc54333.2021.00038,Emotion Classification from Short-term EEG Signals in Deep Learning,2021,,conference-paper,en,https://doi.org/10.1109/ishc54333.2021.00038,,,,,
1130,10.1007/978-3-031-72120-5_26,Feature Fusion Based on Mutual-Cross-Attention Mechanism for EEG Emotion Recognition,2024,Lecture notes in computer science,conference-paper,en,https://doi.org/10.1007/978-3-031-72120-5_26,,,,,
1131,10.1007/s11517-022-02686-x,Subject-independent EEG emotion recognition with hybrid spatio-temporal GRU-Conv architecture,2022,Medical & Biological Engineering & Computing,article,en,https://doi.org/10.1007/s11517-022-02686-x,,,,,
1132,10.52783/jisem.v10i45s.9138,EEG Emotion Classification based on Valence and Arousal using DEAP Dataset,2025,Journal of Information Systems Engineering & Management,article,en,https://doi.org/10.52783/jisem.v10i45s.9138,,,,,
1133,10.1007/s13755-023-00224-z,PS-VTS: particle swarm with visit table strategy for automated emotion recognition with EEG signals,2023,Health Information Science and Systems,article,en,https://www.ncbi.nlm.nih.gov/pmc/articles/10160266,,,,,
1134,10.1109/bibm62325.2024.10822780,Cross-Subject Emotion Classification with Residual Pseudo-Label Distance-aware Dual-Classifier,2024,,conference-paper,en,https://doi.org/10.1109/bibm62325.2024.10822780,,,,,
1135,10.1016/j.neunet.2021.10.023,Minimum spanning tree based graph neural network for emotion classification using EEG,2021,Neural Networks,article,en,https://doi.org/10.1016/j.neunet.2021.10.023,,,,,
1136,10.1007/s11760-024-03360-5,Gated transformer network based EEG emotion recognition,2024,Signal Image and Video Processing,article,en,https://doi.org/10.1007/s11760-024-03360-5,,,,,
1137,10.1016/j.knosys.2022.108819,Horizontal and vertical features fusion network based on different brain regions for emotion recognition,2022,Knowledge-Based Systems,article,en,https://doi.org/10.1016/j.knosys.2022.108819,,,,,
1138,10.1007/s11227-025-07015-1,Self-attention-based 1DCNN model for multiclass EEG emotion classification,2025,The Journal of Supercomputing,article,en,https://doi.org/10.1007/s11227-025-07015-1,,,,,
1139,10.1109/bibm47256.2019.8983341,Variational Autoencoder based Latent Factor Decoding of Multichannel EEG for Emotion Recognition,2019,,conference-paper,en,https://doi.org/10.1109/bibm47256.2019.8983341,,,,,
1140,10.1038/s41598-022-18257-x,CNN-XGBoost fusion-based affective state recognition using EEG spectrogram image analysis,2022,Scientific Reports,article,en,https://doi.org/10.1038/s41598-022-18257-x,,,,,
1141,10.1109/taffc.2023.3288118,PR-PL: A Novel Prototypical Representation Based Pairwise Learning Framework for Emotion Recognition Using EEG Signals,2023,IEEE Transactions on Affective Computing,article,en,https://doi.org/10.1109/taffc.2023.3288118,,,,,
1142,10.1109/jas.2022.105515,Multi-Modal Domain Adaptation Variational Autoencoder for EEG-Based Emotion Recognition,2022,IEEE/CAA Journal of Automatica Sinica,article,en,https://doi.org/10.1109/jas.2022.105515,,,,,
1143,10.1109/icpr.2016.7899650,Employing subjects' information as privileged information for emotion recognition from EEG signals,2016,,conference-paper,en,https://doi.org/10.1109/icpr.2016.7899650,,,,,
1144,10.3390/math12081180,A Comprehensive Interaction in Multiscale Multichannel EEG Signals for Emotion Recognition,2024,Mathematics,article,en,https://doi.org/10.3390/math12081180,,,,,
1145,10.1109/embc.2019.8857248,EEG-based Emotion Detection Using Unsupervised Transfer Learning,2019,,conference-paper,en,https://doi.org/10.1109/embc.2019.8857248,,,,,
1146,10.1145/3700486.3700510,Research on two-dimensional convolution-based EEG emotion recognition methods,2024,,conference-paper,en,https://doi.org/10.1145/3700486.3700510,,,,,
1147,10.1186/s12993-018-0149-4,A novel approach to emotion recognition using local subset feature selection and modified Dempster-Shafer theory,2018,Behavioral and Brain Functions,article,en,https://doi.org/10.1186/s12993-018-0149-4,,,,,
1148,10.1109/icta60488.2023.10364288,An EEG Signal Processing System Design with Approximate Operations,2023,,conference-paper,en,https://doi.org/10.1109/icta60488.2023.10364288,,,,,
1149,10.1016/j.engappai.2024.108011,Electroencephalogram-based emotion recognition using factorization temporal separable convolution network,2024,Engineering Applications of Artificial Intelligence,article,en,https://doi.org/10.1016/j.engappai.2024.108011,,,,,
1150,10.1007/s11571-021-09735-5,Innovative Poincare’s plot asymmetry descriptors for EEG emotion recognition,2021,Cognitive Neurodynamics,article,en,https://www.ncbi.nlm.nih.gov/pmc/articles/9120274,,,,,
1151,10.1109/jsen.2025.3579632,A Novel Spatial Fractional-Domain Approach for Short Emotion-Evoked EEG Identity Recognition,2025,IEEE Sensors Journal,article,en,https://doi.org/10.1109/jsen.2025.3579632,,,,,
1152,10.1109/biosmart54244.2021.9677807,Multi-Task CNN model for emotion recognition from EEG Brain maps,2021,,conference-paper,en,https://doi.org/10.1109/biosmart54244.2021.9677807,,,,,
1153,10.1007/978-3-031-43993-3_38,Prior-Driven Dynamic Brain Networks for Multi-modal Emotion Recognition,2023,Lecture notes in computer science,conference-paper,en,https://doi.org/10.1007/978-3-031-43993-3_38,,,,,
1154,10.48550/arxiv.2201.03891,A Saliency based Feature Fusion Model for EEG Emotion Estimation,2022,arXiv (Cornell University),preprint,en,http://arxiv.org/abs/2201.03891,,,,,
1155,10.3389/fncom.2022.942979,E2ENNet: An end-to-end neural network for emotional brain-computer interface,2022,Frontiers in Computational Neuroscience,article,en,https://doi.org/10.3389/fncom.2022.942979,,,,,
1156,10.1109/iccds64403.2025.11209744,EEG-Based Emotion Detection: Exploring Brain Wave Patterns with Transformer Networks,2025,,conference-paper,,https://doi.org/10.1109/iccds64403.2025.11209744,,,,,
1157,10.1007/s11062-019-09775-y,Emotion Recognition from Physiological Signals Using Parallel Stacked Autoencoders,2018,Neurophysiology,article,en,https://doi.org/10.1007/s11062-019-09775-y,,,,,
1158,10.1109/taffc.2024.3433470,Semi-Supervised Dual-Stream Self-Attentive Adversarial Graph Contrastive Learning for Cross-Subject EEG-Based Emotion Recognition,2024,IEEE Transactions on Affective Computing,article,en,https://doi.org/10.1109/taffc.2024.3433470,,,,,
1159,10.1109/ic2e362166.2024.10826667,Discriminating Emotional Insights Using HHS Features of EEG Signals,2024,,conference-paper,en,https://doi.org/10.1109/ic2e362166.2024.10826667,,,,,
1160,10.1016/j.compbiomed.2021.104428,Automated accurate emotion recognition system using rhythm-specific deep convolutional neural network technique with multi-channel EEG signals,2021,Computers in Biology and Medicine,article,en,https://doi.org/10.1016/j.compbiomed.2021.104428,,,,,
1161,10.1016/j.inffus.2023.102156,Multi-view domain-adaptive representation learning for EEG-based emotion recognition,2023,Information Fusion,article,en,https://opus.bibliothek.uni-augsburg.de/opus4/frontdoor/index/index/docId/109640,,,,,
1162,10.3389/fnagi.2022.848511,Multi-Frequent Band Collaborative EEG Emotion Classification Method Based on Optimal Projection and Shared Dictionary Learning,2022,Frontiers in Aging Neuroscience,article,en,https://doi.org/10.3389/fnagi.2022.848511,,,,,
1163,10.1109/taffc.2025.3587443,miMamba: EEG-Based Emotion Recognition With Multi-Scale Inverted Mamba Models,2025,IEEE Transactions on Affective Computing,article,en,https://doi.org/10.1109/taffc.2025.3587443,,,,,
1164,10.1145/3728725.3728758,EEG Emotion Recognition Based on TQWT-features and Multiscale Convolution Superimposed Transformer,2025,,conference-paper,en,https://doi.org/10.1145/3728725.3728758,,,,,
1165,10.1109/bibm66473.2025.11356915,EEG Channel Selection Algorithm Based on Attention Mechanism for Emotion Recognition,2025,,conference-paper,,https://doi.org/10.1109/bibm66473.2025.11356915,,,,,
1166,10.1063/5.0258358,EEG-ConvoBLSTM: A novel hybrid model for efficient EEG signal classification,2025,Review of Scientific Instruments,article,en,https://doi.org/10.1063/5.0258358,,,,,
1167,10.1016/j.neucom.2020.12.098,NeuroSense: Short-term emotion recognition and understanding based on spiking neural network modelling of spatio-temporal EEG patterns,2021,Neurocomputing,article,en,https://doi.org/10.1016/j.neucom.2020.12.098,,,,,
1168,10.1088/2057-1976/ad43f1,Multi-scale 3D-CRU for EEG emotion recognition*,2024,Biomedical Physics & Engineering Express,article,en,https://doi.org/10.1088/2057-1976/ad43f1,,,,,
1169,10.1016/j.neunet.2025.107267,A novel deep learning model combining 3DCNN-CapsNet and hierarchical attention mechanism for EEG emotion recognition,2025,Neural Networks,article,en,https://doi.org/10.1016/j.neunet.2025.107267,,,,,
1170,10.1109/embc53108.2024.10782444,Dataset-Independent EEG Channel Selection for Emotion Recognition,2024,,conference-paper,en,https://doi.org/10.1109/embc53108.2024.10782444,,,,,
1171,10.28948/ngumuh.1469289,The Effects of Sensor and Feature Level Fusion Methods in Multimodal Emotion Analysis,2024,Ömer Halisdemir Üniversitesi Mühendislik Bilimleri Dergisi,article,en,https://doi.org/10.28948/ngumuh.1469289,,,,,
1172,10.1080/10255842.2025.2605574,DAVG-ViT: a domain-adaptive Vision Transformer with GA-BiLSTM for EEG emotion recognition,2025,Computer Methods in Biomechanics & Biomedical Engineering,article,en,https://doi.org/10.1080/10255842.2025.2605574,,,,,
1173,10.1007/978-981-10-7641-1_10,Emotional State Recognition with EEG Signals Using Subject Independent Approach,2018,Lecture notes on data engineering and communications technologies,conference-paper,en,https://doi.org/10.1007/978-981-10-7641-1_10,,,,,
1174,10.1016/j.knosys.2025.113238,Multi-modal supervised domain adaptation with a multi-level alignment strategy and consistent decision boundaries for cross-subject emotion recognition from EEG and eye movement signals,2025,Knowledge-Based Systems,article,en,https://doi.org/10.1016/j.knosys.2025.113238,,,,,
1175,,Cognitive Inference based Feature Pyramid Network for Sentimental Analysis using EEG Signals,2025,arXiv (Cornell University),preprint,,http://arxiv.org/abs/2512.18346,,,,,
1176,10.11591/ijai.v13.i4.pp4263-4272,Improving baseline reduction for emotion recognition based on electroencephalogram signals,2024,IAES International Journal of Artificial Intelligence,article,en,https://doi.org/10.11591/ijai.v13.i4.pp4263-4272,,,,,
1177,10.1109/icce-asia59966.2023.10326369,Attention-Temporal Convolutional Networks for EEG-based Emotion Recognition,2023,,conference-paper,en,https://doi.org/10.1109/icce-asia59966.2023.10326369,,,,,
1178,10.1109/icmlc.2016.7860909,A comparison study on the relationship between the selection of EEG electrode channels and frequency bands used in classification for emotion recognition,2016,,conference-paper,en,https://doi.org/10.1109/icmlc.2016.7860909,,,,,
1179,10.1109/icassp48485.2024.10447740,A Supervised Information Enhanced Multi-Granularity Contrastive Learning Framework for EEG Based Emotion Recognition,2024,,conference-paper,en,https://doi.org/10.1109/icassp48485.2024.10447740,,,,,
1180,10.1155/2021/9725762,EEG Analysis with Wavelet Transform under Music Perception Stimulation,2021,Journal of Healthcare Engineering,article,en,https://doi.org/10.1155/2021/9725762,,,,,
1181,10.1109/bibm58861.2023.10385434,EEG-MLP: An all-MLP Architecture for EEG Emotion Recognition,2023,,conference-paper,en,https://doi.org/10.1109/bibm58861.2023.10385434,,,,,
1182,10.1007/s10489-021-03070-2,EEG emotion recognition using multichannel weighted multiscale permutation entropy,2022,Applied Intelligence,article,en,https://doi.org/10.1007/s10489-021-03070-2,,,,,
1183,10.48550/arxiv.2305.18234,Temporal Aware Mixed Attention-based Convolution and Transformer Network (MACTN) for EEG Emotion Recognition,2023,arXiv (Cornell University),preprint,en,http://arxiv.org/abs/2305.18234,,,,,
1184,10.1109/jsen.2022.3144317,Transformers for EEG-Based Emotion Recognition: A Hierarchical Spatial Information Learning Model,2022,IEEE Sensors Journal,article,en,https://doi.org/10.1109/jsen.2022.3144317,,,,,
1185,10.1007/978-3-031-10986-7_52,EEG Emotion Classification Using 2D-3DCNN,2022,Lecture notes in computer science,conference-paper,en,https://doi.org/10.1007/978-3-031-10986-7_52,,,,,
1186,10.24846/v29i3y202007,Recursive Identification Based on OS-ELM for Emotion Recognition and Prediction of Difficulties in Video Game,2020,Studies in Informatics and Control,article,en,https://doi.org/10.24846/v29i3y202007,,,,,
1187,10.62341/amam2098,Adaptive HCI Systems with GRU-Based User Emotion Recognition and Response Prediction,2024,International Science and Technology Journal,article,en,http://dx.doi.org/10.62341/amam2098,,,,,
1188,10.48550/arxiv.2112.12380,Temporal Analysis of Functional Brain Connectivity for EEG-based Emotion Recognition,2021,arXiv (Cornell University),preprint,en,http://arxiv.org/abs/2112.12380,,,,,
1189,10.1007/s00521-024-10469-8,An improved graph convolutional neural network for EEG emotion recognition,2024,Neural Computing and Applications,article,en,https://doi.org/10.1007/s00521-024-10469-8,,,,,
1190,10.18280/ts.410428,Enhancement of Hybrid Deep Neural Network Using Activation Function for EEG Based Emotion Recognition,2024,Traitement du signal,article,en,https://doi.org/10.18280/ts.410428,,,,,
1191,10.1109/icassp48485.2024.10446957,Cross-Subject EEG Emotion Recognition Based on Interconnected Dynamic Domain Adaptation,2024,,conference-paper,en,https://doi.org/10.1109/icassp48485.2024.10446957,,,,,
1192,10.1109/access.2025.3540436,Adversarial Domain Adaptation-Based EEG Emotion Transfer Recognition,2025,IEEE Access,article,en,https://doi.org/10.1109/access.2025.3540436,,,,,
1193,10.1109/taffc.2025.3601809,EEG Coupled Scale-Invariant Dynamics for Emotion Recognition: A Domain Adaptation Approach,2025,IEEE Transactions on Affective Computing,article,en,https://doi.org/10.1109/taffc.2025.3601809,,,,,
1194,10.2478/amns.2023.1.00440,Dance Emotion Characteristic Parameters Based on Deep Learning Model,2023,Applied Mathematics and Nonlinear Sciences,article,en,http://dx.doi.org/10.2478/amns.2023.1.00440,,,,,
1195,10.1109/ijcnn54540.2023.10192009,Spatial-Temporal Constraint Learning for Cross-Subject EEG-Based Emotion Recognition,2023,,conference-paper,en,https://doi.org/10.1109/ijcnn54540.2023.10192009,,,,,
1196,10.1016/j.knosys.2025.114364,MTSL-TimesNet: A multi-task self-supervised learning model based on TimesNet for EEG emotion recognition,2025,Knowledge-Based Systems,article,en,https://doi.org/10.1016/j.knosys.2025.114364,,,,,
1197,10.1088/1742-6596/3147/1/012014,Correlation-guided Graph Convolutional Information Aggregation Network For EEG Emotion Recognition,2025,Journal of Physics Conference Series,conference-paper,,https://doi.org/10.1088/1742-6596/3147/1/012014,,,,,
1198,10.1016/j.compbiomed.2025.110713,"Emotion recognition in EEG Signals: Deep and machine learning approaches, challenges, and future directions",2025,Computers in Biology and Medicine,article,en,https://doi.org/10.1016/j.compbiomed.2025.110713,,,,,
1199,10.1016/j.bspc.2024.106986,Fusing temporal-frequency information with Contrast Learning on Graph Convolution Network to decoding EEG,2024,Biomedical Signal Processing and Control,article,en,https://doi.org/10.1016/j.bspc.2024.106986,,,,,
1200,10.1007/978-981-99-5085-0_37,A Hybrid Approach for Spontaneous Emotion Recognition in Valence–Arousal Space,2023,Lecture notes in networks and systems,conference-paper,en,https://doi.org/10.1007/978-981-99-5085-0_37,,,,,
1201,10.1109/bibm66473.2025.11357061,TPC-AMDA: Augmented Multi-Source Domain Adaptation Based on TreePurgeCluster for Cross-Subject EEG Emotion Recognition,2025,,conference-paper,,https://doi.org/10.1109/bibm66473.2025.11357061,,,,,
1202,10.1016/j.eswa.2020.114011,An enhanced fitness function to recognize unbalanced human emotions data,2020,Expert Systems with Applications,article,en,https://doi.org/10.1016/j.eswa.2020.114011,,,,,
1203,,EEG-based Graph-guided Domain Adaptation for Robust Cross-Session Emotion Recognition,2025,arXiv (Cornell University),preprint,,http://arxiv.org/abs/2512.23526,,,,,
1204,10.1109/spac.2017.8304310,A novel DE-PCCM feature for EEG-based emotion recognition,2017,"2017 International Conference on Security, Pattern Analysis, and Cybernetics (SPAC)",conference-paper,en,https://doi.org/10.1109/spac.2017.8304310,,,,,
1205,10.1109/tcds.2023.3293321,A Hybrid End-to-End Spatiotemporal Attention Neural Network With Graph-Smooth Signals for EEG Emotion Recognition,2023,IEEE Transactions on Cognitive and Developmental Systems,article,en,https://doi.org/10.1109/tcds.2023.3293321,,,,,
1206,10.1109/taffc.2024.3349770,Gusa: Graph-Based Unsupervised Subdomain Adaptation for Cross-Subject EEG Emotion Recognition,2024,IEEE Transactions on Affective Computing,article,en,https://doi.org/10.1109/taffc.2024.3349770,,,,,
1207,10.1016/j.bspc.2024.107036,A multimodal emotion classification method considering micro-expression information and simulating human visual attention mechanism,2024,Biomedical Signal Processing and Control,article,en,https://doi.org/10.1016/j.bspc.2024.107036,,,,,
1208,10.1109/etcom66606.2025.11436988,Human Emotion and Mental Health Monitoring via EEG: A Fuzzy Rule-Based Machine Learning Approach,2025,,conference-paper,,https://doi.org/10.1109/etcom66606.2025.11436988,,,,,
1209,10.2139/ssrn.4789197,Emotion Recognition Based on the Approximation Entropy and Cross-Approximation Entropy of Eeg Signals,2024,SSRN Electronic Journal,preprint,en,https://doi.org/10.2139/ssrn.4789197,,,,,
1210,10.1109/icasert.2019.8934760,Virtual Image from EEG to Recognize Appropriate Emotion using Convolutional Neural Network,2019,"2019 1st International Conference on Advances in Science, Engineering and Robotics Technology (ICASERT)",conference-paper,en,https://doi.org/10.1109/icasert.2019.8934760,,,,,
1211,10.1016/j.bspc.2019.04.023,Synchrosqueezing transform based feature extraction from EEG signals for emotional state prediction,2019,Biomedical Signal Processing and Control,article,en,https://doi.org/10.1016/j.bspc.2019.04.023,,,,,
1212,10.1117/12.3091338,Emotion recognition based on 3D-EEGU-Net and differential entropy features for small sample EEG and embedded applications,2025,,conference-paper,,https://doi.org/10.1117/12.3091338,,,,,
1213,10.1186/s40708-020-00111-3,Two-stepped majority voting for efficient EEG-based emotion classification,2020,Brain Informatics,article,en,https://doi.org/10.1186/s40708-020-00111-3,,,,,
1214,10.1016/j.ins.2023.119160,Adaptive neural decision tree for EEG based emotion recognition,2023,Information Sciences,article,en,https://doi.org/10.1016/j.ins.2023.119160,,,,,
1215,10.1088/2631-8695/adb00d,Semi-supervised EEG-based emotion recognition method by optimal transport distribution matching,2025,Engineering Research Express,article,en,https://doi.org/10.1088/2631-8695/adb00d,,,,,
1216,10.1109/icecsp61809.2024.10698526,Brain Signal-Based Emotion Classification Using DEAP Corpus,2024,,conference-paper,en,https://doi.org/10.1109/icecsp61809.2024.10698526,,,,,
1217,10.1016/j.neunet.2025.108413,ELAI-SGCN: An explainable lightweight adaptive information-perceiving spiking graph convolutional network for EEG-based emotion recognition,2025,Neural Networks,article,en,https://doi.org/10.1016/j.neunet.2025.108413,,,,,
1218,,Klasifikasi Efek Familiarity Pada Sinyal Eeg Manusia Menggunakan Metode Hjorth Descriptor : Classification Of Familiarity Effects In Human Eeg Signal Using Hjorth Descriptor Method,2019,eProceedings of Engineering,article,id,,,,,,
1219,10.1109/iwcia.2016.7805744,Recognition of persisting emotional valence from EEG using convolutional neural networks,2016,,conference-paper,en,https://doi.org/10.1109/iwcia.2016.7805744,,,,,
1220,10.1109/taffc.2025.3647683,Hybrid Source Selection Fusion Domain-Invariant Attention for Cross-Subject Emotion Recognition,2025,IEEE Transactions on Affective Computing,article,,https://doi.org/10.1109/taffc.2025.3647683,,,,,
1221,10.1007/s42979-023-01943-6,EEG-Based Emotion Recognition Using Quantum Machine Learning,2023,SN Computer Science,article,en,https://doi.org/10.1007/s42979-023-01943-6,,,,,
1222,10.1007/978-981-97-1326-4_38,Emotion State Detection Using EEG Signals—A Machine Learning Perspective,2024,Lecture notes in networks and systems,conference-paper,en,https://doi.org/10.1007/978-981-97-1326-4_38,,,,,
1223,10.1145/3746027.3754775,Sera: Separated Coarse-to-fine Representation Alignment for Cross-subject EEG-based Emotion Recognition,2025,,conference-paper,en,https://doi.org/10.1145/3746027.3754775,,,,,
1224,10.3233/aise190037,Identification of Effective EEG Electrodes for Depression Sensing,2019,Ambient intelligence and smart environments,book-chapter,en,https://doi.org/10.3233/aise190037,,,,,
1225,10.3389/fnins.2020.00355,EEG Functional Connectivity Underlying Emotional Valance and Arousal Using Minimum Spanning Trees,2020,Frontiers in Neuroscience,article,en,https://doi.org/10.3389/fnins.2020.00355,,,,,
1226,10.48084/etasr.12301,Emotion Recognition from EEG Signals Using Principal Component Analysis and Random Forest Classifier,2025,Engineering Technology & Applied Science Research,article,en,https://doi.org/10.48084/etasr.12301,,,,,
1227,10.1109/bibm55620.2022.9995634,Greedy-mRMR: An emotion recognition algorithm based on EEG using greedy algorithm,2022,2022 IEEE International Conference on Bioinformatics and Biomedicine (BIBM),conference-paper,en,https://doi.org/10.1109/bibm55620.2022.9995634,,,,,
1228,10.1109/tnsre.2024.3389037,Multi-Scale Masked Autoencoders for Cross-Session Emotion Recognition,2024,IEEE Transactions on Neural Systems and Rehabilitation Engineering,article,en,https://doi.org/10.1109/tnsre.2024.3389037,,,,,
1229,10.1109/gcat55367.2022.9972159,Analysis of Feature Extraction Models for Emotion Recognition using EEG Signals,2022,2022 IEEE 3rd Global Conference for Advancement in Technology (GCAT),conference-paper,en,https://doi.org/10.1109/gcat55367.2022.9972159,,,,,
1230,10.1109/embc48229.2022.9871510,Assessment of emotional states in EEG signals using multi-frequency power spectrum and functional connectivity patterns,2022,2022 44th Annual International Conference of the IEEE Engineering in Medicine &amp; Biology Society (EMBC),conference-paper,en,https://doi.org/10.1109/embc48229.2022.9871510,,,,,
1231,10.1016/j.bspc.2024.106877,Emotion recognition from multichannel EEG signals based on low-rank subspace self-representation features,2024,Biomedical Signal Processing and Control,article,en,https://doi.org/10.1016/j.bspc.2024.106877,,,,,
1232,10.3390/bioengineering12111264,Data-Centric AI for EEG-Based Emotion Recognition: Noise Filtering and Augmentation Strategies,2025,Bioengineering,article,en,https://doi.org/10.3390/bioengineering12111264,,,,,
1233,10.1109/indicon47234.2019.9028978,Emotion Recognition from EEG Signal using XGBoost Algorithm,2019,,conference-paper,en,https://doi.org/10.1109/indicon47234.2019.9028978,,,,,
1234,10.48550/arxiv.2202.12948,DAGAM: A Domain Adversarial Graph Attention Model for Subject Independent EEG-Based Emotion Recognition,2022,arXiv (Cornell University),preprint,en,http://arxiv.org/abs/2202.12948,,,,,
1235,10.3389/fpsyg.2022.864047,Using Facial Micro-Expressions in Combination With EEG and Physiological Signals for Emotion Recognition,2022,Frontiers in Psychology,article,en,https://doi.org/10.3389/fpsyg.2022.864047,,,,,
1236,10.1145/3591156.3591160,Empirical study of emotional state recognition using multimodal fusion framework,2023,,conference-paper,en,https://doi.org/10.1145/3591156.3591160,,,,,
1237,10.1016/j.bspc.2021.102743,Leveraging spatial-temporal convolutional features for EEG-based emotion recognition,2021,Biomedical Signal Processing and Control,article,en,https://doi.org/10.1016/j.bspc.2021.102743,,,,,
1238,10.1109/taffc.2021.3051332,SparseDGCNN: Recognizing Emotion From Multichannel EEG Signals,2021,IEEE Transactions on Affective Computing,article,en,https://doi.org/10.1109/taffc.2021.3051332,,,,,
1239,10.1109/cac59555.2023.10451070,EEG Emotion Recognition Based on 4D Fusion Features and Coordinated Attention,2023,,conference-paper,en,https://doi.org/10.1109/cac59555.2023.10451070,,,,,
1240,10.21203/rs.3.rs-2046506/v1,EMOCATNET: An Efficient CNN-Based Deep Neural Architecture with Effective Channel Attention Mechanism for Emotion Recognition Using EEG Signal,2022,Research Square,preprint,en,https://doi.org/10.21203/rs.3.rs-2046506/v1,,,,,
1241,10.1109/ieeeconf65522.2025.11136836,Multiscale Efficient Attention-Based EEG Emotion Classification with Random Feature Decoding and Reconstruction Strategy,2025,,conference-paper,en,https://doi.org/10.1109/ieeeconf65522.2025.11136836,,,,,
1242,10.1109/icassp48485.2024.10446817,An Attention-Enhanced Retentive Broad Learning System for Subject-Generic Emotion Recognition from EEG Signals,2024,,conference-paper,en,https://doi.org/10.1109/icassp48485.2024.10446817,,,,,
1243,10.1109/taffc.2022.3169001,TSception: Capturing Temporal Dynamics and Spatial Asymmetry From EEG for Emotion Recognition,2022,IEEE Transactions on Affective Computing,article,en,https://doi.org/10.1109/taffc.2022.3169001,,,,,
1244,10.1109/jbhi.2022.3232497,Multi-Domain Encoding of Spatiotemporal Dynamics in EEG for Emotion Recognition,2022,IEEE Journal of Biomedical and Health Informatics,article,en,https://doi.org/10.1109/jbhi.2022.3232497,,,,,
1245,10.1201/9781003486930-25,Multidomain Features for Emotion Recognition Using EEG Signals,2024,,book-chapter,en,https://doi.org/10.1201/9781003486930-25,,,,,
1246,10.1007/s11571-024-10114-z,SST-CRAM: spatial-spectral-temporal based convolutional recurrent neural network with lightweight attention mechanism for EEG emotion recognition,2024,Cognitive Neurodynamics,article,en,https://www.ncbi.nlm.nih.gov/pmc/articles/11639745,,,,,
1247,10.1088/1741-2552/ace07d,LSTM-enhanced multi-view dynamical emotion graph representation for EEG signal recognition,2023,Journal of Neural Engineering,article,en,https://doi.org/10.1088/1741-2552/ace07d,,,,,
1248,10.1063/5.0221637,A model for electroencephalogram emotion recognition: Residual block-gated recurrent unit with attention mechanism,2024,Review of Scientific Instruments,article,en,https://doi.org/10.1063/5.0221637,,,,,
1249,10.1007/978-981-96-7033-8_3,THGCN: Temporal Hypergraph Convolutional Network for Subject-Independent EEG Emotion Recognition,2025,Communications in computer and information science,conference-paper,en,https://doi.org/10.1007/978-981-96-7033-8_3,,,,,
1250,10.1109/access.2023.3263670,Multimodal Emotion Recognition From EEG Signals and Facial Expressions,2023,IEEE Access,article,en,https://doi.org/10.1109/access.2023.3263670,,,,,
1251,10.1007/978-3-031-25344-7_32,Cascaded Machine Learning-Based Emotion Detection Approach Using EEG Signals,2023,Lecture notes in networks and systems,conference-paper,en,https://doi.org/10.1007/978-3-031-25344-7_32,,,,,
1252,10.1016/j.bspc.2024.106812,DEMA: Deep EEG-first multi-physiological affect model for emotion recognition,2024,Biomedical Signal Processing and Control,article,en,https://doi.org/10.1016/j.bspc.2024.106812,,,,,
1253,10.1007/978-3-031-56599-1_30,Feature Fusion Approach for Emotion Classification in EEG Signals,2024,Advances in intelligent systems and computing,conference-paper,en,https://doi.org/10.1007/978-3-031-56599-1_30,,,,,
1254,10.1109/jbhi.2025.3570187,Bipartite Graph Adversarial Network for Subject-Independent Emotion Recognition,2025,IEEE Journal of Biomedical and Health Informatics,article,en,https://doi.org/10.1109/jbhi.2025.3570187,,,,,
1255,10.1142/s0218126625503335,Advancing Multimodal Emotion Recognition: An Improved Red Panda Optimized Recalling Enhanced Recurrent Neural Network Approach,2025,Journal of Circuits Systems and Computers,article,en,https://doi.org/10.1142/s0218126625503335,,,,,
1256,10.48550/arxiv.2408.10328,Decoding Human Emotions: Analyzing Multi-Channel EEG Data using LSTM Networks,2024,arXiv (Cornell University),preprint,en,http://arxiv.org/abs/2408.10328,,,,,
1257,10.1109/csitss60515.2023.10334084,Automatic Depression Detection Using Multi-Modal & Late-Fusion Based Architecture,2023,,conference-paper,en,https://doi.org/10.1109/csitss60515.2023.10334084,,,,,
1258,10.1109/tnsre.2024.3355488,Embedded EEG Feature Selection for Multi-Dimension Emotion Recognition via Local and Global Label Relevance,2024,IEEE Transactions on Neural Systems and Rehabilitation Engineering,article,en,https://doi.org/10.1109/tnsre.2024.3355488,,,,,
1259,,EDOSE: Emotion Datasets from Open Source EEG with a Real-Time Bracelet Sensor.,2018,arXiv (Cornell University),preprint,en,https://arxiv.org/abs/1810.04582,,,,,
1260,10.1109/icaace61206.2024.10548104,A Transformer Framework Based on Self-Supervised Contrastive Learning for EEG-based Emotion Recognition,2024,,conference-paper,en,https://doi.org/10.1109/icaace61206.2024.10548104,,,,,
1261,10.5573/ieie.2017.54.12.119,Iterative Naive Bayes classifier Design method for Effective Emotion Classification,2017,Journal of the Institute of Electronics and Information Engineers,article,en,https://doi.org/10.5573/ieie.2017.54.12.119,,,,,
1262,10.1109/icras.2017.8071939,Feature selection and comparison for the emotion recognition according to music listening,2017,,conference-paper,en,https://doi.org/10.1109/icras.2017.8071939,,,,,
1263,10.48550/arxiv.2212.12134,AMDET: Attention based Multiple Dimensions EEG Transformer for Emotion Recognition,2022,arXiv (Cornell University),preprint,en,http://arxiv.org/abs/2212.12134,,,,,
1264,10.1109/ijcnn52387.2021.9534443,Attention-based Spatio-Temporal Graphic LSTM for EEG Emotion Recognition,2021,,conference-paper,en,https://doi.org/10.1109/ijcnn52387.2021.9534443,,,,,
1265,10.5573/ieie.2018.55.7.48,An Effective Emotional Classifier design using GMM and Gradient method,2018,Journal of the Institute of Electronics and Information Engineers,article,en,https://doi.org/10.5573/ieie.2018.55.7.48,,,,,
1266,10.3390/brainsci14030268,Emotion Classification Based on Transformer and CNN for EEG Spatial–Temporal Feature Learning,2024,Brain Sciences,article,en,https://doi.org/10.3390/brainsci14030268,,,,,
1267,10.1109/embc40787.2023.10340760,MTDN: Learning Multiple Temporal Dynamics Representation for Emotional Valence Classification with EEG.,2023,,conference-paper,en,https://doi.org/10.1109/embc40787.2023.10340760,,,,,
1268,10.1016/j.ins.2024.121198,EEG emotion recognition using EEG-SWTNS neural network through EEG spectral image,2024,Information Sciences,article,en,https://doi.org/10.1016/j.ins.2024.121198,,,,,
1269,10.1109/ijcnn52387.2021.9533663,Multi-Modal Emotion Recognition Based On deep Learning Of EEG And Audio Signals,2021,,conference-paper,en,https://doi.org/10.1109/ijcnn52387.2021.9533663,,,,,
1270,10.1109/ijcnn60899.2024.10651111,EEG-based Emotion Recognition Using Temporal Convolutional Network and Vision Transformer,2024,,conference-paper,en,https://doi.org/10.1109/ijcnn60899.2024.10651111,,,,,
1271,10.1007/s13246-024-01495-w,Frontal EEG correlation based human emotion identification and classification,2024,Physical and Engineering Sciences in Medicine,article,en,https://doi.org/10.1007/s13246-024-01495-w,,,,,
1272,10.1109/tsmc.2020.2969686,Emotion Classification Using EEG Brain Signals and the Broad Learning System,2020,IEEE Transactions on Systems Man and Cybernetics Systems,article,en,https://doi.org/10.1109/tsmc.2020.2969686,,,,,
1273,10.1109/aicas.2019.8771616,A Customized Convolutional Neural Network Design Using Improved Softmax Layer for Real-time Human Emotion Recognition,2019,,conference-paper,en,https://doi.org/10.1109/aicas.2019.8771616,,,,,
1274,10.1109/iwecai55315.2022.00116,Cross-Session EEG-Based Emotion Recognition Via Maximizing Domain Discrepancy,2022,2022 3rd International Conference on Electronic Communication and Artificial Intelligence (IWECAI),conference-paper,en,https://doi.org/10.1109/iwecai55315.2022.00116,,,,,
1275,10.3390/systems10040111,Transfer EEG Emotion Recognition by Combining Semi-Supervised Regression with Bipartite Graph Label Propagation,2022,Systems,article,en,https://doi.org/10.3390/systems10040111,,,,,
1276,10.1007/s11042-022-14011-7,Valence-arousal classification of emotion evoked by Chinese ancient-style music using 1D-CNN-BiLSTM model on EEG signals for college students,2022,Multimedia Tools and Applications,article,en,https://doi.org/10.1007/s11042-022-14011-7,,,,,
1277,10.1109/ner.2015.7146774,Mutual information between inter-hemispheric EEG spectro-temporal patterns: A new feature for automated affect recognition,2015,,conference-paper,en,https://doi.org/10.1109/ner.2015.7146774,,,,,
1278,10.36227/techrxiv.24605445.v1,Asymmetric Windowing Recurrence Plots on Input Formulation for Human Emotion Recognition,2023,,preprint,en,https://doi.org/10.36227/techrxiv.24605445.v1,,,,,
1279,10.1109/bibm62325.2024.10822614,EEG-based Cross Subject Emotion Recognition based on collaborative learning and dynamic distribution adaptation,2024,,conference-paper,en,https://doi.org/10.1109/bibm62325.2024.10822614,,,,,
1280,10.1016/j.compbiomed.2022.105303,Emotion recognition from EEG based on multi-task learning with capsule network and attention mechanism,2022,Computers in Biology and Medicine,article,en,https://doi.org/10.1016/j.compbiomed.2022.105303,,,,,
1281,10.1088/1741-2552/acae06,DAGAM: a domain adversarial graph attention model for subject-independent EEG-based emotion recognition,2022,Journal of Neural Engineering,article,en,https://doi.org/10.1088/1741-2552/acae06,,,,,
1282,10.48550/arxiv.2205.01030,GMSS: Graph-Based Multi-Task Self-Supervised Learning for EEG Emotion Recognition,2022,arXiv (Cornell University),preprint,en,http://arxiv.org/abs/2205.01030,,,,,
1283,10.5220/0006043400150021,Classification of Emotional Signals from the DEAP dataset,2016,,conference-paper,en,https://doi.org/10.5220/0006043400150021,,,,,
1284,10.3390/app15052742,Emotion Analysis AI Model for Sensing Architecture Using EEG,2025,Applied Sciences,article,en,https://doi.org/10.3390/app15052742,,,,,
1285,10.1109/insai54028.2021.00031,Research on Emotion Recognition Based on Facial Expression and EEG,2021,,conference-paper,en,https://doi.org/10.1109/insai54028.2021.00031,,,,,
1286,10.3390/brainsci14050516,TSANN-TG: Temporal–Spatial Attention Neural Networks with Task-Specific Graph for EEG Emotion Recognition,2024,Brain Sciences,article,en,http://dx.doi.org/10.3390/brainsci14050516,,,,,
1287,10.1109/ccssta62096.2024.10691696,EEG Emotion Recognition Based on CNN+LSTM,2024,,conference-paper,en,https://doi.org/10.1109/ccssta62096.2024.10691696,,,,,
1288,10.1016/j.bspc.2022.103547,Subject independent emotion recognition using EEG signals employing attention driven neural networks,2022,Biomedical Signal Processing and Control,article,en,https://doi.org/10.1016/j.bspc.2022.103547,,,,,
1289,10.3390/a18100664,GMHCA-MCBILSTM: A Gated Multi-Head Cross-Modal Attention-Based Network for Emotion Recognition Using Multi-Physiological Signals,2025,Algorithms,article,en,https://doi.org/10.3390/a18100664,,,,,
1290,10.3390/s22145158,A Hybrid Hand-Crafted and Deep Neural Spatio-Temporal EEG Features Clustering Framework for Precise Emotional Status Recognition,2022,Sensors,article,en,https://doi.org/10.3390/s22145158,,,,,
1291,10.1109/ocit59427.2023.10431149,EEG-based Emotion Recognition based on DEAP Dataset with Genetic Algorithm Augmented Multi-Layer Perceptron,2023,,conference-paper,en,https://doi.org/10.1109/ocit59427.2023.10431149,,,,,
1292,10.1109/spin48934.2020.9071399,Emotion Classification Using Ensemble of Convolutional Neural Networks and Support Vector Machine,2020,,conference-paper,en,https://doi.org/10.1109/spin48934.2020.9071399,,,,,
1293,10.1088/1741-2552/ad9956,Model-agnostic meta-learning for EEG-based inter-subject emotion recognition,2024,Journal of Neural Engineering,article,en,https://doi.org/10.1088/1741-2552/ad9956,,,,,
1294,10.1109/icsp62129.2024.10846608,JAN-Enhanced Capsule Networks with Pre-trained Features for Cross-Subject Emotion Recognition,2024,,conference-paper,en,https://doi.org/10.1109/icsp62129.2024.10846608,,,,,
1295,10.1109/embc40787.2023.10340922,Functional Connectivity Analysis in Multi-channel EEG for Emotion Detection with Phase Locking Value and 3D CNN,2023,,conference-paper,en,https://doi.org/10.1109/embc40787.2023.10340922,,,,,
1296,10.1016/j.compbiomed.2024.109394,Enhanced cross-dataset electroencephalogram-based emotion recognition using unsupervised domain adaptation,2024,Computers in Biology and Medicine,article,en,https://doi.org/10.1016/j.compbiomed.2024.109394,,,,,
1297,10.1109/tcss.2025.3622319,Deep Representation Learning With Assisted Domain Adaptation for EEG-Based Cross-Subject Emotion Recognition,2025,IEEE Transactions on Computational Social Systems,article,,https://doi.org/10.1109/tcss.2025.3622319,,,,,
1298,10.2139/ssrn.5172500,Sda-Dda: Semi-Supervised Domain Adaptation with Dynamic Distribution Alignment Network for Emotion Recognition Using Eeg Signals,2025,SSRN Electronic Journal,preprint,en,https://doi.org/10.2139/ssrn.5172500,,,,,
1299,10.1016/j.bspc.2024.106465,Knowledge distillation based lightweight domain adversarial neural network for electroencephalogram-based emotion recognition,2024,Biomedical Signal Processing and Control,article,en,https://doi.org/10.1016/j.bspc.2024.106465,,,,,
1300,10.1016/j.knosys.2025.113368,Domain Adversarial Neural Network with Reliable Pseudo-labels Iteration for cross-subject EEG emotion recognition,2025,Knowledge-Based Systems,article,en,https://doi.org/10.1016/j.knosys.2025.113368,,,,,
1301,10.1109/taffc.2021.3068496,EEG Feature Selection via Global Redundancy Minimization for Emotion Recognition,2021,IEEE Transactions on Affective Computing,article,en,https://doi.org/10.1109/taffc.2021.3068496,,,,,
1302,10.33851/jmis.2024.11.1.109,Improving Musical Expression by Capturing Psychological Changes with CNN Support,2024,Journal of Multimedia Information System,article,en,https://doi.org/10.33851/jmis.2024.11.1.109,,,,,
1303,10.1101/2023.11.17.23298680,Exploring Emotions in EEG: Deep Learning Approach with Feature Fusion,2023,medRxiv,preprint,en,http://dx.doi.org/10.1101/2023.11.17.23298680,,,,,
1304,10.1109/iucc-css.2016.027,Feature Extraction for Emotion Recognition and Modelling Using Neurophysiological Data,2016,,conference-paper,en,https://pure.ulster.ac.uk/en/publications/07aa4a63-6589-44e5-a172-f63ad9fbdc37,,,,,
1305,10.1109/comsnets56262.2023.10041308,FedEmo: A Privacy-Preserving Framework for Emotion Recognition using EEG Physiological Data,2023,,conference-paper,en,https://doi.org/10.1109/comsnets56262.2023.10041308,,,,,
1306,10.1016/j.knosys.2024.112599,MAS-DGAT-Net: A dynamic graph attention network with multibranch feature extraction and staged fusion for EEG emotion recognition,2024,Knowledge-Based Systems,article,en,https://doi.org/10.1016/j.knosys.2024.112599,,,,,
1307,,KLASIFIKASI TIPE EMOSI AROUSAL PADA SINYAL EEG DENGAN METODE SUPPORT VECTOR MACHINE,2019,eProceedings of Engineering,article,id,,,,,,
1308,10.48550/arxiv.2512.23526,EEG-based Graph-guided Domain Adaptation for Robust Cross-Session Emotion Recognition,2025,arXiv (Cornell University),preprint,,https://doi.org/10.48550/arxiv.2512.23526,,,,,
1309,10.1109/impact55510.2022.10029284,Emotion recognition from EEG signals using machine learning model,2022,,conference-paper,en,https://doi.org/10.1109/impact55510.2022.10029284,,,,,
1310,10.1109/medai62885.2024.00045,Emotional EEG Recognition and Classification Based on GCN Combined with LSTM,2024,,conference-paper,en,https://doi.org/10.1109/medai62885.2024.00045,,,,,
1311,10.1109/icecaa58104.2023.10212279,Classification of EEG Signals on SEED Dataset Using Improved CNN,2023,,conference-paper,en,https://doi.org/10.1109/icecaa58104.2023.10212279,,,,,
1312,10.1109/raics66191.2025.11332600,Emoticore: An Optimized 4-Channel EEG-Based Emotion Detection System,2025,,conference-paper,,https://doi.org/10.1109/raics66191.2025.11332600,,,,,
1313,10.14313/jamris/3-2024/23,EEG Based Emotion Analysis using Reinforced Spatio-Temporal Attentive Graph Neural and Context Net Techniques,2024,Journal of Automation Mobile Robotics & Intelligent Systems,article,en,http://dx.doi.org/10.14313/jamris/3-2024/23,,,,,
1314,10.1109/imse61332.2023.00022,Emotion Recognition from EEG Signals Based on GoogleNet and Multi-Dimensional Fusion,2023,,conference-paper,en,https://doi.org/10.1109/imse61332.2023.00022,,,,,
1315,10.48550/arxiv.2204.07777,Exploiting Multiple EEG Data Domains with Adversarial Learning,2022,arXiv (Cornell University),preprint,en,http://arxiv.org/abs/2204.07777,,,,,
1316,10.1016/j.bspc.2021.103407,Deep BiLSTM neural network model for emotion detection using cross-dataset approach,2021,Biomedical Signal Processing and Control,article,en,https://doi.org/10.1016/j.bspc.2021.103407,,,,,
1317,10.1109/tcds.2024.3470248,Functional Connectivity Patterns Learning for EEG-Based Emotion Recognition,2024,IEEE Transactions on Cognitive and Developmental Systems,article,en,https://doi.org/10.1109/tcds.2024.3470248,,,,,
1318,10.1142/s0218127422500110,Multilayer Network-Based CNN Model for Emotion Recognition,2022,International Journal of Bifurcation and Chaos,article,en,https://doi.org/10.1142/s0218127422500110,,,,,
1319,10.1080/10255842.2025.2568979,Cooperative chameleon search optimization enabled deep ensemble classifier for emotion recognition using EEG signal,2025,Computer Methods in Biomechanics & Biomedical Engineering,article,en,https://doi.org/10.1080/10255842.2025.2568979,,,,,
1320,10.4018/ijkss.373712,A Lightweight Deep Learning Network for Emotion Recognition Applications on Portable Devices,2025,International Journal of Knowledge and Systems Science,article,en,https://doi.org/10.4018/ijkss.373712,,,,,
1321,10.3390/app122010273,A Novel Method of Emotion Recognition from Multi-Band EEG Topology Maps Based on ERENet,2022,Applied Sciences,article,en,https://doi.org/10.3390/app122010273,,,,,
1322,10.1109/nnice61279.2024.10498977,STA-Net: Deep Spatial-Temporal Attention Network for Emotion Detection using EEG,2024,,conference-paper,en,https://doi.org/10.1109/nnice61279.2024.10498977,,,,,
1323,10.1007/978-3-031-51455-5_30,An Improved Canonical Correlation Analysis for EEG Inter-Band Correlation Extraction,2024,"World Congress on Medical Physics and Biomedical Engineering, September 7 - 12, 2009, Munich, Germany",conference-paper,en,https://doi.org/10.1007/978-3-031-51455-5_30,,,,,
1324,10.1016/j.engappai.2025.112144,Electroencephalography-based emotion recognition using a dual-stream multi-scale spatiotemporal convolutional capsule network,2025,Engineering Applications of Artificial Intelligence,article,en,https://doi.org/10.1016/j.engappai.2025.112144,,,,,
1325,10.21203/rs.3.rs-1686556/v1,Multimodal Feature Extraction Algorithm for Potential Frequency in the Fusion of EEG and MRI,2022,Research Square,preprint,en,https://doi.org/10.21203/rs.3.rs-1686556/v1,,,,,
1326,10.1016/j.neucom.2025.131749,Dynamic sparse directed graph convolutional network with attention mechanisms for EEG emotion recognition,2025,Neurocomputing,article,en,https://doi.org/10.1016/j.neucom.2025.131749,,,,,
1327,10.1145/3647817.3647826,Analysis of Arousal and Valence Based on EEG signals: Research on Emotional Analysis,2023,,conference-paper,en,https://doi.org/10.1145/3647817.3647826,,,,,
1328,10.1016/j.bspc.2023.105863,Spectrum-based channel attention cooperating with time continuity encoding in transformer for EEG emotion analysis,2023,Biomedical Signal Processing and Control,article,en,https://doi.org/10.1016/j.bspc.2023.105863,,,,,
1329,10.1109/tcds.2024.3417534,Cross-Subject Emotion Recognition From Multichannel EEG Signals Using Multivariate Decomposition and Ensemble Learning,2024,IEEE Transactions on Cognitive and Developmental Systems,article,en,https://doi.org/10.1109/tcds.2024.3417534,,,,,
1330,10.1109/pcems58491.2023.10136120,Multi-Channel EEG-based Multi-Class Emotion Recognition From Multiple Frequency Bands,2023,,conference-paper,en,https://doi.org/10.1109/pcems58491.2023.10136120,,,,,
1331,10.1109/bibm.2016.7822545,Emotion recognition from multi-channel EEG data through Convolutional Recurrent Neural Network,2016,,conference-paper,en,https://doi.org/10.1109/bibm.2016.7822545,,,,,
1332,10.36306/konjes.1649691,DEVELOPMENT OF A TERNARY LEVELS EMOTION CLASSIFICATION MODEL UTILIZING ELECTROENCEPHALOGRAPHY DATA SET,2025,Konya Journal of Engineering Sciences,article,en,https://doi.org/10.36306/konjes.1649691,,,,,
1333,10.1109/percomworkshops65533.2025.00105,Multimodal Stress Monitoring Using Deep Learning for Telemedicine and Telehealth Applications,2025,,conference-paper,en,https://doi.org/10.1109/percomworkshops65533.2025.00105,,,,,
1334,10.1109/atsip62566.2024.10638977,Decoding Emotions: Integrating EEG Signals and Facial Expressions for Advanced Multimodal Emotion Recognition,2024,,conference-paper,en,https://doi.org/10.1109/atsip62566.2024.10638977,,,,,
1335,10.1109/access.2024.3417525,Emotion Recognition in EEG Based on Multilevel Multidomain Feature Fusion,2024,IEEE Access,article,en,https://doi.org/10.1109/access.2024.3417525,,,,,
1336,10.1016/j.ifacol.2021.04.125,Functional Connectivity Network Based Emotion Recognition Combining Sample Entropy,2020,IFAC-PapersOnLine,article,en,https://doi.org/10.1016/j.ifacol.2021.04.125,,,,,
1337,10.1007/978-3-319-70096-0_73,Optimized Echo State Network with Intrinsic Plasticity for EEG-Based Emotion Recognition,2017,Lecture notes in computer science,conference-paper,en,https://doi.org/10.1007/978-3-319-70096-0_73,,,,,
1338,10.1109/access.2020.3023871,Cross-Subject Multimodal Emotion Recognition Based on Hybrid Fusion,2020,IEEE Access,article,en,https://doi.org/10.1109/access.2020.3023871,,,,,
1339,10.1109/r10-htc47129.2019.9042448,Exploring the Feature Selection of the EEG Signal Time and Frequency Domain Features for k - NN and Weighted k-NN,2019,,conference-paper,en,https://doi.org/10.1109/r10-htc47129.2019.9042448,,,,,
1340,10.1007/s11760-024-03632-0,MF-Net: a multimodal fusion network for emotion recognition based on multiple physiological signals,2024,Signal Image and Video Processing,article,en,https://doi.org/10.1007/s11760-024-03632-0,,,,,
1341,10.1016/j.bspc.2021.103361,Capsule neural networks on spatio-temporal EEG frames for cross-subject emotion recognition,2021,Biomedical Signal Processing and Control,article,en,https://doi.org/10.1016/j.bspc.2021.103361,,,,,
1342,10.1109/bibm58861.2023.10385711,Emotion Recognition based on Physiological Signals Multi-head Attention Contrastive Learning,2023,,conference-paper,en,https://doi.org/10.1109/bibm58861.2023.10385711,,,,,
1343,10.1016/j.image.2025.117464,DPMMN: A dual performer-multi-modal network for emotion recognition,2025,Signal Processing Image Communication,article,en,https://doi.org/10.1016/j.image.2025.117464,,,,,
1344,10.1109/bibe66822.2025.00103,Human Emotion Detection Using Eeg Signals: Insights Into Feature Selection,2025,,conference-paper,,https://doi.org/10.1109/bibe66822.2025.00103,,,,,
1345,10.1093/cercor/bhae477,Crucial rhythms and subnetworks for emotion processing extracted by an interpretable deep learning framework from EEG networks,2024,Cerebral Cortex,article,en,https://doi.org/10.1093/cercor/bhae477,,,,,
1346,10.1016/j.ifacol.2025.12.485,EEG-Based Multimodal Emotion Recognition with Universal CNN-Based Feature Extraction and Transformer-Based Fusion,2025,IFAC-PapersOnLine,article,en,https://doi.org/10.1016/j.ifacol.2025.12.485,,,,,
1347,10.1016/j.bspc.2023.105312,A novel caps-EEGNet combined with channel selection for EEG-based emotion recognition,2023,Biomedical Signal Processing and Control,article,en,https://doi.org/10.1016/j.bspc.2023.105312,,,,,
1348,10.17605/osf.io/bj2ts,TIHA-MLI v6.0: A Comparative Validation of Idiosyncratic Linear Models (MLI) for Affective Valence (EEG vs. Peripheral Signals),2025,OSF Preprints (OSF Preprints),preprint,en,https://doi.org/10.17605/osf.io/bj2ts,,,,,
1349,10.1109/ichci67614.2025.11292381,Optimizing Emotion Recognition from EEG Signals Using Deep Learning,2025,,conference-paper,,https://doi.org/10.1109/ichci67614.2025.11292381,,,,,
1350,10.1007/s00521-022-06942-x,Time series-dependent feature of EEG signals for improved visually evoked emotion classification using EmotionCapsNet,2022,Neural Computing and Applications,article,en,https://doi.org/10.1007/s00521-022-06942-x,,,,,
1351,10.1007/978-981-10-6454-8_3,EEG Based Classification of Human Emotions Using Discrete Wavelet Transform,2017,Lecture notes in electrical engineering,book-chapter,en,https://doi.org/10.1007/978-981-10-6454-8_3,,,,,
1352,10.1109/taffc.2024.3485057,SEED-VII: A Multimodal Dataset of Six Basic Emotions With Continuous Labels for Emotion Recognition,2024,IEEE Transactions on Affective Computing,article,en,https://doi.org/10.1109/taffc.2024.3485057,,,,,
1353,10.1155/2021/8896062,Emotion Recognition of EEG Signals Based on the Ensemble Learning Method: AdaBoost,2021,Mathematical Problems in Engineering,article,en,https://doi.org/10.1155/2021/8896062,,,,,
1354,10.31083/jin41547,EEG-ERnet: Emotion Recognition based on Rhythmic EEG Convolutional Neural Network Model,2025,Journal of Integrative Neuroscience,article,en,https://doi.org/10.31083/jin41547,,,,,
1355,10.48550/arxiv.1905.07039,Utilizing Deep Learning Towards Multi-modal Bio-sensing and Vision-based Affective Computing,2019,arXiv (Cornell University),preprint,en,http://arxiv.org/abs/1905.07039,,,,,
1356,10.1109/ainit61980.2024.10581649,FLEER: A Federated Learning Framework for EEG Emotion Recognition,2024,,conference-paper,en,https://doi.org/10.1109/ainit61980.2024.10581649,,,,,
1357,10.23919/indiacom61295.2024.10498633,Optimizing Emotion Classification from EEG Signals: A Comparative Analysis of Optimization Techniques on the DEAP Dataset,2024,,conference-paper,en,https://doi.org/10.23919/indiacom61295.2024.10498633,,,,,
1358,10.1016/j.patcog.2025.112143,Hierarchical feature distillation model via dual-stage projections and graph embedding label propagation for emotion recognition,2025,Pattern Recognition,article,en,https://doi.org/10.1016/j.patcog.2025.112143,,,,,
1359,10.1109/icoiact46704.2019.8938532,Hjorth Descriptor as Feature Extraction for Classification of Familiarity in EEG Signal,2019,2019 International Conference on Information and Communications Technology (ICOIACT),conference-paper,en,https://doi.org/10.1109/icoiact46704.2019.8938532,,,,,
1360,10.1016/j.comcom.2020.10.004,Multi-reservoirs EEG signal feature sensing and recognition method based on generative adversarial networks,2020,Computer Communications,article,en,https://doi.org/10.1016/j.comcom.2020.10.004,,,,,
1361,10.1109/iscas45731.2020.9180728,An Inference Hardware Accelerator for EEG-Based Emotion Detection,2020,,conference-paper,en,https://doi.org/10.1109/iscas45731.2020.9180728,,,,,
1362,10.1007/978-3-030-16660-1_28,Emotion Assessment Based on EEG Brain Signals,2019,Advances in intelligent systems and computing,conference-paper,en,https://doi.org/10.1007/978-3-030-16660-1_28,,,,,
1363,10.1155/2018/9750904,Recognition of Emotions Using Multichannel EEG Data and DBN-GC-Based Ensemble Deep Learning Framework,2018,Computational Intelligence and Neuroscience,article,en,https://doi.org/10.1155/2018/9750904,,,,,
1364,10.36548/jaicn.2022.2.003,Comparative analysis on Emotion Recognition by Multi-Channel CapsNet Learning Framework,2022,Journal of Artificial Intelligence and Capsule Networks,article,en,https://doi.org/10.36548/jaicn.2022.2.003,,,,,
1365,10.3390/e24091187,Deep Sparse Autoencoder and Recursive Neural Network for EEG Emotion Recognition,2022,Entropy,article,en,https://doi.org/10.3390/e24091187,,,,,
1366,10.3390/s22218198,Graph Theoretical Analysis of EEG Functional Connectivity Patterns and Fusion with Physiological Signals for Emotion Recognition,2022,Sensors,article,en,https://doi.org/10.3390/s22218198,,,,,
1367,10.1007/978-981-33-6176-8_8,Analysis of DEAP Dataset for Emotion Recognition,2021,Advances in intelligent systems and computing,book-chapter,en,https://doi.org/10.1007/978-981-33-6176-8_8,,,,,
1368,10.1007/s00521-023-09289-z,FAformer: parallel Fourier-attention architectures benefits EEG-based affective computing with enhanced spatial information,2023,Neural Computing and Applications,article,en,https://doi.org/10.1007/s00521-023-09289-z,,,,,
1369,10.1007/978-3-031-35599-8_15,A Novel EEG-Based Real-Time Emotion Recognition Approach Using Deep Neural Networks on Raspberry Pi,2023,Lecture notes in computer science,conference-paper,en,https://doi.org/10.1007/978-3-031-35599-8_15,,,,,
1370,10.1109/icftic57696.2022.10075315,Graph Convolutional Neural Network for EEG Emotion Recognition,2022,,conference-paper,en,https://doi.org/10.1109/icftic57696.2022.10075315,,,,,
1371,10.1109/jetcas.2019.2951232,Development and Validation of an EEG-Based Real-Time Emotion Recognition System Using Edge AI Computing Platform With Convolutional Neural Network System-on-Chip Design,2019,IEEE Journal on Emerging and Selected Topics in Circuits and Systems,article,en,https://doi.org/10.1109/jetcas.2019.2951232,,,,,
1372,10.1109/icon-bciht63907.2024.10882427,UNiFY-ESSL: UNIfied Framework for Yielding EEG-Based Emotion Recognition Model with Self-Supervised Learning,2024,,conference-paper,en,https://doi.org/10.1109/icon-bciht63907.2024.10882427,,,,,
1373,10.1007/s11571-023-09968-6,Lemniscate of Bernoulli’s map quantifiers: innovative measures for EEG emotion recognition,2023,Cognitive Neurodynamics,article,en,https://www.ncbi.nlm.nih.gov/pmc/articles/11143135,,,,,
1374,10.1109/m2vip58386.2023.10413377,GSCNN: Gender-Sensitive EEG Emotion Recognition Using Convolutional Neural Network,2023,,conference-paper,en,https://doi.org/10.1109/m2vip58386.2023.10413377,,,,,
1375,10.3389/fnins.2023.1234162,A novel feature fusion network for multimodal emotion recognition from EEG and eye movement signals,2023,Frontiers in Neuroscience,article,en,https://doi.org/10.3389/fnins.2023.1234162,,,,,
1376,10.1007/s11571-021-09756-0,Emotion recognition using effective connectivity and pre-trained convolutional neural networks in EEG signals,2022,Cognitive Neurodynamics,article,en,https://www.ncbi.nlm.nih.gov/pmc/articles/9508317,,,,,
1377,,A Study of Familiarity Effects Classification in Human EEG Signal Using Hjorth Descriptor,2018,,article,en,,,,,,
1378,,EEG Based Emotion Identification Using Unsupervised Deep Feature Learning,2015,Open Research Online - ORO (The Open University),conference-paper,en,,,,,,
1379,10.2139/ssrn.4576651,Souping Up Emotions: Interpretable Emotion Recognition from Eeg Signals Using Model Soup and Explainable Ai,2023,SSRN Electronic Journal,preprint,en,https://doi.org/10.2139/ssrn.4576651,,,,,
1380,10.1016/j.compbiomed.2021.104757,EEG Channel Correlation Based Model for Emotion Recognition,2021,Computers in Biology and Medicine,article,en,https://doi.org/10.1016/j.compbiomed.2021.104757,,,,,
1381,10.1186/s40708-024-00245-8,Enhancing cross-subject emotion recognition precision through unimodal EEG: a novel emotion preceptor model,2024,Brain Informatics,article,en,https://doi.org/10.1186/s40708-024-00245-8,,,,,
1382,10.1007/978-3-030-77964-1_40,EEG-Based Emotion Recognition – Evaluation Methodology Revisited,2021,Lecture notes in computer science,conference-paper,en,https://doi.org/10.1007/978-3-030-77964-1_40,,,,,
1383,10.1007/s00521-024-10925-5,A novel multimodal EEG-image fusion approach for emotion recognition: introducing a multimodal KMED dataset,2024,Neural Computing and Applications,article,en,https://doi.org/10.1007/s00521-024-10925-5,,,,,
1384,10.23919/ccc50068.2020.9189559,Cross-Subject emotion recognition from EEG using Convolutional Neural Networks,2020,,conference-paper,en,https://hdl.handle.net/11250/2772110,,,,,
1385,10.1109/icccnt51525.2021.9579764,Investigation of EEG Signals for Emotion Recognition of People for Brain-Computer Interface,2021,,conference-paper,en,https://doi.org/10.1109/icccnt51525.2021.9579764,,,,,
1386,10.1016/j.neucom.2022.11.095,Minimum spanning tree brain network topology reflects individual differences in the structure of affective experience,2022,Neurocomputing,article,en,https://doi.org/10.1016/j.neucom.2022.11.095,,,,,
1387,10.3390/s25185718,Attention-Based Transfer Enhancement Network for Cross-Corpus EEG Emotion Recognition,2025,Sensors,article,en,https://doi.org/10.3390/s25185718,,,,,
1388,10.1109/tcss.2024.3488201,Ugan: Uncertainty-Guided Graph Augmentation Network for EEG Emotion Recognition,2024,IEEE Transactions on Computational Social Systems,article,en,https://doi.org/10.1109/tcss.2024.3488201,,,,,
1389,,Human Emotion Perception Based on K-Nearest Neighbors Classifier,2021,Turkish Journal of Computer and Mathematics Education (TURCOMAT),article,en,https://turcomat.org/index.php/turkbilmat/article/view/9232,,,,,
1390,10.1109/et.2016.7753477,Spatio-temporal EEG signal descriptors for recognition of negative emotional states,2016,,conference-paper,en,https://doi.org/10.1109/et.2016.7753477,,,,,
1391,10.1016/j.bspc.2021.102755,EEG based emotion detection using fourth order spectral moment and deep learning,2021,Biomedical Signal Processing and Control,article,en,https://doi.org/10.1016/j.bspc.2021.102755,,,,,
1392,10.1109/ic2ect66838.2025.11291002,Denoise and Attend: An AE-Transformer Approach to EEG Emotion Recognition,2025,,conference-paper,,https://doi.org/10.1109/ic2ect66838.2025.11291002,,,,,
1393,10.1016/j.eswa.2025.127456,ChannelMix-based transformer and convolutional multi-view feature fusion network for unsupervised domain adaptation in EEG emotion recognition,2025,Expert Systems with Applications,article,en,https://doi.org/10.1016/j.eswa.2025.127456,,,,,
1394,10.1007/s11042-018-5885-9,EEG-based classification of emotions using empirical mode decomposition and autoregressive model,2018,Multimedia Tools and Applications,article,en,https://doi.org/10.1007/s11042-018-5885-9,,,,,
1395,10.1109/icipca59209.2023.10257784,EEG-Based on Emotion Recognition Using Machine Learning,2023,,conference-paper,en,https://doi.org/10.1109/icipca59209.2023.10257784,,,,,
1396,10.1016/j.bspc.2024.106505,Novel fractal pattern based features for EEG-based emotion identification,2024,Biomedical Signal Processing and Control,article,en,https://doi.org/10.1016/j.bspc.2024.106505,,,,,
1397,10.48550/arxiv.2512.13458,SSAS: Cross-subject EEG-based Emotion Recognition through Source Selection with Adversarial Strategy,2025,arXiv (Cornell University),preprint,,http://arxiv.org/abs/2512.13458,,,,,
1398,10.1109/embc53108.2024.10782033,Improving Cross-Subject Emotion Recognition Performance with an Encoder-Decoder Structure,2024,,conference-paper,en,https://doi.org/10.1109/embc53108.2024.10782033,,,,,
1399,10.3390/bioengineering10101200,An Improved Canonical Correlation Analysis for EEG Inter-Band Correlation Extraction,2023,Bioengineering,article,en,https://doi.org/10.3390/bioengineering10101200,,,,,
1400,10.1016/j.bspc.2025.108556,Graph Filtering-Based Multi-Granularity Spatial-Frequency Convolutional Attention Fusion Network for emotion recognition,2025,Biomedical Signal Processing and Control,article,en,https://doi.org/10.1016/j.bspc.2025.108556,,,,,
1401,10.21203/rs.3.rs-37469/v1,Two Stepped Majority Voting for Efficient EEG Based Emotion Classification,2020,Research Square,preprint,en,https://doi.org/10.21203/rs.3.rs-37469/v1,,,,,
1402,10.1016/j.dsp.2025.105261,AC2Net: Hybrid attention convolution and compression fusion network for multimodal emotion recognition,2025,Digital Signal Processing,article,en,https://doi.org/10.1016/j.dsp.2025.105261,,,,,
1403,10.1007/s11042-023-14671-z,Modified multidimensional scaling on EEG signals for emotion classification,2023,Multimedia Tools and Applications,article,en,https://doi.org/10.1007/s11042-023-14671-z,,,,,
1404,10.48550/arxiv.2412.00082,PL-DCP: A Pairwise Learning framework with Domain and Class Prototypes for EEG emotion recognition under unseen target conditions,2024,arXiv (Cornell University),preprint,en,http://arxiv.org/abs/2412.00082,,,,,
1405,10.1109/access.2019.2962085,Multimodal Emotion Recognition Based on Ensemble Convolutional Neural Network,2019,IEEE Access,article,en,https://doi.org/10.1109/access.2019.2962085,,,,,
1406,,[Applications of Wavelet Transform Combining Empirical Mode Decomposition in EEG Analysis with Music Intervention].,2016,PubMed,article,en,,,,,,
1407,10.1142/s0219519423400808,EEG SIGNAL-DRIVEN HUMAN–COMPUTER INTERACTION EMOTION RECOGNITION MODEL USING AN ATTENTIONAL NEURAL NETWORK ALGORITHM,2023,Journal of Mechanics in Medicine and Biology,article,en,https://doi.org/10.1142/s0219519423400808,,,,,
1408,10.1109/iceeict62016.2024.10534367,Detection of Emotion from EEG Signal Using Deep Learning: Bi-LSTM and GRU,2024,,conference-paper,en,https://doi.org/10.1109/iceeict62016.2024.10534367,,,,,
1409,10.1109/access.2025.3592336,MT-EfficientNetV2: A Multi-Temporal Scale Fusion EEG Emotion Recognition Method Based on Recurrence Plots,2025,IEEE Access,article,en,https://doi.org/10.1109/access.2025.3592336,,,,,
1410,10.1109/iccspci68199.2025.11451525,EmotiFusionX: An Explainable Multimodal Emotion Recognition Model Using EEG Signals and Facial Expressions,2025,,conference-paper,,https://doi.org/10.1109/iccspci68199.2025.11451525,,,,,
1411,10.1109/sas54819.2022.9881254,Emotion Classification from Electroencephalogram Signals Using a Cascade of Convolutional and Block-Based Residual Recurrent Neural Networks,2022,,conference-paper,en,https://doi.org/10.1109/sas54819.2022.9881254,,,,,
1412,10.1109/kse59128.2023.10299508,EEG-Based Emotion Feature Extraction Using Power Spectral Density,2023,,conference-paper,en,https://doi.org/10.1109/kse59128.2023.10299508,,,,,
1413,10.1109/tii.2022.3217120,Joint EEG Feature Transfer and Semisupervised Cross-Subject Emotion Recognition,2022,IEEE Transactions on Industrial Informatics,article,en,https://doi.org/10.1109/tii.2022.3217120,,,,,
1414,10.1007/s11571-023-10034-4,Channel attention convolutional aggregation network based on video-level features for EEG emotion recognition,2023,Cognitive Neurodynamics,article,en,https://www.ncbi.nlm.nih.gov/pmc/articles/11297860,,,,,
1415,10.14236/ewic/hci2022.19,End-to-End Emotion Recognition using Peripheral Physiological Signals,2022,Electronic workshops in computing,conference-paper,en,https://doi.org/10.14236/ewic/hci2022.19,,,,,
1416,10.1016/j.bspc.2024.106276,Exploring non-Euclidean relationships in EEG emotion recognition: A dynamic graph attention network,2024,Biomedical Signal Processing and Control,article,en,https://doi.org/10.1016/j.bspc.2024.106276,,,,,
1417,10.1007/s00034-025-03230-6,Novel 2-D Wavelet-Based Spectral-Temporal Representation for Deep Learning Based Stress Detection Using EEG Signal,2025,Circuits Systems and Signal Processing,article,en,https://doi.org/10.1007/s00034-025-03230-6,,,,,
1418,10.1007/978-3-319-46681-1_21,A Novel Graph Regularized Sparse Linear Discriminant Analysis Model for EEG Emotion Recognition,2016,Lecture notes in computer science,conference-paper,en,https://doi.org/10.1007/978-3-319-46681-1_21,,,,,
1419,10.1109/ccece58730.2023.10289007,Multimodal Deep Learning Model for Subject-Independent EEG-based Emotion Recognition,2023,,conference-paper,en,https://doi.org/10.1109/ccece58730.2023.10289007,,,,,
1420,10.1016/j.measen.2022.100554,Wavelet based machine learning models for classification of human emotions using EEG signal,2022,Measurement Sensors,article,en,https://doi.org/10.1016/j.measen.2022.100554,,,,,
1421,10.3390/electronics12143188,A Model for EEG-Based Emotion Recognition: CNN-Bi-LSTM with Attention Mechanism,2023,Electronics,article,en,https://doi.org/10.3390/electronics12143188,,,,,
1422,10.1007/978-981-13-6504-1_49,Arousal Recognition Using EEG Signals,2019,Lecture notes in electrical engineering,conference-paper,en,https://doi.org/10.1007/978-981-13-6504-1_49,,,,,
1423,10.1109/bibm47256.2019.8983332,Gender recognition in emotion perception using EEG features,2019,,conference-paper,en,https://doi.org/10.1109/bibm47256.2019.8983332,,,,,
1424,10.1016/j.heliyon.2024.e38681,Virtual reality-enabled high-performance emotion estimation with the most significant channel pairs,2024,Heliyon,article,en,https://doi.org/10.1016/j.heliyon.2024.e38681,,,,,
1425,10.3934/math.20231169,Electroencephalogram based face emotion recognition using multimodal fusion and 1-D convolution neural network (ID-CNN) classifier,2023,AIMS Mathematics,article,en,https://doi.org/10.3934/math.20231169,,,,,
1426,10.1080/10255842.2025.2477801,EEG-based emotion recognition with autoencoder feature fusion and MSC-TimesNet model,2025,Computer Methods in Biomechanics & Biomedical Engineering,article,en,https://doi.org/10.1080/10255842.2025.2477801,,,,,
1427,10.2139/ssrn.5362913,Cross-Subject Eeg-Based Emotion Recognition Through Source Selection with Adversarial Strategy,2025,SSRN Electronic Journal,preprint,en,https://doi.org/10.2139/ssrn.5362913,,,,,
1428,10.1109/bibm52615.2021.9669889,A Grouped Dynamic EEG Channel Selection Method for Emotion Recognition,2021,2021 IEEE International Conference on Bioinformatics and Biomedicine (BIBM),conference-paper,en,https://doi.org/10.1109/bibm52615.2021.9669889,,,,,
1429,10.1007/978-3-031-48316-5_22,Deep Learning Based Emotion Recognition Using EEG Signal,2023,Lecture notes in computer science,conference-paper,en,https://doi.org/10.1007/978-3-031-48316-5_22,,,,,
1430,10.1016/j.asoc.2022.108740,Spatial-frequency convolutional self-attention network for EEG emotion recognition,2022,Applied Soft Computing,article,en,https://doi.org/10.1016/j.asoc.2022.108740,,,,,
1431,10.1109/t-affc.2011.15,DEAP: A Database for Emotion Analysis ;Using Physiological Signals,2011,IEEE Transactions on Affective Computing,article,en,https://archive-ouverte.unige.ch/unige:47405,,,,,
1432,10.1016/j.compbiomed.2023.107126,A multi-head residual connection GCN for EEG emotion recognition,2023,Computers in Biology and Medicine,article,en,https://doi.org/10.1016/j.compbiomed.2023.107126,,,,,
1433,10.1007/978-3-030-95711-7_37,Feature Extraction and Classification for Emotion Recognition Using Discrete Cosine Transform,2022,Communications in computer and information science,conference-paper,en,https://doi.org/10.1007/978-3-030-95711-7_37,,,,,
1434,10.1201/9781003145004-15,Comparative Analysis of Emotional State Classification Using Different Machine Learning Techniques,2022,,book-chapter,en,https://doi.org/10.1201/9781003145004-15,,,,,
1435,10.1109/iciibms55689.2022.9971594,EEG Signal Power Prediction Using DEAP Dataset,2022,,conference-paper,en,https://doi.org/10.1109/iciibms55689.2022.9971594,,,,,
1436,10.1109/icdcot61034.2024.10516087,Electroencephalogram Based Emotion Recognition Using Variational Model Decomposition and Long Short-Term Memory,2024,,conference-paper,en,https://doi.org/10.1109/icdcot61034.2024.10516087,,,,,
1437,10.1109/taffc.2019.2942587,ICA-Evolution Based Data Augmentation with Ensemble Deep Neural Networks Using Time and Frequency Kernels for Emotion Recognition from EEG-Data,2019,IEEE Transactions on Affective Computing,article,en,https://doi.org/10.1109/taffc.2019.2942587,,,,,
1438,10.1145/3724979.3725005,SECNN-LSTM: A CNN and efficient Attention Mechanism Based LSTM network for Electroencephalogram (EEG)-Based Emotion Recognition,2025,,conference-paper,en,https://doi.org/10.1145/3724979.3725005,,,,,
1439,10.1049/cit2.12174,Self‐training maximum classifier discrepancy for EEG emotion recognition,2023,CAAI Transactions on Intelligence Technology,article,en,https://doi.org/10.1049/cit2.12174,,,,,
1440,10.1016/j.mex.2025.103468,A comparative analysis of emotion recognition from EEG signals using temporal features and hyperparameter-tuned machine learning techniques,2025,MethodsX,article,en,https://doi.org/10.1016/j.mex.2025.103468,,,,,
1441,10.5281/zenodo.18608873,Classification of Emotions From EEG Signals using Machine Learning Algorithms,2021,Zenodo (CERN European Organization for Nuclear Research),article,en,https://doi.org/10.5281/zenodo.18608873,,,,,
1442,10.1109/compsac.2018.10266,Emotion Recognition Based on Photoplethysmogram and Electroencephalogram,2018,,conference-paper,en,https://doi.org/10.1109/compsac.2018.10266,,,,,
1443,10.4108/eetel.3722,EEG Emotion Recognition based on Multi scale Self Attention Convolutional Networks,2023,ICST Transactions on e-Education and e-Learning,article,en,http://dx.doi.org/10.4108/eetel.3722,,,,,
1444,10.48550/arxiv.2311.10155,Exploring Emotions in EEG: Deep Learning Approach with Feature Fusion,2023,arXiv (Cornell University),preprint,en,http://arxiv.org/abs/2311.10155,,,,,
1445,10.1109/cisat66811.2025.11181825,SCL-CSDG: Soft Contrastive Learning for Cross-Subject Domain Generalization in EEG Emotion Recognition,2025,,conference-paper,en,https://doi.org/10.1109/cisat66811.2025.11181825,,,,,
1446,10.1016/j.jksuci.2023.101648,Graph adaptive semi-supervised discriminative subspace learning for EEG emotion recognition,2023,Journal of King Saud University - Computer and Information Sciences,article,en,https://doi.org/10.1016/j.jksuci.2023.101648,,,,,
1447,10.1016/j.bspc.2023.105690,MS-FTSCNN: An EEG emotion recognition method from the combination of multi-domain features,2023,Biomedical Signal Processing and Control,article,en,https://doi.org/10.1016/j.bspc.2023.105690,,,,,
1448,10.3390/s25206397,GBV-Net: Hierarchical Fusion of Facial Expressions and Physiological Signals for Multimodal Emotion Recognition,2025,Sensors,article,en,https://doi.org/10.3390/s25206397,,,,,
1449,10.1109/iccc59590.2023.10507484,EEG-based Emotion Recognition using Crystal Graph Convolutional Neural Networks with Functional Connectivity and Spatial-Frequency Features,2023,,conference-paper,en,https://doi.org/10.1109/iccc59590.2023.10507484,,,,,
1450,10.21608/ijci.2023.199502.1099,Machine Learning Algorithms for Enhancing Emotion Recognition from EEG Signals,2023,IJCI International Journal of Computers and Information,article,en,https://doi.org/10.21608/ijci.2023.199502.1099,,,,,
1451,10.1016/j.jad.2024.06.042,EEG emotion recognition based on data-driven signal auto-segmentation and feature fusion,2024,Journal of Affective Disorders,article,en,https://doi.org/10.1016/j.jad.2024.06.042,,,,,
1452,10.1109/ijcnn60899.2024.10651517,Fine-grained Dual-space Context Analysis Network for Multimodal Emotion Recognition,2024,,conference-paper,en,https://doi.org/10.1109/ijcnn60899.2024.10651517,,,,,
1453,10.3390/s22134939,The Effect of Time Window Length on EEG-Based Emotion Recognition,2022,Sensors,article,en,https://doi.org/10.3390/s22134939,,,,,
1454,10.11896/jsjkx.201000141,EEG Emotion Recognition Based on Frequency and Channel Convolutional Attention,2021,DOAJ (DOAJ: Directory of Open Access Journals),article,en,https://doaj.org/article/74ee20a3cd0b477492624a504feeb4ac,,,,,
1455,10.1007/978-3-030-04221-9_25,WGAN Domain Adaptation for EEG-Based Emotion Recognition,2018,Lecture notes in computer science,conference-paper,en,https://doi.org/10.1007/978-3-030-04221-9_25,,,,,
1456,10.1109/jbhi.2021.3049119,FLDNet: Frame-Level Distilling Neural Network for EEG Emotion Recognition,2021,IEEE Journal of Biomedical and Health Informatics,article,en,https://doi.org/10.1109/jbhi.2021.3049119,,,,,
1457,10.1109/mmsp.2016.7813351,Affective states classification using EEG and semi-supervised deep learning approaches,2016,,conference-paper,en,https://doi.org/10.1109/mmsp.2016.7813351,,,,,
1458,10.9734/bpi/naer/v16/9602d,EEG Bases Emotion Detection Using Deep Learning Algorithm,2021,Book Publisher International (a part of SCIENCEDOMAIN International),book-chapter,en,https://doi.org/10.9734/bpi/naer/v16/9602d,,,,,
1459,10.1007/978-981-19-1520-8_48,Electroencephalogram-Based Emotion Recognition Using Random Forest,2022,Lecture notes in electrical engineering,book-chapter,en,https://doi.org/10.1007/978-981-19-1520-8_48,,,,,
1460,10.1007/978-3-642-38803-3_6,Real-Time Fractal-Based Valence Level Recognition from EEG,2013,Lecture notes in computer science,conference-paper,en,https://doi.org/10.1007/978-3-642-38803-3_6,,,,,
1461,10.5121/csit.2021.112328,Emotion Classification using 1D-CNN and RNN based On DEAP Dataset,2021,Natural Language Processing,conference-paper,en,https://doi.org/10.5121/csit.2021.112328,,,,,
1462,10.1007/978-981-10-8530-7_30,Emotion Recognition from EEG Using RASM and LSTM,2018,Communications in computer and information science,conference-paper,en,https://doi.org/10.1007/978-981-10-8530-7_30,,,,,
1463,10.1109/tim.2025.3571107,A Multidomain Coupled Spatiotemporal Feature Interaction Model for EEG Emotion Recognition,2025,IEEE Transactions on Instrumentation and Measurement,article,en,https://doi.org/10.1109/tim.2025.3571107,,,,,
1464,10.36227/techrxiv.24311959.v1,Online Graph Learning Via Proximal Newton Method From Streaming Data,2023,,preprint,en,https://doi.org/10.36227/techrxiv.24311959.v1,,,,,
1465,10.48550/arxiv.2508.05231,FDC-Net: Rethinking the association between EEG artifact removal and multi-dimensional affective computing,2025,arXiv (Cornell University),preprint,en,http://arxiv.org/abs/2508.05231,,,,,
1466,10.1007/s10489-024-05976-z,A dual transfer learning method based on 3D-CNN and vision transformer for emotion recognition,2024,Applied Intelligence,article,en,https://doi.org/10.1007/s10489-024-05976-z,,,,,
1467,10.1109/icbds61829.2024.10837510,Harmful Brain Activity Classification using EEG Signals,2024,,conference-paper,en,https://doi.org/10.1109/icbds61829.2024.10837510,,,,,
1468,10.48550/arxiv.2405.07260,A Supervised Information Enhanced Multi-Granularity Contrastive Learning Framework for EEG Based Emotion Recognition,2024,arXiv (Cornell University),preprint,en,http://arxiv.org/abs/2405.07260,,,,,
1469,10.56452/6-3-672,A Comparative Study of Machine Learning Algorithms for Emotion Recognition using DEAP EEG Dataset,2023,International Journal of Mechanical Engineering,article,en,http://doi.org/10.56452/6-3-672,,,,,
1470,10.1016/j.eswa.2025.129654,Dynamic collaborative evolutionary network: A novel spatio-temporal feature extraction framework for EEG emotion recognition,2025,Expert Systems with Applications,article,en,https://doi.org/10.1016/j.eswa.2025.129654,,,,,
1471,10.1016/j.bspc.2025.108372,A contrastive learning model of attentional enhancement for EEG cross-subject emotion recognition,2025,Biomedical Signal Processing and Control,article,en,https://doi.org/10.1016/j.bspc.2025.108372,,,,,
1472,10.1016/j.knosys.2024.112770,GCD-JFSE: Graph-based class-domain knowledge joint feature selection and ensemble learning for EEG-based emotion recognition,2024,Knowledge-Based Systems,article,en,https://doi.org/10.1016/j.knosys.2024.112770,,,,,
1473,10.1109/coginfocom66819.2025.11200973,An optimal transport-based domain adaptation method for enhancing cross-subject EEG emotion recognition,2025,,conference-paper,,https://doi.org/10.1109/coginfocom66819.2025.11200973,,,,,
1474,10.36227/techrxiv.24311959,Online Graph Learning Via Proximal Newton Method From Streaming Data,2023,,preprint,en,https://doi.org/10.36227/techrxiv.24311959,,,,,
1475,10.1142/s0129065724500242,Spatio-Temporal Image-Based Encoded Atlases for EEG Emotion Recognition,2024,International Journal of Neural Systems,article,en,https://doi.org/10.1142/s0129065724500242,,,,,
1476,10.1016/j.procs.2020.04.093,Emotion Recognition in Valence-Arousal Space from Multi-channel EEG data and Wavelet based Deep Learning Framework,2020,Procedia Computer Science,conference-paper,en,https://doi.org/10.1016/j.procs.2020.04.093,,,,,
1477,10.1145/3523111.3523115,The Study of Emotional Brain to Detect Emotions Using Brain EEG Signals and Improving Accuracy of Emotion Detection System Using Feature Selection Techniques,2022,,conference-paper,en,https://doi.org/10.1145/3523111.3523115,,,,,
1478,10.1109/tla.2022.9693565,On-line recognition of emotions via electroencephalography,2022,IEEE Latin America Transactions,article,en,https://doi.org/10.1109/tla.2022.9693565,,,,,
1479,10.1109/access.2024.3454090,DSRP: A Database for Stress Reduction Using Physiological Signals,2024,IEEE Access,article,en,https://doi.org/10.1109/access.2024.3454090,,,,,
1480,10.1007/978-3-031-18910-4_36,Multi-source Information-Shared Domain Adaptation for EEG Emotion Recognition,2022,Lecture notes in computer science,conference-paper,en,https://doi.org/10.1007/978-3-031-18910-4_36,,,,,
1481,10.3390/brainsci14030271,Subject-Independent Emotion Recognition Based on EEG Frequency Band Features and Self-Adaptive Graph Construction,2024,Brain Sciences,article,en,https://doi.org/10.3390/brainsci14030271,,,,,
1482,10.2139/ssrn.4835614,Fusing Temporal-Frequency Information with Contrast Learning on Graph Convolution Network to Decoding Eeg,2024,SSRN Electronic Journal,preprint,en,https://doi.org/10.2139/ssrn.4835614,,,,,
1483,10.3390/sym15101822,A CNN Approach for Emotion Recognition via EEG,2023,Symmetry,article,en,https://doi.org/10.3390/sym15101822,,,,,
1484,10.1109/cse57773.2022.00014,Electroencephalogram Emotion Recognition Based on Three-Dimensional Feature Matrix and Multivariate Neural Network,2022,,conference-paper,en,https://doi.org/10.1109/cse57773.2022.00014,,,,,
1485,10.1007/s11042-018-5618-0,Sparsity constrained differential evolution enabled feature-channel-sample hybrid selection for daily-life EEG emotion recognition,2018,Multimedia Tools and Applications,article,en,https://doi.org/10.1007/s11042-018-5618-0,,,,,
1486,10.3389/fpsyg.2023.1141801,Multi-Input CNN-LSTM deep learning model for fear level classification based on EEG and peripheral physiological signals,2023,Frontiers in Psychology,article,en,https://doi.org/10.3389/fpsyg.2023.1141801,,,,,
1487,10.2139/ssrn.4420267,Cross-Subject EEG Linear Domain Adaption Based on Batch Normalization and Depthwise Convolutional Neural Network,2023,SSRN Electronic Journal,preprint,en,https://doi.org/10.2139/ssrn.4420267,,,,,
1488,10.48550/arxiv.2507.03977,MMOC: Self-Supervised EEG Emotion Recognition Framework with Multi-Model Online Collaboration,2025,arXiv (Cornell University),preprint,en,http://arxiv.org/abs/2507.03977,,,,,
1489,10.1007/s12572-025-00411-z,Emotion recognition through integrated dual-channel EEG and peripheral physiological data,2025,International Journal of Advances in Engineering Sciences and Applied Mathematics,article,en,https://doi.org/10.1007/s12572-025-00411-z,,,,,
1490,10.3390/s21103414,Predicting Exact Valence and Arousal Values from EEG,2021,Sensors,article,en,https://doi.org/10.3390/s21103414,,,,,
1491,10.1109/tcds.2020.2976112,A Channel-Fused Dense Convolutional Network for EEG-Based Emotion Recognition,2020,IEEE Transactions on Cognitive and Developmental Systems,article,en,https://doi.org/10.1109/tcds.2020.2976112,,,,,
1492,10.1109/bibm.2018.8621129,Correlated Attention Networks for Multimodal Emotion Recognition,2018,,conference-paper,en,https://doi.org/10.1109/bibm.2018.8621129,,,,,
1493,10.23919/ccc55666.2022.9901838,Subject-independent emotion recognition of EEG signals using graph attention-based spatial-temporal pattern learning,2022,2022 41st Chinese Control Conference (CCC),conference-paper,en,https://doi.org/10.23919/ccc55666.2022.9901838,,,,,
1494,10.1109/icsc56524.2022.10009458,Study of EEG based Emotion Classification using Convolutional Neural Networks,2022,2022 8th International Conference on Signal Processing and Communication (ICSC),conference-paper,en,https://doi.org/10.1109/icsc56524.2022.10009458,,,,,
1495,10.1007/s11760-022-02248-6,Novel high-dimensional phase space features for EEG emotion recognition,2022,Signal Image and Video Processing,article,en,https://doi.org/10.1007/s11760-022-02248-6,,,,,
1496,10.48550/arxiv.2305.07446,A Lightweight Domain Adversarial Neural Network Based on Knowledge Distillation for EEG-based Cross-subject Emotion Recognition,2023,arXiv (Cornell University),preprint,en,http://arxiv.org/abs/2305.07446,,,,,
1497,10.1016/j.bspc.2023.104783,EEG channel selection-based binary particle swarm optimization with recurrent convolutional autoencoder for emotion recognition,2023,Biomedical Signal Processing and Control,article,en,https://doi.org/10.1016/j.bspc.2023.104783,,,,,
1498,10.1109/ccssta62096.2024.10691734,Multimodal Emotion Recognition based on the Fusion of EEG Signals and Eye Movement Data,2024,,conference-paper,en,https://doi.org/10.1109/ccssta62096.2024.10691734,,,,,
1499,10.1109/jbhi.2022.3210158,Dynamic Domain Adaptation for Class-Aware Cross-Subject and Cross-Session EEG Emotion Recognition,2022,IEEE Journal of Biomedical and Health Informatics,article,en,https://doi.org/10.1109/jbhi.2022.3210158,,,,,
1500,10.1109/smc52423.2021.9659084,Wavelet Packet Energy Features for EEG-Based Emotion Recognition,2021,"2021 IEEE International Conference on Systems, Man, and Cybernetics (SMC)",conference-paper,en,https://figshare.com/articles/conference_contribution/Wavelet_Packet_Energy_Features_for_EEG-Based_Emotion_Recognition/20626026,,,,,
1501,10.1007/978-3-030-04221-9_36,Cross-Subject Emotion Recognition Using Deep Adaptation Networks,2018,Lecture notes in computer science,conference-paper,en,https://doi.org/10.1007/978-3-030-04221-9_36,,,,,
1502,10.1109/yac63405.2024.10598451,MHNNSL: EEG-Based Emotion Recognized by Multi-task Hypergraph Neural Network combined with Self-supervised Learning,2024,,conference-paper,en,https://doi.org/10.1109/yac63405.2024.10598451,,,,,
1503,10.3390/brainsci15080835,A Novel Optimized Hybrid Deep Learning Framework for Mental Stress Detection Using Electroencephalography,2025,Brain Sciences,article,en,https://doi.org/10.3390/brainsci15080835,,,,,
1504,10.3390/s20236727,EEG-Based Emotion Classification Using Long Short-Term Memory Network with Attention Mechanism,2020,Sensors,article,en,https://doi.org/10.3390/s20236727,,,,,
1505,10.20944/preprints202508.0813.v1,Determining Levels of Affective States with Riemannian Geometry Applied to EEG Signals,2025,Preprints.org,preprint,en,https://doi.org/10.20944/preprints202508.0813.v1,,,,,
1506,10.1109/ihmsc62065.2024.00015,Emotional EEG Recognition Based on Multi-scale Spatio-Temporal Attentional Convolution Network and Domain Adaptation,2024,,conference-paper,en,https://doi.org/10.1109/ihmsc62065.2024.00015,,,,,
1507,10.1109/tcds.2021.3051465,EEG Emotion Recognition Based on 3-D Feature Representation and Dilated Fully Convolutional Networks,2021,IEEE Transactions on Cognitive and Developmental Systems,article,en,https://doi.org/10.1109/tcds.2021.3051465,,,,,
1508,10.1007/s11571-024-10092-2,Multiple-source distribution deep adaptive feature norm network for EEG emotion recognition,2024,Cognitive Neurodynamics,article,en,https://pmc.ncbi.nlm.nih.gov/articles/PMC11564436/,,,,,
1509,10.1088/1742-6596/2949/1/012006,Positive Emotional State Recognition Using Nonlinear Dynamics Analysis and Machine Learning Algorithms with Electroencephalogram Signals,2025,Journal of Physics Conference Series,conference-paper,en,https://doi.org/10.1088/1742-6596/2949/1/012006,,,,,
1510,10.1109/bibm66473.2025.11356089,PGN: Dynamic Prototype Learning in Local-Global Graph Networks for Cross-Task EEG Adaption,2025,,conference-paper,,https://doi.org/10.1109/bibm66473.2025.11356089,,,,,
1511,10.1109/embc53108.2024.10782401,EEG Emotion Recognition Based on 3D-CTransNet,2024,,conference-paper,en,https://doi.org/10.1109/embc53108.2024.10782401,,,,,
1512,10.1109/ihmsc.2019.00078,Cross-Subject Emotion Recognition with a Decision Tree Classifier Based on Sequential Backward Selection,2019,,conference-paper,en,https://doi.org/10.1109/ihmsc.2019.00078,,,,,
1513,10.1007/978-3-031-49529-8_19,Evaluating the Performance of Some Deep Learning Model for the Problem of Emotion Recognition Based on EEG Signal,2023,Lecture notes in networks and systems,conference-paper,en,https://doi.org/10.1007/978-3-031-49529-8_19,,,,,
1514,10.1007/s00521-022-07643-1,Multi-domain fusion deep graph convolution neural network for EEG emotion recognition,2022,Neural Computing and Applications,article,en,https://doi.org/10.1007/s00521-022-07643-1,,,,,
1515,10.1145/3577530.3577565,A Novel Transfer Learning Model for Cross-Subject Emotion Recognition using EEGs,2022,,conference-paper,en,https://doi.org/10.1145/3577530.3577565,,,,,
1516,10.1016/j.bspc.2025.109170,T-ASSA: A Tensor-based Adaptive Singular Spectrum Analysis framework for multi-domain EEG analysis,2025,Biomedical Signal Processing and Control,article,en,https://doi.org/10.1016/j.bspc.2025.109170,,,,,
1517,10.11591/ijece.v9i2.pp1012-1020,Recognition of emotional states using EEG signals based on time-frequency analysis and SVM classifier,2019,International Journal of Electrical and Computer Engineering (IJECE),article,en,https://doi.org/10.11591/ijece.v9i2.pp1012-1020,,,,,
1518,10.1109/jsen.2022.3172133,A Feature-Fused Convolutional Neural Network for Emotion Recognition From Multichannel EEG Signals,2022,IEEE Sensors Journal,article,en,https://doi.org/10.1109/jsen.2022.3172133,,,,,
1519,10.1109/embc53108.2024.10782334,EEG-based Emotion Recognition using Graph Attention Network with Dual-Branch Attention Module,2024,,conference-paper,en,https://doi.org/10.1109/embc53108.2024.10782334,,,,,
1520,10.1109/icbme54433.2021.9750382,Emotion Recognition Using Sparse Graph Analysis of Brain Connectivity,2021,,conference-paper,en,https://doi.org/10.1109/icbme54433.2021.9750382,,,,,
1521,10.33168/jliss.2024.1117,ENT-DASM and ENT-RASM: Novel Energy-Entropy Asymmetry Features for Enhanced EEG-Based Emotion Classification,2024,Journal of Logistics Informatics and Service Science,article,en,https://doi.org/10.33168/jliss.2024.1117,,,,,
1522,10.1109/spmb50085.2020.9353637,Automation of Emotion Quadrant Identification by Using Second Order Difference Plots and Support Vector Machines,2020,,conference-paper,en,https://doi.org/10.1109/spmb50085.2020.9353637,,,,,
1523,10.1109/eicars68214.2025.11320234,Three-Stage Progressive Learning for Simplifying Multimodal Emotion Recognition with Single-Modality Inference,2025,,conference-paper,,https://doi.org/10.1109/eicars68214.2025.11320234,,,,,
1524,10.3389/fnhum.2020.589001,Electroencephalogram Access for Emotion Recognition Based on a Deep Hybrid Network,2020,Frontiers in Human Neuroscience,article,en,https://doi.org/10.3389/fnhum.2020.589001,,,,,
1525,10.1109/cai64502.2025.00296,XGBoost-Based Emotion Classification in Healthcare Using Electroencephalogram Signals,2025,,conference-paper,en,https://doi.org/10.1109/cai64502.2025.00296,,,,,
1526,10.48550/arxiv.2509.11916,NeuroGaze-Distill: Brain-informed Distillation and Depression-Inspired Geometric Priors for Robust Facial Emotion Recognition,2025,arXiv (Cornell University),preprint,en,http://arxiv.org/abs/2509.11916,,,,,
1527,10.1109/bibm52615.2021.9669646,Intelligent Feature Selection for EEG Emotion Classification,2021,2021 IEEE International Conference on Bioinformatics and Biomedicine (BIBM),conference-paper,en,https://doi.org/10.1109/bibm52615.2021.9669646,,,,,
1528,10.1109/ainit65432.2025.11035749,A Lightweight 1D-CNN for Emotion Recognition Based on EEG Multi Feature Fusion,2025,,conference-paper,en,https://doi.org/10.1109/ainit65432.2025.11035749,,,,,
1529,10.1007/s41870-025-02986-z,EEG-EmotionActivityNet: a deep learning approach for emotion and human activity classification,2025,International Journal of Information Technology,article,en,https://doi.org/10.1007/s41870-025-02986-z,,,,,
1530,10.1109/aiea53260.2021.00075,EEG Functional Connectivity Predicts Continuous Fatigue Levels During Underload Task,2021,,conference-paper,en,https://doi.org/10.1109/aiea53260.2021.00075,,,,,
1531,10.1109/jsen.2021.3070373,Exploring Deep Learning Features for Automatic Classification of Human Emotion Using EEG Rhythms,2021,IEEE Sensors Journal,article,en,https://doi.org/10.1109/jsen.2021.3070373,,,,,
1532,10.1109/bibm55620.2022.9995251,A Multidimensional Feature Extraction Method Based on MSTBN and EEMD-WPT for Emotion Recognition from EEG Signals,2022,2022 IEEE International Conference on Bioinformatics and Biomedicine (BIBM),conference-paper,en,https://doi.org/10.1109/bibm55620.2022.9995251,,,,,
1533,10.1155/2019/9875250,Emotion Recognition Based on Framework of BADEBA‐SVM,2019,Mathematical Problems in Engineering,article,en,https://doi.org/10.1155/2019/9875250,,,,,
1534,10.2139/ssrn.4224432,Stochastic Weight Averaging Enhanced Temporal Convolution Network for EEG-Based Emotion Recognition,2022,SSRN Electronic Journal,preprint,en,https://doi.org/10.2139/ssrn.4224432,,,,,
1535,10.1016/j.heliyon.2024.e30174,Optimal channel dynamic selection for Constructing lightweight Data EEG-based emotion recognition,2024,Heliyon,article,en,https://doi.org/10.1016/j.heliyon.2024.e30174,,,,,
1536,10.1016/j.knosys.2025.115092,IDFG: Information-Regularized Diversity-Fidelity Graph for EEG emotion recognition,2025,Knowledge-Based Systems,article,en,https://doi.org/10.1016/j.knosys.2025.115092,,,,,
1537,10.2139/ssrn.5327799,A Multi-Modal Emotion Recognition Method Considering the Contribution and Redundancy of Channels and the Correlation and Heterogeneity of Modalities,2025,SSRN Electronic Journal,preprint,en,https://doi.org/10.2139/ssrn.5327799,,,,,
1538,10.1109/icicip53388.2021.9642186,Emotion Classification Using EEG Data in a Brain-Inspired Spiking Neural Network,2021,,conference-paper,en,https://doi.org/10.1109/icicip53388.2021.9642186,,,,,
1539,10.1016/j.bspc.2024.106716,A novel multi-source contrastive learning approach for robust cross-subject emotion recognition in EEG data,2024,Biomedical Signal Processing and Control,article,en,https://doi.org/10.1016/j.bspc.2024.106716,,,,,
1540,10.2139/ssrn.5372978,Densenet-Based Eeg Emotion Recognition Model Integrating Multi-Scale Feature Fusion and Channel Optimization,2025,SSRN Electronic Journal,preprint,en,https://doi.org/10.2139/ssrn.5372978,,,,,
1541,10.1016/j.neunet.2025.107457,A multi-domain constraint learning system inspired by adaptive cognitive graphs for emotion recognition,2025,Neural Networks,article,en,https://doi.org/10.1016/j.neunet.2025.107457,,,,,
1542,10.1007/978-3-319-70093-9_90,Brain Effective Connectivity Analysis from EEG for Positive and Negative Emotion,2017,Lecture notes in computer science,conference-paper,en,https://doi.org/10.1007/978-3-319-70093-9_90,,,,,
1543,10.48550/arxiv.2508.02417,The Role of Review Process Failures in Affective State Estimation: An Empirical Investigation of DEAP Dataset,2025,arXiv (Cornell University),preprint,en,http://arxiv.org/abs/2508.02417,,,,,
1544,10.2139/ssrn.5290957,Cross-Subject Eeg-Based Emotion Recognition Through Source Selection with Adversarial Strategy,2025,SSRN Electronic Journal,preprint,en,https://doi.org/10.2139/ssrn.5290957,,,,,
1545,10.1007/978-3-030-35139-7_9,Human Emotion Classification Using EEG Signals by Multivariate SynchroSqueezing Transform,2019,Learning and analytics in intelligent systems,book-chapter,en,https://doi.org/10.1007/978-3-030-35139-7_9,,,,,
1546,10.1109/icsp56322.2022.9965342,Emotion Recognition based on Double Filtration Signals Learning Network on Different Hemispheres,2022,,conference-paper,en,https://doi.org/10.1109/icsp56322.2022.9965342,,,,,
1547,10.1016/j.measurement.2025.119247,A multi-modal emotion recognition method considering the contribution and redundancy of channels and the correlation and heterogeneity of modalities,2025,Measurement,article,en,https://doi.org/10.1016/j.measurement.2025.119247,,,,,
1548,10.1109/access.2024.3412328,Real Environment Warning Model for Visually Impaired People in Trouble on the Blind Roads Based on Wavelet Scattering Network,2024,IEEE Access,article,en,https://doi.org/10.1109/access.2024.3412328,,,,,
1549,10.1109/taffc.2020.3025777,EEG-Based Emotion Recognition via Channel-Wise Attention and Self Attention,2020,IEEE Transactions on Affective Computing,article,en,https://doi.org/10.1109/taffc.2020.3025777,,,,,
1550,10.3389/fnins.2023.1330077,Attention-based 3D convolutional recurrent neural network model for multimodal emotion recognition,2024,Frontiers in Neuroscience,article,en,https://doi.org/10.3389/fnins.2023.1330077,,,,,
1551,10.1109/kst.2017.7886104,Rule extraction from electroencephalogram signals using support vector machine,2017,,conference-paper,en,https://doi.org/10.1109/kst.2017.7886104,,,,,
1552,10.17762/turcomat.v12i10.4930,An Approach For Finding Emotions Using Seed Dataset With Knn Classifier,2021,Turkish Journal of Computer and Mathematics Education (TURCOMAT),article,en,https://turcomat.org/index.php/turkbilmat/article/view/4930,,,,,
1553,10.1007/s00500-022-07413-0,Channel selection and feature extraction on deep EEG classification using metaheuristic and Welch PSD,2022,Soft Computing,article,en,https://doi.org/10.1007/s00500-022-07413-0,,,,,
1554,10.1109/embc58623.2025.11252924,Leveraging Eye Movement Features for Enhanced Emotion Recognition Accuracy,2025,,conference-paper,en,https://doi.org/10.1109/embc58623.2025.11252924,,,,,
1555,10.1109/healthcom.2016.7749447,"EEG-based automatic emotion recognition: Feature extraction, selection and classification methods",2016,,conference-paper,en,https://doi.org/10.1109/healthcom.2016.7749447,,,,,
1556,10.1016/j.bspc.2025.109369,Emotion recognition based on spatio-temporal connectivity of prefrontal EEG signals,2025,Biomedical Signal Processing and Control,article,en,https://doi.org/10.1016/j.bspc.2025.109369,,,,,
1557,10.1109/indicon59947.2023.10440791,Brain Multi-Region Information Fusion using Attentional Transformer for EEG Based Affective Computing,2023,,conference-paper,en,https://doi.org/10.1109/indicon59947.2023.10440791,,,,,
1558,10.1109/icaccess61735.2024.10499496,Mental Stress Detection from EEG Signals Using Comparative Analysis of Random Forest and Recurrent Neural Network,2024,,conference-paper,en,https://doi.org/10.1109/icaccess61735.2024.10499496,,,,,
1559,10.3233/thc-220458,A novel convolution bi-directional gated recurrent unit neural network for emotion recognition in multichannel electroencephalogram signals,2023,Technology and Health Care,article,en,https://doi.org/10.3233/thc-220458,,,,,
1560,10.1109/eiecs53707.2021.9587900,EEG signal processing and emotion recognition using Convolutional Neural Network,2021,2021 International Conference on Electronic Information Engineering and Computer Science (EIECS),conference-paper,en,https://doi.org/10.1109/eiecs53707.2021.9587900,,,,,
1561,10.1109/asyu50717.2020.9259797,Emotion Classification with DEAP Dataset:Survey,2020,2020 Innovations in Intelligent Systems and Applications Conference (ASYU),conference-paper,en,https://doi.org/10.1109/asyu50717.2020.9259797,,,,,
1562,10.1109/iccit60459.2023.10441204,Exploring Emotions in EEG: Deep Learning Approach with Feature Fusion,2023,,conference-paper,en,https://doi.org/10.1109/iccit60459.2023.10441204,,,,,
1563,10.3390/s22062346,Automated Feature Extraction on AsMap for Emotion Classification Using EEG,2022,Sensors,article,en,https://doi.org/10.3390/s22062346,,,,,
1564,10.1016/j.ins.2025.122835,ADSO-TCNet: A three-dimensional convolutional network with adaptive data structure optimization for EEG emotion recognition,2025,Information Sciences,article,en,https://doi.org/10.1016/j.ins.2025.122835,,,,,
1565,10.1016/j.bspc.2024.107054,Study on multidimensional emotion recognition fusing dynamic brain network features in EEG signals,2024,Biomedical Signal Processing and Control,article,en,https://doi.org/10.1016/j.bspc.2024.107054,,,,,
1566,10.1007/s00521-024-09573-6,Adaptive neuro-fuzzy based hybrid classification model for emotion recognition from EEG signals,2024,Neural Computing and Applications,article,en,https://doi.org/10.1007/s00521-024-09573-6,,,,,
1567,10.1016/j.bspc.2024.107337,Multi-source EEG emotion recognition via dynamic contrastive domain adaptation,2024,Biomedical Signal Processing and Control,article,en,https://doi.org/10.1016/j.bspc.2024.107337,,,,,
1568,10.48550/arxiv.2507.10895,Commuting Distance Regularization for Timescale-Dependent Label Inconsistency in EEG Emotion Recognition,2025,arXiv (Cornell University),preprint,en,http://arxiv.org/abs/2507.10895,,,,,
1569,10.1109/cibcb49929.2021.9562837,Classification of Human Emotions using EEG-based Causal Connectivity Patterns,2021,,conference-paper,en,https://doi.org/10.1109/cibcb49929.2021.9562837,,,,,
1570,10.3390/app7101060,Human Emotion Recognition with Electroencephalographic Multidimensional Features by Hybrid Deep Neural Networks,2017,Applied Sciences,article,en,https://doi.org/10.3390/app7101060,,,,,
1571,10.1007/978-3-319-70087-8_48,Emotion Classification from Electroencephalogram Using Fuzzy Support Vector Machine,2017,Lecture notes in computer science,conference-paper,en,https://doi.org/10.1007/978-3-319-70087-8_48,,,,,
1572,10.1109/jsen.2023.3330090,Spectral Graph Wavelet Transform-Based Feature Representation for Automated Classification of Emotions From EEG Signal,2023,IEEE Sensors Journal,article,en,https://doi.org/10.1109/jsen.2023.3330090,,,,,
1573,10.1007/s11571-025-10277-3,MBRSTCformer: a knowledge embedded local–global spatiotemporal transformer for emotion recognition,2025,Cognitive Neurodynamics,article,en,https://pmc.ncbi.nlm.nih.gov/articles/PMC12174000/,,,,,
1574,10.3233/thc-174836,Emotion recognition from multichannel EEG signals using K-nearest neighbor classification,2018,Technology and Health Care,article,en,https://doi.org/10.3233/thc-174836,,,,,
1575,10.48550/arxiv.2109.11732,Holistic Semi-Supervised Approaches for EEG Representation Learning,2021,arXiv (Cornell University),preprint,en,http://arxiv.org/abs/2109.11732,,,,,
1576,10.1109/mipr49039.2020.00078,Emotion Recognition from Multidimensional Electroencephalographic Signals on the Manifold of Symmetric Positive Definite Matrices,2020,,conference-paper,en,https://doi.org/10.1109/mipr49039.2020.00078,,,,,
1577,10.3233/978-1-61499-959-1-140,Emotion Recognition Using Electrodermal Activity Signals and Multiscale Deep Convolution Neural Network,2019,Studies in health technology and informatics,book-chapter,en,https://doi.org/10.3233/978-1-61499-959-1-140,,,,,
1578,10.1007/s11760-025-04736-x,Edge-enabled Hybrid Dynamic Graph-Attention Residual Network for enhanced multimodal emotion recognition,2025,Signal Image and Video Processing,article,en,https://doi.org/10.1007/s11760-025-04736-x,,,,,
1579,10.1088/1742-6596/2384/1/012043,EEG Emotion Classification and Correlation Research Based on Deep Learning,2022,Journal of Physics Conference Series,conference-paper,en,https://doi.org/10.1088/1742-6596/2384/1/012043,,,,,
1580,10.1109/access.2020.2974009,Emotion Recognition From Multi-Channel EEG Signals by Exploiting the Deep Belief-Conditional Random Field Framework,2020,IEEE Access,article,en,https://doi.org/10.1109/access.2020.2974009,,,,,
1581,10.3390/s25237262,Traditional Machine Learning Outperforms EEGNet for Consumer-Grade EEG Emotion Recognition: A Comprehensive Evaluation with Cross-Dataset Validation,2025,Sensors,article,en,https://doi.org/10.3390/s25237262,,,,,
1582,10.1016/j.neunet.2024.106742,Multi-source Selective Graph Domain Adaptation Network for cross-subject EEG emotion recognition,2024,Neural Networks,article,en,https://doi.org/10.1016/j.neunet.2024.106742,,,,,
1583,10.1007/978-981-96-5693-6_30,Lightweight Attention Residual Network (LAResnet) for EEG Emotion Recognition Research,2025,Lecture notes in electrical engineering,conference-paper,en,https://doi.org/10.1007/978-981-96-5693-6_30,,,,,
1584,10.1038/s41598-024-62990-4,TPRO-NET: an EEG-based emotion recognition method reflecting subtle changes in emotion,2024,Scientific Reports,article,en,https://doi.org/10.1038/s41598-024-62990-4,,,,,
1585,10.1109/icassp49660.2025.10888584,Deeply Coupling EEG Signals and Eye Movements for Multi-Modal and Region-Aware Emotion Recognition,2025,,conference-paper,en,https://doi.org/10.1109/icassp49660.2025.10888584,,,,,
1586,10.1109/swc62898.2024.00104,KGViT: Knowledge Graph Integrated Vision Transformer for EEG-Based Emotion Recognition,2024,,conference-paper,en,https://doi.org/10.1109/swc62898.2024.00104,,,,,
1587,10.3233/shti230114,Low Valence Low Arousal Stimuli: An Effective Candidate for EEG-Based Biometrics Authentication System,2023,Studies in health technology and informatics,book-chapter,en,http://dx.doi.org/10.3233/shti230114,,,,,
1588,10.1109/embc44109.2020.9175482,Exploring EEG microstates for affective computing: decoding valence and arousal experiences during video watching,2020,,conference-paper,en,https://doi.org/10.1109/embc44109.2020.9175482,,,,,
1589,10.1007/s12559-022-10016-4,Generator-based Domain Adaptation Method with Knowledge Free for Cross-subject EEG Emotion Recognition,2022,Cognitive Computation,article,en,https://doi.org/10.1007/s12559-022-10016-4,,,,,
1590,10.1016/j.eswa.2025.129694,EEG emotion recognition through a domain-adversarial multi-feature fusion network,2025,Expert Systems with Applications,article,en,https://doi.org/10.1016/j.eswa.2025.129694,,,,,
1591,10.1109/cisp-bmei60920.2023.10373236,Attention-based convolution-recurrent neural network for cross-subject EEG emotion recognition,2023,,conference-paper,en,https://doi.org/10.1109/cisp-bmei60920.2023.10373236,,,,,
1592,10.1609/aaai.v35i1.16169,Plug-and-Play Domain Adaptation for Cross-Subject EEG-based Emotion Recognition,2021,Proceedings of the AAAI Conference on Artificial Intelligence,conference-paper,en,https://doi.org/10.1609/aaai.v35i1.16169,,,,,
1593,10.1109/tce.2024.3524401,Emotion Recognition Empowered Human-Computer Interaction With Domain Adaptation Network,2024,IEEE Transactions on Consumer Electronics,article,en,https://doi.org/10.1109/tce.2024.3524401,,,,,
1594,10.1109/swc65939.2025.00128,EEG Emotion Recognition Using Dual-Stream Graph Convolutional Fusion Networks and Conditional Contrastive Domain Generalization,2025,,conference-paper,,https://doi.org/10.1109/swc65939.2025.00128,,,,,
1595,10.1109/tcds.2022.3174209,Topological EEG Nonlinear Dynamics Analysis for Emotion Recognition,2022,IEEE Transactions on Cognitive and Developmental Systems,article,en,https://doi.org/10.1109/tcds.2022.3174209,,,,,
1596,10.1109/tim.2022.3165280,Spatial-Temporal Feature Fusion Neural Network for EEG-Based Emotion Recognition,2022,IEEE Transactions on Instrumentation and Measurement,article,en,https://doi.org/10.1109/tim.2022.3165280,,,,,
1597,10.1109/metroxraine58569.2023.10405726,EEG Based Emotion Classification Using Two Layer Convolutional Neural Network,2023,,conference-paper,en,https://doi.org/10.1109/metroxraine58569.2023.10405726,,,,,
1598,10.1109/access.2019.2927768,Phase-Locking Value Based Graph Convolutional Neural Networks for Emotion Recognition,2019,IEEE Access,article,en,https://doi.org/10.1109/access.2019.2927768,,,,,
1599,10.2139/ssrn.5066183,Dream Content Influences Daily Spirituality,2024,SSRN Electronic Journal,preprint,en,https://doi.org/10.2139/ssrn.5066183,,,,,
1600,10.3389/fpsyt.2025.1494369,Identifying relevant EEG channels for subject-independent emotion recognition using attention network layers,2025,Frontiers in Psychiatry,article,en,https://doi.org/10.3389/fpsyt.2025.1494369,,,,,
1601,10.22541/au.167546706.63566758/v1,An efficacy analysis of Affect representation model in EEG-based Affective BCI system,2023,,preprint,en,https://doi.org/10.22541/au.167546706.63566758/v1,,,,,
1602,10.1007/978-3-319-71589-6_33,Deep Convolutional Neural Network for Emotion Recognition Using EEG and Peripheral Physiological Signal,2017,Lecture notes in computer science,conference-paper,en,https://doi.org/10.1007/978-3-319-71589-6_33,,,,,
1603,10.13005/bpj/3085,AI-Driven Multimodal Stress Detection: A Comparative Study,2025,Biomedical & Pharmacology Journal,article,en,https://doi.org/10.13005/bpj/3085,,,,,
1604,10.1007/978-981-97-7532-3_17,A Transfer Learning Approach for the Classification of Human Emotions Using Electroencephalogram Signals,2024,Lecture notes in networks and systems,conference-paper,en,https://doi.org/10.1007/978-981-97-7532-3_17,,,,,
1605,10.3390/e27090986,Cross-Subject EEG Emotion Recognition Using SSA-EMS Algorithm for Feature Extraction,2025,Entropy,article,en,https://doi.org/10.3390/e27090986,,,,,
1606,10.3390/s23031255,An Efficient Machine Learning-Based Emotional Valence Recognition Approach Towards Wearable EEG,2023,Sensors,article,en,https://doi.org/10.3390/s23031255,,,,,
1607,10.1109/cei63587.2024.10871591,Adaptive Spatiotemporal Dynamic Graph Modeling for Robust EEG-Based Emotion Recognition,2024,,conference-paper,en,https://doi.org/10.1109/cei63587.2024.10871591,,,,,
1608,10.57647/ijm2c.2026.1602.14,TL–FL–QWOA: A Quantum‑Optimized Transfer‑Federated Framework for Privacy‑Preserving EEG‑Based Emotion Recognition in IoMT,2025,OICC Press Journals,article,en,https://doi.org/10.57647/ijm2c.2026.1602.14,,,,,
1609,10.1109/access.2025.3555934,Deep Fusion of Neurophysiological and Facial Features for Enhanced Emotion Detection,2025,IEEE Access,article,en,https://doi.org/10.1109/access.2025.3555934,,,,,
1610,10.1109/spmb52430.2021.9672258,Feature Reconstruction Based Channel Selection for Emotion Recognition Using EEG,2021,,conference-paper,en,https://doi.org/10.1109/spmb52430.2021.9672258,,,,,
1611,10.1108/aci-03-2022-0080,Subject independent emotion recognition using EEG and physiological signals – a comparative study,2022,Applied Computing and Informatics,article,en,https://doi.org/10.1108/aci-03-2022-0080,,,,,
1612,10.1016/j.bspc.2024.106795,Improving EEG signal-based emotion recognition using a hybrid GWO-XGBoost feature selection method,2024,Biomedical Signal Processing and Control,article,en,https://doi.org/10.1016/j.bspc.2024.106795,,,,,
1613,10.1007/978-981-19-6203-5_22,EEG Emotion Recognition Based on CANet and Capsule Network,2022,Lecture notes in electrical engineering,conference-paper,en,https://doi.org/10.1007/978-981-19-6203-5_22,,,,,
1614,10.1007/978-94-007-5086-9_24,A Bayesian Network (BN) Based Probabilistic Solution to Enhance Emotional Ontology,2012,Lecture notes in electrical engineering,book-chapter,en,https://doi.org/10.1007/978-94-007-5086-9_24,,,,,
1615,10.2478/amns.2023.2.01517,Analysis of the effect of music therapy on psychological anxiety relief based on artificial intelligence recognition,2023,Applied Mathematics and Nonlinear Sciences,article,en,http://dx.doi.org/10.2478/amns.2023.2.01517,,,,,
1616,10.1109/bibm62325.2024.10822712,ST-GCN: EEG Emotion Recognition via Spectral Graph and Temporal Analysis with Graph Convolutional Networks,2024,,conference-paper,en,https://doi.org/10.1109/bibm62325.2024.10822712,,,,,
1617,10.1007/978-981-97-0855-0_51,Emotion Recognition Classification with Differential Entropy and Power Spectral Density Features,2024,Lecture notes in electrical engineering,conference-paper,en,https://doi.org/10.1007/978-981-97-0855-0_51,,,,,
1618,10.12732/ijam.v38i5s.355,EEG SIGNAL-BASED EMOTION RECOGNITION USING A DEEP LEARNING APPROACH WITH GRU-BGWO,2025,International Journal of Apllied Mathematics,article,en,https://doi.org/10.12732/ijam.v38i5s.355,,,,,
1619,10.1109/taffc.2024.3394436,Spectral-Spatial Attention Alignment for Multi-Source Domain Adaptation in EEG-Based Emotion Recognition,2024,IEEE Transactions on Affective Computing,article,en,https://doi.org/10.1109/taffc.2024.3394436,,,,,
1620,10.1016/j.bspc.2025.107826,A comparative study of time–frequency features based spatio-temporal analysis with varying multiscale kernels for emotion recognition from EEG,2025,Biomedical Signal Processing and Control,article,en,https://doi.org/10.1016/j.bspc.2025.107826,,,,,
1621,10.1109/swc65939.2025.00131,A Federated Learning-Based EEG Emotion Recognition Method Integrating Dual-View Frequency Domain and Spatiotemporal Features,2025,,conference-paper,,https://doi.org/10.1109/swc65939.2025.00131,,,,,
1622,10.1109/iscas.2019.8702738,An 8 Channel Patient Specific Neuromorphic Processor for the Early Screening of Autistic Children through Emotion Detection,2019,,conference-paper,en,https://doi.org/10.1109/iscas.2019.8702738,,,,,
1623,10.33022/ijcs.v13i1.3705,Facial Expression Recognition Based on Deep Learning: A Review,2024,Indonesian Journal of Computer Science,article,en,https://doi.org/10.33022/ijcs.v13i1.3705,,,,,
1624,10.1109/biosmart54244.2021.9677741,Statistical Analysis of Multi-channel EEG Signals for Digitizing Human Emotions,2021,,conference-paper,en,https://doi.org/10.1109/biosmart54244.2021.9677741,,,,,
1625,10.1007/978-981-95-4100-3_23,SFHTNet: An EEG-Based Emotion Recognition Method Using Spatial Feature Encoding and Hierarchical Temporal Attention,2025,Communications in computer and information science,conference-paper,en,https://doi.org/10.1007/978-981-95-4100-3_23,,,,,
1626,10.1109/ictacs59847.2023.10390266,Emotions Recognition Based on Physiological Signals Using Machine Learning Techniques,2023,,conference-paper,en,https://doi.org/10.1109/ictacs59847.2023.10390266,,,,,
1627,10.1109/embc46164.2021.9630777,Cross-subject EEG-based Emotion Recognition Using Adversarial Domain Adaption with Attention Mechanism,2021,2021 43rd Annual International Conference of the IEEE Engineering in Medicine &amp; Biology Society (EMBC),conference-paper,en,https://doi.org/10.1109/embc46164.2021.9630777,,,,,
1628,10.1109/embc46164.2021.9630045,An Affective Interaction System using Virtual Reality and Brain-Computer Interface,2021,2021 43rd Annual International Conference of the IEEE Engineering in Medicine &amp; Biology Society (EMBC),conference-paper,en,https://doi.org/10.1109/embc46164.2021.9630045,,,,,
1629,10.1109/roman.2017.8172372,Emotion classification using linear predictive features on wavelet-decomposed EEG data,2017,,conference-paper,en,https://doi.org/10.1109/roman.2017.8172372,,,,,
1630,10.1016/j.neucom.2025.130309,SFSWTS: A spatial-frequency shifted windows and time self-attention network for EEG emotion recognition,2025,Neurocomputing,article,en,https://doi.org/10.1016/j.neucom.2025.130309,,,,,
1631,10.3389/fnins.2021.738167,Hierarchical Spatiotemporal Electroencephalogram Feature Learning and Emotion Recognition With Attention-Based Antagonism Neural Network,2021,Frontiers in Neuroscience,article,en,https://doi.org/10.3389/fnins.2021.738167,,,,,
1632,10.48550/arxiv.2401.02344,Multi-Source Domain Adaptation with Transformer-based Feature Generation for Subject-Independent EEG-based Emotion Recognition,2024,arXiv (Cornell University),preprint,en,http://arxiv.org/abs/2401.02344,,,,,
1633,10.1038/s41598-024-75850-y,Hybrid deep models for parallel feature extraction and enhanced emotion state classification,2024,Scientific Reports,article,en,https://doi.org/10.1038/s41598-024-75850-y,,,,,
1634,10.1109/iarce64300.2024.00053,A Dual-Graph Learning Framework with Sparse Adaptive Embedding for EEG Emotion Recognition,2024,,conference-paper,en,https://doi.org/10.1109/iarce64300.2024.00053,,,,,
1635,10.1109/taffc.2020.3013711,An Efficient LSTM Network for Emotion Recognition From Multichannel EEG Signals,2020,IEEE Transactions on Affective Computing,article,en,https://doi.org/10.1109/taffc.2020.3013711,,,,,
1636,10.48550/arxiv.2211.08880,Temporal-spatial Representation Learning Transformer for EEG-based Emotion Recognition,2022,arXiv (Cornell University),preprint,en,http://arxiv.org/abs/2211.08880,,,,,
1637,10.1007/s11042-021-11879-9,Automatic song indexing by predicting listener’s emotion using EEG correlates and multi-neural networks,2022,Multimedia Tools and Applications,article,en,https://doi.org/10.1007/s11042-021-11879-9,,,,,
1638,10.1109/i-create62067.2024.10776394,Emotional EEG Prediction Based on Spatial-Temporal Graph Convolutional Neural Network,2024,,conference-paper,en,https://doi.org/10.1109/i-create62067.2024.10776394,,,,,
1639,10.1109/ijcnn.2018.8489331,Emotion Recognition from Multi-Channel EEG through Parallel Convolutional Recurrent Neural Network,2018,,conference-paper,en,https://eprints.gla.ac.uk/333827/,,,,,
1640,10.1109/imbioc.2019.8777738,A Convolutional Neural Network Feature Fusion Framework with Ensemble Learning for EEG-based Emotion Classification,2019,2019 IEEE MTT-S International Microwave Biomedical Conference (IMBioC),conference-paper,en,https://doi.org/10.1109/imbioc.2019.8777738,,,,,
1641,10.1016/j.bspc.2021.102979,Feature and channel selection for designing a regression-based continuous-variable emotion recognition system with two EEG channels,2021,Biomedical Signal Processing and Control,article,en,https://doi.org/10.1016/j.bspc.2021.102979,,,,,
1642,10.1109/icoase51841.2020.9436580,Exploring deep learning features for automatic classification of human emotion using EEG Rhythms,2020,,conference-paper,en,https://doi.org/10.1109/icoase51841.2020.9436580,,,,,
1643,10.1109/jbhi.2023.3311338,MS-FRAN: A Novel Multi-Source Domain Adaptation Method for EEG-Based Emotion Recognition,2023,IEEE Journal of Biomedical and Health Informatics,article,en,https://doi.org/10.1109/jbhi.2023.3311338,,,,,
1644,10.1109/tcds.2016.2587290,Multichannel EEG-Based Emotion Recognition via Group Sparse Canonical Correlation Analysis,2016,IEEE Transactions on Cognitive and Developmental Systems,article,en,https://doi.org/10.1109/tcds.2016.2587290,,,,,
1645,10.1109/smc58881.2025.11343565,InfoGA: Enhancing Generalized EEG Emotion Recognition via Information-Aware Graph Augmentation,2025,,conference-paper,,https://doi.org/10.1109/smc58881.2025.11343565,,,,,
1646,10.1007/s11760-022-02251-x,Enhanced deep capsule network for EEG-based emotion recognition,2022,Signal Image and Video Processing,article,en,https://doi.org/10.1007/s11760-022-02251-x,,,,,
1647,10.1109/spin60856.2024.10512315,NeuroSyght: An AI-Powered Approach on Emotion Classification from EEG Data,2024,,conference-paper,en,https://doi.org/10.1109/spin60856.2024.10512315,,,,,
1648,10.3390/s22082976,Deep Learning-Based Approach for Emotion Recognition Using Electroencephalography (EEG) Signals Using Bi-Directional Long Short-Term Memory (Bi-LSTM),2022,Sensors,article,en,https://doi.org/10.3390/s22082976,,,,,
1649,10.1109/taffc.2025.3574868,Multi-View Self-Supervised Domain Adaptation for EEG-Based Emotion Recognition,2025,IEEE Transactions on Affective Computing,article,en,https://doi.org/10.1109/taffc.2025.3574868,,,,,
1650,10.1109/iciscae62304.2024.10761714,Efficient Channel Attention Based Hybrid Networks for EEG Emotion Recognition,2024,,conference-paper,en,https://doi.org/10.1109/iciscae62304.2024.10761714,,,,,
1651,10.1109/taffc.2024.3463469,Improving the Interpretability Through Maximizing Mutual Information for EEG Emotion Recognition,2024,IEEE Transactions on Affective Computing,article,en,https://doi.org/10.1109/taffc.2024.3463469,,,,,
1652,10.1109/icbme68496.2025.11392353,Graph Attention Networks for EEG-Based Emotion Recognition: Focus on Channel-Level Attention,2025,,conference-paper,,https://doi.org/10.1109/icbme68496.2025.11392353,,,,,
1653,10.1109/tim.2024.3472838,Spiking Spatiotemporal Neural Architecture Search for EEG-Based Emotion Recognition,2024,IEEE Transactions on Instrumentation and Measurement,article,en,https://doi.org/10.1109/tim.2024.3472838,,,,,
1654,10.1007/s11571-025-10364-5,Emotion recognition using spatially unidimensional self-attention with fusion feature of brain effective connectivity network and spectral power,2025,Cognitive Neurodynamics,article,en,https://pmc.ncbi.nlm.nih.gov/articles/PMC12586256/,,,,,
1655,10.1007/978-981-15-8411-4_184,EEG Feature Selection Based on SFFS for Audiovisual-Induced Emotion Recognition,2021,Lecture notes in electrical engineering,conference-paper,en,https://doi.org/10.1007/978-981-15-8411-4_184,,,,,
1656,10.1109/taffc.2019.2916015,Utilizing Deep Learning Towards Multi-Modal Bio-Sensing and Vision-Based Affective Computing,2019,IEEE Transactions on Affective Computing,article,en,https://doi.org/10.1109/taffc.2019.2916015,,,,,
1657,10.1109/embc58623.2025.11253987,Online Sequential EEG Emotion Recognition with Prototypical Alignment Based Transfer Model,2025,,conference-paper,en,https://doi.org/10.1109/embc58623.2025.11253987,,,,,
1658,10.2139/ssrn.3985192,AMWCM Based on MI_SFFS for Cross-Subject Emotion Recognition,2021,SSRN Electronic Journal,preprint,en,https://doi.org/10.2139/ssrn.3985192,,,,,
1659,10.1109/ddcls.2019.8908839,EEG-Based Emotion Recognition Using Temporal Convolutional Network,2019,2019 IEEE 8th Data Driven Control and Learning Systems Conference (DDCLS),conference-paper,en,https://doi.org/10.1109/ddcls.2019.8908839,,,,,
1660,10.1142/s0129065725500728,Visually-Inspired Multimodal Iterative Attentional Network for High-Precision EEG—Eye-Movement Emotion Recognition,2025,International Journal of Neural Systems,article,en,https://doi.org/10.1142/s0129065725500728,,,,,
1661,10.1145/3773365.3773389,Emotion recognition of bimodal physiological signals based on multi-level attention mechanisms,2025,,conference-paper,,https://doi.org/10.1145/3773365.3773389,,,,,
1662,10.3389/fnins.2024.1355512,Emotion recognition based on microstate analysis from temporal and spatial patterns of electroencephalogram,2024,Frontiers in Neuroscience,article,en,https://doi.org/10.3389/fnins.2024.1355512,,,,,
1663,10.3390/s21051589,Real-Time Emotion Classification Using EEG Data Stream in E-Learning Contexts,2021,Sensors,article,en,https://doi.org/10.3390/s21051589,,,,,
1664,10.1109/isbi45749.2020.9098708,Recognition of Event-associated Brain Functional Networks in EEG for Brain Network Based Applications,2020,,conference-paper,en,https://doi.org/10.1109/isbi45749.2020.9098708,,,,,
1665,10.5281/zenodo.8060694,Machine Learning-Based Automatic Emotion Classification Using EEG Signals,2023,Zenodo (CERN European Organization for Nuclear Research),article,en,https://zenodo.org/record/8060694,,,,,
1666,10.1007/s10994-025-06921-y,Model-driven validation of visual explanations for multimodal emotion recognition,2025,Machine Learning,article,en,https://doi.org/10.1007/s10994-025-06921-y,,,,,
1667,10.1109/taffc.2025.3602823,DGC-Link: Dual-Gate Chebyshev Linkage Network on EEG Emotion Recognition,2025,IEEE Transactions on Affective Computing,article,en,https://doi.org/10.1109/taffc.2025.3602823,,,,,
1668,10.3390/s24154837,CATM: A Multi-Feature-Based Cross-Scale Attentional Convolutional EEG Emotion Recognition Model,2024,Sensors,article,en,https://doi.org/10.3390/s24154837,,,,,
1669,10.1109/embc.2019.8857499,EEG-Based Emotion Recognition with Similarity Learning Network,2019,,conference-paper,en,https://doi.org/10.1109/embc.2019.8857499,,,,,
1670,10.2139/ssrn.4095681,Self-Attention Bi-Rnn for Emotion Classification Based on Eeg,2022,SSRN Electronic Journal,preprint,en,https://doi.org/10.2139/ssrn.4095681,,,,,
1671,10.4018/979-8-3373-5702-7.ch011,EEGNet-Based Emotion Recognition Using Multimodal EEG and ECG Signals,2025,,book-chapter,ng,https://doi.org/10.4018/979-8-3373-5702-7.ch011,,,,,
1672,10.1109/ner49283.2021.9441368,Domain Adaptation for Cross-Subject Emotion Recognition by Subject Clustering,2021,,conference-paper,en,https://doi.org/10.1109/ner49283.2021.9441368,,,,,
1673,10.3390/s19071738,Fear Level Classification Based on Emotional Dimensions and Machine Learning Techniques,2019,Sensors,article,en,https://doi.org/10.3390/s19071738,,,,,
1674,10.1016/j.dsp.2018.07.003,Emotion recognition based on time–frequency distribution of EEG signals using multivariate synchrosqueezing transform,2018,Digital Signal Processing,article,en,https://doi.org/10.1016/j.dsp.2018.07.003,,,,,
1675,10.1109/isas66241.2025.11101775,MSCABiNET: A Lightweight Attention-Enhanced CNN-BiLSTM Model for EEG-Based Emotion Recognition,2025,,conference-paper,en,https://doi.org/10.1109/isas66241.2025.11101775,,,,,
1676,10.1007/s44443-025-00279-w,Research on dynamic domain adaptation selective ensemble algorithm for cross-subject EEG emotion classification,2025,Journal of King Saud University - Computer and Information Sciences,article,en,https://doi.org/10.1007/s44443-025-00279-w,,,,,
1677,10.14569/ijacsa.2017.081046,Emotion Recognition based on EEG using LSTM Recurrent Neural Network,2017,International Journal of Advanced Computer Science and Applications,article,en,https://doi.org/10.14569/ijacsa.2017.081046,,,,,
1678,10.1007/978-981-95-0011-6_19,EEG Emotion Recognition Based on Multidimensional Feature Collaborative Extraction,2025,Communications in computer and information science,conference-paper,en,https://doi.org/10.1007/978-981-95-0011-6_19,,,,,
1679,10.1016/j.procs.2016.04.062,Bispectral Analysis of EEG for Emotion Recognition,2016,Procedia Computer Science,conference-paper,en,https://doi.org/10.1016/j.procs.2016.04.062,,,,,
1680,10.1016/j.engappai.2023.106971,A channel selection method to find the role of the amygdala in emotion recognition avoiding conflict learning in EEG signals,2023,Engineering Applications of Artificial Intelligence,article,en,https://doi.org/10.1016/j.engappai.2023.106971,,,,,
1681,10.2139/ssrn.4719922,A Study for the Effectiveness of the Deep Feature of Eog in Emotion Recognition,2024,SSRN Electronic Journal,preprint,en,https://doi.org/10.2139/ssrn.4719922,,,,,
1682,10.2139/ssrn.4356344,Multi-Source Domain Adaptation with Spatio-Temporal Feature Extractor for EEG Emotion Recognition,2023,SSRN Electronic Journal,preprint,en,https://doi.org/10.2139/ssrn.4356344,,,,,
1683,10.58564/ijser.4.3.2025.323,Harnessing Deep Learning for EEG Emotion Recognition: A Hybrid Approach with Attention Mechanisms,2025,Al-Iraqia Journal of Scientific Engineering Research,article,en,https://doi.org/10.58564/ijser.4.3.2025.323,,,,,
1684,10.1117/12.3092293,EEG emotion recognition based on directed rich club network,2025,,conference-paper,,https://doi.org/10.1117/12.3092293,,,,,
1685,10.3390/sym12010021,Emotion Classification Based on Biophysical Signals and Machine Learning Techniques,2019,Symmetry,article,en,https://doi.org/10.3390/sym12010021,,,,,
1686,,A review of EEG features for emotion recognition,2019,"Institutional Repository of Institute of Psychology, Chinese Academy of Sciences (Institute of Psychology, Chinese Academy of Sciences)",article,中文,,,,,,
1687,10.1109/embc48229.2022.9871720,A Saliency based Feature Fusion Model for EEG Emotion Estimation,2022,2022 44th Annual International Conference of the IEEE Engineering in Medicine &amp; Biology Society (EMBC),conference-paper,en,https://orbi.umons.ac.be/handle/20.500.12907/44361,,,,,
1688,10.1109/icaaic53929.2022.9792986,Group Search Optimizer-based Neural Network for EEG-based Emotion Recognition,2022,2022 International Conference on Applied Artificial Intelligence and Computing (ICAAIC),conference-paper,en,https://doi.org/10.1109/icaaic53929.2022.9792986,,,,,
1689,10.3390/s23187853,Real-Time EEG-Based Emotion Recognition,2023,Sensors,article,en,https://doi.org/10.3390/s23187853,,,,,
1690,10.2174/9789815124453123010013,Emotions Modelling in 3D Space,2023,BENTHAM SCIENCE PUBLISHERS eBooks,book-chapter,en,https://doi.org/10.2174/9789815124453123010013,,,,,
1691,10.1109/access.2025.3526187,Student Engagement Recognition: Comprehensive Analysis Through EEG and Verification by Image Traits Using Deep Learning Techniques,2025,IEEE Access,article,en,https://doi.org/10.1109/access.2025.3526187,,,,,
1692,10.1109/tim.2022.3168927,Fusing Frequency-Domain Features and Brain Connectivity Features for Cross-Subject Emotion Recognition,2022,IEEE Transactions on Instrumentation and Measurement,article,en,https://doi.org/10.1109/tim.2022.3168927,,,,,
1693,10.1109/tencon.2016.7848034,Emotion recognition based on wavelet analysis of Empirical Mode Decomposed EEG signals responsive to music videos,2016,,conference-paper,en,https://doi.org/10.1109/tencon.2016.7848034,,,,,
1694,10.1109/smc53992.2023.10394326,EEG-Based Emotion Analysis Using Person-Event Network,2023,,conference-paper,en,https://doi.org/10.1109/smc53992.2023.10394326,,,,,
1695,10.3390/s20164551,CNN and LSTM-Based Emotion Charting Using Physiological Signals,2020,Sensors,article,en,https://doi.org/10.3390/s20164551,,,,,
1696,10.23919/ccc64809.2025.11179167,Advancing Emotion Recognition with Hybrid-Classical-Quantum Computing: A Deep Adaptation Network Approach,2025,,conference-paper,en,https://doi.org/10.23919/ccc64809.2025.11179167,,,,,
1697,10.33168/jsms.2024.1230,A New Approach for Enhancing Human Emotion Recognition from Electroencephalogram Signals Based on Discrete Wavelet Packet Transform,2024,Journal of System and Management Sciences,article,en,http://doi.org/10.33168/jsms.2024.1230,,,,,
1698,10.3390/s24061979,FC-TFS-CGRU: A Temporal–Frequency–Spatial Electroencephalography Emotion Recognition Model Based on Functional Connectivity and a Convolutional Gated Recurrent Unit Hybrid Architecture,2024,Sensors,article,en,https://doi.org/10.3390/s24061979,,,,,
1699,10.1007/978-3-319-26561-2_12,Enhancing Performance of EEG-based Emotion Recognition Systems Using Feature Smoothing,2015,Lecture notes in computer science,conference-paper,en,https://doi.org/10.1007/978-3-319-26561-2_12,,,,,
1700,10.1109/bibm62325.2024.10821760,MSDA-ACLDR: Multi-source Domain Adaptation Augmented Contrastive Learning with Dual-stream Representations for Emotion Recognition,2024,,conference-paper,en,https://doi.org/10.1109/bibm62325.2024.10821760,,,,,
1701,10.1155/2017/8317357,Emotion Recognition from EEG Signals Using Multidimensional Information in EMD Domain,2017,BioMed Research International,article,en,https://doi.org/10.1155/2017/8317357,,,,,
1702,10.48550/arxiv.2112.09069,Progressive Graph Convolution Network for EEG Emotion Recognition,2021,arXiv (Cornell University),preprint,en,http://arxiv.org/abs/2112.09069,,,,,
1703,10.1038/s41598-025-28470-z,Fusion of EEG feature extraction and CNN-MSTA transformer emotion recognition classification model,2025,Scientific Reports,article,en,https://doi.org/10.1038/s41598-025-28470-z,,,,,
1704,10.1109/tcds.2024.3391131,Minimizing EEG Human Interference: A Study of an Adaptive EEG Spatial Feature Extraction With Deep Convolutional Neural Networks,2024,IEEE Transactions on Cognitive and Developmental Systems,article,en,https://doi.org/10.1109/tcds.2024.3391131,,,,,
1705,10.1117/12.2583588,A study of the effect of training sample size on a pre-trained model of CRNN EEG emotion recognition,2020,,conference-paper,en,https://doi.org/10.1117/12.2583588,,,,,
1706,10.48550/arxiv.1811.07516,Unsupervised Learning in Reservoir Computing for EEG-based Emotion\n Recognition,2018,arXiv (Cornell University),preprint,,http://arxiv.org/abs/1811.07516,,,,,
1707,10.48550/arxiv.2511.13954,A Brain Wave Encodes a Thousand Tokens: Modeling Inter-Cortical Neural Interactions for Effective EEG-based Emotion Recognition,2025,arXiv (Cornell University),preprint,,https://doi.org/10.48550/arxiv.2511.13954,,,,,
1708,10.3390/s24134167,The Effect of Stress on a Personal Identification System Based on Electroencephalographic Signals,2024,Sensors,article,en,https://doi.org/10.3390/s24134167,,,,,
1709,10.1016/j.compbiomed.2024.108857,Enhancing local representation learning through global–local integration with functional connectivity for EEG-based emotion recognition,2024,Computers in Biology and Medicine,article,en,https://doi.org/10.1016/j.compbiomed.2024.108857,,,,,
1710,10.1109/taffc.2021.3064940,Variational Instance-Adaptive Graph for EEG Emotion Recognition,2021,IEEE Transactions on Affective Computing,article,en,https://doi.org/10.1109/taffc.2021.3064940,,,,,
1711,10.1109/tetci.2024.3406422,Comprehensive Multisource Learning Network for Cross-Subject Multimodal Emotion Recognition,2024,IEEE Transactions on Emerging Topics in Computational Intelligence,article,en,https://doi.org/10.1109/tetci.2024.3406422,,,,,
1712,10.3390/s25165066,Multi-Scale Temporal Fusion Network for Real-Time Multimodal Emotion Recognition in IoT Environments,2025,Sensors,article,en,https://doi.org/10.3390/s25165066,,,,,
1713,10.3389/fpsyt.2025.1713559,Multimodal physiological signal emotion recognition based on multi-head cross attention with representation learning,2025,Frontiers in Psychiatry,article,en,https://doi.org/10.3389/fpsyt.2025.1713559,,,,,
1714,10.7717/peerj-cs.2610,CIT-EmotionNet: convolution interactive transformer network for EEG emotion recognition,2024,PeerJ Computer Science,article,en,https://doi.org/10.7717/peerj-cs.2610,,,,,
1715,10.1109/taffc.2024.3371540,GDDN: Graph Domain Disentanglement Network for Generalizable EEG Emotion Recognition,2024,IEEE Transactions on Affective Computing,article,en,https://doi.org/10.1109/taffc.2024.3371540,,,,,
1716,10.1109/cac59555.2023.10450444,EEG-Based Cross-Subject Emotion Recognition Using GADF and CADAN,2023,,conference-paper,en,https://doi.org/10.1109/cac59555.2023.10450444,,,,,
1717,10.1109/eeit58928.2023.00017,Bimodal Physiological Emotion Recognition Using Information Contrastive Learning,2023,,conference-paper,en,https://doi.org/10.1109/eeit58928.2023.00017,,,,,
1718,10.1109/taffc.2025.3582740,Dynamical Causal Graph Neural Network for EEG Emotion Recognition,2025,IEEE Transactions on Affective Computing,article,en,https://doi.org/10.1109/taffc.2025.3582740,,,,,
1719,10.1016/j.knosys.2024.112587,Emotion recognition using cross-modal attention from EEG and facial expression,2024,Knowledge-Based Systems,article,en,https://doi.org/10.1016/j.knosys.2024.112587,,,,,
1720,10.3389/fnhum.2021.621493,MindLink-Eumpy: An Open-Source Python Toolbox for Multimodal Emotion Recognition,2021,Frontiers in Human Neuroscience,article,en,https://doi.org/10.3389/fnhum.2021.621493,,,,,
1721,10.1016/j.array.2021.100072,Emotion recognition from EEG-based relative power spectral topography using convolutional neural network,2021,Array,article,en,https://doi.org/10.1016/j.array.2021.100072,,,,,
1722,10.1109/iske47853.2019.9170317,Channel Selection Method Based on CNNSE for EEG Emotion Recognition,2019,,conference-paper,en,https://doi.org/10.1109/iske47853.2019.9170317,,,,,
1723,10.1088/1742-6596/2637/1/012047,Multi-modal Physiological Signal Fusion for Emotion Classification: A Multi-Head Attention Approach,2023,Journal of Physics Conference Series,conference-paper,en,https://doi.org/10.1088/1742-6596/2637/1/012047,,,,,
1724,10.1016/j.engappai.2025.113516,Dynamic topology-constrained spatiotemporal network for cognitive state decoding,2025,Engineering Applications of Artificial Intelligence,article,en,https://doi.org/10.1016/j.engappai.2025.113516,,,,,
1725,10.1109/lsens.2023.3307111,A Hierarchical Three-Dimensional MLP-Based Model for EEG Emotion Recognition,2023,IEEE Sensors Letters,article,en,https://doi.org/10.1109/lsens.2023.3307111,,,,,
1726,10.1109/jsen.2025.3625281,Portable EEG-Based Emotion Recognition Utilizing Flexible Brain Electrodes for Hairless Regions,2025,IEEE Sensors Journal,article,,https://doi.org/10.1109/jsen.2025.3625281,,,,,
1727,10.1007/s10044-016-0567-6,Emotion recognition from EEG signals by using multivariate empirical mode decomposition,2016,Pattern Analysis and Applications,article,en,https://doi.org/10.1007/s10044-016-0567-6,,,,,
1728,10.1109/iccss.2017.8091408,A novel deep-learning based framework for multi-subject emotion recognition,2017,"2017 4th International Conference on Information, Cybernetics and Computational Social Systems (ICCSS)",conference-paper,en,https://doi.org/10.1109/iccss.2017.8091408,,,,,
1729,10.1016/j.jsmc.2011.08.008,Common Misconceptions About Sleepwalking and Other Parasomnias,2011,Sleep Medicine Clinics,article,en,https://doi.org/10.1016/j.jsmc.2011.08.008,,,,,
1730,10.1101/2024.03.11.584477,Emotion arousal but not valence is strongly represented in aperiodic EEG activity stemming from thalamocortical interactions,2024,bioRxiv (Cold Spring Harbor Laboratory),preprint,en,https://doi.org/10.1101/2024.03.11.584477,,,,,
1731,10.1109/ijcnn64981.2025.11228023,CS-DAViT: Cross-Scale Vision Transformer with Dual Attention for Efficient Emotion Recognition,2025,,conference-paper,,https://doi.org/10.1109/ijcnn64981.2025.11228023,,,,,
1732,10.1109/tnnls.2023.3265730,Brain Emotion Perception Inspired EEG Emotion Recognition With Deep Reinforcement Learning,2023,IEEE Transactions on Neural Networks and Learning Systems,article,en,https://doi.org/10.1109/tnnls.2023.3265730,,,,,
1733,10.1109/phm2022-london52454.2022.00060,Human emotion recognition based on multi-channel EEG signals using LSTM neural network,2022,2022 Prognostics and Health Management Conference (PHM-2022 London),conference-paper,en,https://doi.org/10.1109/phm2022-london52454.2022.00060,,,,,
1734,10.3390/brainsci11111392,Manifold Feature Fusion with Dynamical Feature Selection for Cross-Subject Emotion Recognition,2021,Brain Sciences,article,en,https://doi.org/10.3390/brainsci11111392,,,,,
1735,10.1109/bibm.2017.8217815,Estimation of valence of emotion using two frontal EEG channels,2017,,conference-paper,en,https://doi.org/10.1109/bibm.2017.8217815,,,,,
1736,10.1145/3786588,MSDA-Net: Multi-source Domain Adaptive Network for Multi-modal Emotion Recognition,2025,ACM Transactions on Asian and Low-Resource Language Information Processing,article,en,https://doi.org/10.1145/3786588,,,,,
1737,10.1016/j.neunet.2024.107060,Emotion recognition using multi-scale EEG features through graph convolutional attention network,2024,Neural Networks,article,en,https://doi.org/10.1016/j.neunet.2024.107060,,,,,
1738,10.1109/iaecst57965.2022.10061937,EEG emotion recognition based on LMD fuzzy entropy,2022,,conference-paper,en,https://doi.org/10.1109/iaecst57965.2022.10061937,,,,,
1739,10.37896/ymer20.12/75,Application of Deep Learning for Emotion Recognition,2021,YMER Digital,article,en,https://doi.org/10.37896/ymer20.12/75,,,,,
1740,10.1016/j.neucom.2025.131822,A hybrid SGC-transformer network for EEG emotion recognition with historical data integration,2025,Neurocomputing,article,en,https://doi.org/10.1016/j.neucom.2025.131822,,,,,
1741,10.1109/tim.2023.3240230,EEG-Based Emotion Recognition for Hearing Impaired and Normal Individuals With Residual Feature Pyramids Network Based on Time–Frequency–Spatial Features,2023,IEEE Transactions on Instrumentation and Measurement,article,en,https://doi.org/10.1109/tim.2023.3240230,,,,,
1742,10.3389/fnins.2023.1148855,EEGformer: A transformer–based brain activity classification method using EEG signal,2023,Frontiers in Neuroscience,article,en,https://doi.org/10.3389/fnins.2023.1148855,,,,,
1743,10.1109/icitda60835.2023.10427131,Multi-Representation Convolutional Neural Network to Recognize Human Emotion,2023,,conference-paper,en,https://doi.org/10.1109/icitda60835.2023.10427131,,,,,
1744,10.2139/ssrn.4777374,A Novel End-to-End Eeg Classification Method Based on 1d Cnn and the Improved Transformer Encoder,2024,SSRN Electronic Journal,preprint,en,https://doi.org/10.2139/ssrn.4777374,,,,,
1745,10.18196/jrc.v6i4.26725,A Transformer-Enhanced CNN Framework for EEG Emotion Detection with Lightweight Gray Wolf Optimization and SHAP Analysis,2025,Journal of Robotics and Control (JRC),article,,https://doi.org/10.18196/jrc.v6i4.26725,,,,,
1746,10.1504/ijbic.2024.10064033,EEG-based emotion recognition via Improved Evolutionary Convolutional Neural Network,2024,International Journal of Bio-Inspired Computation,article,en,https://doi.org/10.1504/ijbic.2024.10064033,,,,,
1747,10.36227/techrxiv.17056961.v1,JDAT: Joint-Dimension-Aware Transformer with Strong Flexibility for EEG Emotion Recognition,2021,,preprint,en,https://doi.org/10.36227/techrxiv.17056961.v1,,,,,
1748,10.1109/icassp49660.2025.10890602,Global Context MambaVision for EEG-based Emotion Recognition,2025,,conference-paper,en,https://doi.org/10.1109/icassp49660.2025.10890602,,,,,
1749,10.1109/access.2024.3463746,Advancing Emotional Health Assessments: A Hybrid Deep Learning Approach Using Physiological Signals for Robust Emotion Recognition,2024,IEEE Access,article,en,https://doi.org/10.1109/access.2024.3463746,,,,,
1750,10.1007/s12652-023-04746-y,EEG emotion recognition framework based on invariant wavelet scattering convolution network,2024,Journal of Ambient Intelligence and Humanized Computing,article,en,https://doi.org/10.1007/s12652-023-04746-y,,,,,
1751,10.2139/ssrn.5290344,Dafnet: A Dual-Path Attention Fusion Network for Eeg Emotion Recognition Via Cnn and Graph-Based Global Modeling,2025,SSRN Electronic Journal,preprint,en,https://doi.org/10.2139/ssrn.5290344,,,,,
1752,10.1360/n112018-00337,A review of EEG features for emotion recognition,2019,Scientia Sinica Informationis,article,en,https://doi.org/10.1360/n112018-00337,,,,,
1753,10.22266/ijies2024.0229.71,EEG-Based Emotion Classification: A Biologically Informed Channel Selection Approach,2023,International journal of intelligent engineering and systems,article,en,https://doi.org/10.22266/ijies2024.0229.71,,,,,
1754,10.2139/ssrn.4780971,Mss-Jda: Multi-Source Self-Selected Joint Domain Adaptation Method Based on Cross-Subject Eeg Emotion Recognition,2024,SSRN Electronic Journal,preprint,en,https://doi.org/10.2139/ssrn.4780971,,,,,
1755,10.3390/s21051792,Learning Subject-Generalized Topographical EEG Embeddings Using Deep Variational Autoencoders and Domain-Adversarial Regularization,2021,Sensors,article,en,https://doi.org/10.3390/s21051792,,,,,
1756,,DEAP Based Individual's Emotion Detection through Computed EEG and Facial Expression Analysis,2018,International journal of advance research and innovative ideas in education,article,en,,,,,,
1757,10.1109/jbhi.2021.3083525,3DCANN: A Spatio-Temporal Convolution Attention Neural Network for EEG Emotion Recognition,2021,IEEE Journal of Biomedical and Health Informatics,article,en,https://doi.org/10.1109/jbhi.2021.3083525,,,,,
1758,10.1109/access.2021.3054670,EEG Classification by Factoring in Sensor Spatial Configuration,2021,IEEE Access,article,en,https://doi.org/10.1109/access.2021.3054670,,,,,
1759,10.1109/ecace.2019.8679156,Wavelet Analysis Based Classification of Emotion from EEG Signal,2019,,conference-paper,en,https://doi.org/10.1109/ecace.2019.8679156,,,,,
1760,10.3390/computers9020033,Evaluation of Features in Detection of Dislike Responses to Audio–Visual Stimuli from EEG Signals,2020,Computers,article,en,https://doi.org/10.3390/computers9020033,,,,,
1761,10.1093/comjnl/bxaf119,ECaps-GTR: optimizing spatiotemporal EEG emotion recognition via the augmented capsule-gated transformer,2025,The Computer Journal,article,en,https://doi.org/10.1093/comjnl/bxaf119,,,,,
1762,10.1007/978-3-031-75543-9_9,"Emotion Recognition Method Based on EEG Signal Processing, Simplified Inception Network and Discrete Model",2024,Lecture notes in computer science,conference-paper,en,https://doi.org/10.1007/978-3-031-75543-9_9,,,,,
1763,10.1109/bibm52615.2021.9669542,Cross-Subject EEG Emotion Recognition Using Domain Adaptive Few-Shot Learning Networks,2021,2021 IEEE International Conference on Bioinformatics and Biomedicine (BIBM),conference-paper,en,https://doi.org/10.1109/bibm52615.2021.9669542,,,,,
1764,,Implementation of welch pre-processing in SVM algorithm for improved accuracy on EEG data,2024,UMS Institutional Repository (Universiti Malaysia Sabah),article,en,https://eprints.ums.edu.my/id/eprint/41027/1/ABSTRACT.pdf,,,,,
1765,10.2139/ssrn.4907579,A Fine-Grained Hemispheric Asymmetry Network for Accurate and Interpretable Eeg-Based Emotion Classification,2024,SSRN Electronic Journal,preprint,en,http://dx.doi.org/10.2139/ssrn.4907579,,,,,
1766,10.3390/s23187749,EEG-Based Emotion Recognition with Consideration of Individual Difference,2023,Sensors,article,en,https://doi.org/10.3390/s23187749,,,,,
1767,10.48550/arxiv.2202.05400,PARSE: Pairwise Alignment of Representations in Semi-Supervised EEG Learning for Emotion Recognition,2022,arXiv (Cornell University),preprint,en,http://arxiv.org/abs/2202.05400,,,,,
1768,10.1016/j.bspc.2022.104314,Similarity constraint style transfer mapping for emotion recognition,2022,Biomedical Signal Processing and Control,article,en,https://doi.org/10.1016/j.bspc.2022.104314,,,,,
1769,10.1109/embc46164.2021.9629649,Reducing the Calibration Effort of EEG Emotion Recognition using Domain Adaptation with Soft Labels,2021,2021 43rd Annual International Conference of the IEEE Engineering in Medicine &amp; Biology Society (EMBC),conference-paper,en,https://doi.org/10.1109/embc46164.2021.9629649,,,,,
1770,10.1177/15500594251364017,BiLSTM-Based Human Emotion Classification Using EEG Signal,2025,Clinical EEG and Neuroscience,article,en,https://doi.org/10.1177/15500594251364017,,,,,
1771,10.1016/j.bspc.2023.105875,A subject-independent portable emotion recognition system using synchrosqueezing wavelet transform maps of EEG signals and ResNet-18,2023,Biomedical Signal Processing and Control,article,en,https://doi.org/10.1016/j.bspc.2023.105875,,,,,
1772,10.1109/taffc.2024.3385651,FBSTCNet: A Spatio-Temporal Convolutional Network Integrating Power and Connectivity Features for EEG-Based Emotion Decoding,2024,IEEE Transactions on Affective Computing,article,en,https://doi.org/10.1109/taffc.2024.3385651,,,,,
1773,10.1109/ijcnn64981.2025.11228384,BCRNet: A Lightweight Branched Convolutional Neural Network Enhanced with Riemannian Geometry for End-to-End EEG-Based Emotion Recognition,2025,,conference-paper,,https://doi.org/10.1109/ijcnn64981.2025.11228384,,,,,
1774,10.1145/3638985.3639024,Enhancing Sentiment Analysis on SEED-IV Dataset with Vision Transformers: A Comparative Study,2023,,conference-paper,en,https://doi.org/10.1145/3638985.3639024,,,,,
1775,10.31083/jin44121,A Multi-Teacher Distilling Framework With Data Privacy for EEG Emotion Recognition,2025,Journal of Integrative Neuroscience,article,en,https://doi.org/10.31083/jin44121,,,,,
1776,10.1109/icsp62122.2024.10743301,EEG-Based Emotion Recognition with EERN Model,2024,,conference-paper,en,https://doi.org/10.1109/icsp62122.2024.10743301,,,,,
1777,10.1007/978-981-16-2336-3_3,EEG-Based Emotion Recognition Using Convolutional Neural Network with Functional Connections,2021,Communications in computer and information science,conference-paper,en,https://doi.org/10.1007/978-981-16-2336-3_3,,,,,
1778,10.1109/access.2023.3266804,Emotion Recognition Using Temporally Localized Emotional Events in EEG With Naturalistic Context: DENS# Dataset,2023,IEEE Access,article,en,https://doi.org/10.1109/access.2023.3266804,,,,,
1779,10.1109/aciiw63320.2024.00038,Emotion Recognition Based on EEG Signals and Deep Neural Networks Architectures,2024,,conference-paper,en,https://doi.org/10.1109/aciiw63320.2024.00038,,,,,
1780,10.1007/978-3-031-20102-8_15,Channel Selection for EEG Emotion Recognition via an Enhanced Firefly Algorithm with Brightness-Distance Attraction,2023,Lecture notes in computer science,conference-paper,en,https://doi.org/10.1007/978-3-031-20102-8_15,,,,,
1781,10.1007/s44443-025-00411-w,EmoDNCL+: Dual-stream negative-sample-free contrastive learning with neurophysiological augmentation for EEG emotion recognition,2025,Journal of King Saud University - Computer and Information Sciences,article,en,https://doi.org/10.1007/s44443-025-00411-w,,,,,
1782,10.1109/icicta.2018.00031,Emotion Recognition and Channel Selection Based on EEG Signal,2018,,conference-paper,en,https://doi.org/10.1109/icicta.2018.00031,,,,,
1783,10.1109/embc.2015.7319766,Recognizing emotions from EEG subbands using wavelet analysis,2015,,conference-paper,en,http://hdl.handle.net/10453/37087,,,,,
1784,10.1007/s11517-025-03384-0,Auxiliary classifier adversarial networks with maximum subdomain discrepancy for EEG-based emotion recognition,2025,Medical & Biological Engineering & Computing,article,en,https://doi.org/10.1007/s11517-025-03384-0,,,,,
1785,10.22266/ijies2025.0331.30,An Efficient EEG Based Emotion Classification Using Optimized Supported Vector Machin Based on Dynamic GOA Algorithm,2025,International journal of intelligent engineering and systems,article,en,https://doi.org/10.22266/ijies2025.0331.30,,,,,
1786,10.1109/ictacs56270.2022.9988427,Emotion Detection using EEG Signals with Ensemble Learning,2022,2022 2nd International Conference on Technological Advancements in Computational Sciences (ICTACS),conference-paper,en,https://doi.org/10.1109/ictacs56270.2022.9988427,,,,,
1787,10.1109/ijcnn48605.2020.9207420,A 3D Convolutional Neural Network for Emotion Recognition based on EEG Signals,2020,,conference-paper,en,https://doi.org/10.1109/ijcnn48605.2020.9207420,,,,,
1788,10.36227/techrxiv.171043104.48942295/v1,EEG based Emotion Prediction based on Audio Visual Stimulation using En-FS and SEn-G model,2024,,preprint,en,https://doi.org/10.36227/techrxiv.171043104.48942295/v1,,,,,
1789,10.1007/s10044-023-01136-0,EEG-based emotion recognition with cascaded convolutional recurrent neural networks,2023,Pattern Analysis and Applications,article,en,https://doi.org/10.1007/s10044-023-01136-0,,,,,
1790,10.1109/tcds.2022.3147839,Residual GCB-Net: Residual Graph Convolutional Broad Network on Emotion Recognition,2022,IEEE Transactions on Cognitive and Developmental Systems,article,en,https://figshare.com/articles/software/Residual_GCB-Net_Residual_Graph_Convolutional_Broad_Network_on_Emotion_Recognition/26135221,,,,,
1791,10.3389/fnhum.2023.1174104,Enhancing the accuracy of electroencephalogram-based emotion recognition through Long Short-Term Memory recurrent deep neural networks,2023,Frontiers in Human Neuroscience,article,en,https://doi.org/10.3389/fnhum.2023.1174104,,,,,
1792,10.30534/ijatcse/2021/031012021,A Comparative Analysis of Time-frequency Feature Extraction Techniques for Large Scale Electroencephalogram Data,2021,International Journal of Advanced Trends in Computer Science and Engineering,article,en,https://doi.org/10.30534/ijatcse/2021/031012021,,,,,
1793,10.1016/j.bspc.2022.103544,Recognition of emotional states using frequency effective connectivity maps through transfer learning approach from electroencephalogram signals,2022,Biomedical Signal Processing and Control,article,en,https://doi.org/10.1016/j.bspc.2022.103544,,,,,
1794,10.1109/taffc.2025.3551330,Identifying Stable EEG Patterns in Manipulation Task for Negative Emotion Recognition,2025,IEEE Transactions on Affective Computing,article,en,https://doi.org/10.1109/taffc.2025.3551330,,,,,
1795,10.1080/10255842.2025.2484557,An adaptive graph convolutional network with residual attention for emotion recognition,2025,Computer Methods in Biomechanics & Biomedical Engineering,article,en,https://doi.org/10.1080/10255842.2025.2484557,,,,,
1796,10.3390/electronics12234717,A Fine-Grained Approach for EEG-Based Emotion Recognition Using Clustering and Hybrid Deep Neural Networks,2023,Electronics,article,en,https://doi.org/10.3390/electronics12234717,,,,,
1797,10.1109/icsccc58608.2023.10176510,Emotion Recognition based on fusion of multimodal physiological signals using LSTM and GRU,2023,,conference-paper,en,https://doi.org/10.1109/icsccc58608.2023.10176510,,,,,
1798,10.5665/sleep.4516,Lucid Dreaming in Narcolepsy,2015,SLEEP,article,en,https://www.ncbi.nlm.nih.gov/pmc/articles/4335518,,,,,
1799,10.48550/arxiv.2204.09016,Benchmarking Domain Generalization on EEG-based Emotion Recognition,2022,arXiv (Cornell University),preprint,en,http://arxiv.org/abs/2204.09016,,,,,
1800,10.23919/spa65537.2025.11215097,Leveraging Machine Learning and Feature Extraction from Physiological Signals for Emotion Detection,2025,,conference-paper,,https://doi.org/10.23919/spa65537.2025.11215097,,,,,
1801,10.1109/icbme68496.2025.11392098,Region-Specific Eeg Channel-Based Emotion Detection Using Bi-Directional Deep Neural Networks,2025,,conference-paper,,https://doi.org/10.1109/icbme68496.2025.11392098,,,,,
1802,10.1007/s11571-025-10396-x,EEG emotion recognition based on hierarchical multi-scale graph neural networks,2025,Cognitive Neurodynamics,article,en,https://pmc.ncbi.nlm.nih.gov/articles/PMC12743044/,,,,,
1803,10.1109/tim.2025.3590828,CoAdapt: Collaborative Adaptation Between Latent EEG Feature Representation and Annotation for Emotion Decoding,2025,IEEE Transactions on Instrumentation and Measurement,article,en,https://doi.org/10.1109/tim.2025.3590828,,,,,
1804,10.3390/s25061827,Enhancing EEG-Based Emotion Detection with Hybrid Models: Insights from DEAP Dataset Applications,2025,Sensors,article,en,https://doi.org/10.3390/s25061827,,,,,
1805,10.1016/j.bspc.2024.106323,FBN-TCN: Temporal convolutional neural network based on spatial domain fusion brain networks for affective brain–computer interfaces,2024,Biomedical Signal Processing and Control,article,en,https://doi.org/10.1016/j.bspc.2024.106323,,,,,
1806,10.1109/bibm58861.2023.10385831,Multi-Modal Network based on Spatio-temporal and Attention for Emotion Recognition,2023,,conference-paper,en,https://doi.org/10.1109/bibm58861.2023.10385831,,,,,
1807,10.1109/icaeca56562.2023.10199350,Emotion Recognition using EEG Signal Classification of seed Dataset,2023,,conference-paper,en,https://doi.org/10.1109/icaeca56562.2023.10199350,,,,,
1808,10.1016/j.neuroimage.2013.11.007,Multimodal fusion framework: A multiresolution approach for emotion classification and recognition from physiological signals,2013,NeuroImage,article,en,https://doi.org/10.1016/j.neuroimage.2013.11.007,,,,,
1809,10.1016/j.procs.2019.09.013,Classification of Emotional State Based on EEG Signal using AMGLVQ,2019,Procedia Computer Science,conference-paper,en,https://doi.org/10.1016/j.procs.2019.09.013,,,,,
1810,,Emotion Analysis Using Heart Rate Data.,2019,,article,en,,,,,,
1811,10.1007/s11571-025-10324-z,Emotion recognition of CNN bidirectional long short-term memory with center and Softmax loss function (CNN-BiLSTM-CS) EEG -based,2025,Cognitive Neurodynamics,article,en,https://pmc.ncbi.nlm.nih.gov/articles/PMC12373578/,,,,,
1812,10.1504/ijbet.2020.111475,Automated emotion state classification using higher order spectra and interval features of EEG,2020,International Journal of Biomedical Engineering and Technology,article,en,https://doi.org/10.1504/ijbet.2020.111475,,,,,
1813,10.1109/taffc.2025.3588873,A Novel Conditional Adversarial Domain Adaptation Network for EEG Cross-Subject Emotion Recognition,2025,IEEE Transactions on Affective Computing,article,en,https://doi.org/10.1109/taffc.2025.3588873,,,,,
1814,10.2139/ssrn.4663962,Emotion Recognition Using Cross-Modal Attention from Eeg and Facial Expression,2023,SSRN Electronic Journal,preprint,en,https://doi.org/10.2139/ssrn.4663962,,,,,
1815,10.2139/ssrn.4979156,A Multi-Branch Electroencephalogram Emotion Recognition Framework Based on Cross-Subject or Cross-Session Multi-Perspective Representation Fusion,2024,SSRN Electronic Journal,preprint,en,https://doi.org/10.2139/ssrn.4979156,,,,,
1816,10.22214/ijraset.2024.59255,Emotion Recognition from Brain EEG Signals,2024,International Journal for Research in Applied Science and Engineering Technology,article,en,https://doi.org/10.22214/ijraset.2024.59255,,,,,
1817,10.1016/j.inffus.2025.103279,A self-supervised data augmentation strategy for EEG-based emotion recognition,2025,Information Fusion,article,en,https://doi.org/10.1016/j.inffus.2025.103279,,,,,
1818,10.1109/jbhi.2025.3617788,LRCOMF: A Learn-Review-Challenge Online Meta Learning Framework for EEG Emotion Recognition With Unlabeled Online Samples,2025,IEEE Journal of Biomedical and Health Informatics,article,en,https://doi.org/10.1109/jbhi.2025.3617788,,,,,
1819,10.1016/j.bspc.2022.103966,Performance evaluation of multi-channel electroencephalogram signal (EEG) based time frequency analysis for human emotion recognition,2022,Biomedical Signal Processing and Control,article,en,https://doi.org/10.1016/j.bspc.2022.103966,,,,,
1820,10.1109/cse/euc.2019.00029,A Sequential Study of Emotions through EEG using HMM,2019,,conference-paper,en,https://doi.org/10.1109/cse/euc.2019.00029,,,,,
1821,10.1088/1741-2552/ad7060,Emotion recognition of EEG signals based on contrastive learning graph convolutional model,2024,Journal of Neural Engineering,article,en,https://doi.org/10.1088/1741-2552/ad7060,,,,,
1822,10.2139/ssrn.3995235,A Deep Subdomain Associate Adaptation Network for Cross-Session and Cross-Subject Eeg Emotion Recognition,2021,SSRN Electronic Journal,preprint,en,https://doi.org/10.2139/ssrn.3995235,,,,,
1823,10.1109/bibm58861.2023.10385459,A two-stream channel reconstruction and feature attention network for EEG emotion recognition,2023,,conference-paper,en,https://doi.org/10.1109/bibm58861.2023.10385459,,,,,
1824,10.1016/j.neucom.2025.131767,A multi-branch electroencephalogram emotion recognition framework based on cross-subject or cross-session multi-perspective representation fusion,2025,Neurocomputing,article,en,https://doi.org/10.1016/j.neucom.2025.131767,,,,,
1825,10.1109/chilecon54041.2021.9702925,On the use of autoregressive EEG modeling and support vector machine for emotional responses to musical video clips,2021,"2021 IEEE CHILEAN Conference on Electrical, Electronics Engineering, Information and Communication Technologies (CHILECON)",conference-paper,en,https://doi.org/10.1109/chilecon54041.2021.9702925,,,,,
1826,10.48550/arxiv.2505.18175,Evaluation in EEG Emotion Recognition: State-of-the-Art Review and Unified Framework,2025,arXiv (Cornell University),preprint,en,http://arxiv.org/abs/2505.18175,,,,,
1827,10.1038/s41598-022-14217-7,Accurate emotion recognition using Bayesian model based EEG sources as dynamic graph convolutional neural network nodes,2022,Scientific Reports,article,en,https://doi.org/10.1038/s41598-022-14217-7,,,,,
1828,10.1063/5.0288674,Emotion recognition based on microstate brain functional network using graph attention network,2025,Review of Scientific Instruments,article,en,https://doi.org/10.1063/5.0288674,,,,,
1829,10.3390/electronics12112359,Study on Driver Cross-Subject Emotion Recognition Based on Raw Multi-Channels EEG Data,2023,Electronics,article,en,https://doi.org/10.3390/electronics12112359,,,,,
1830,10.1145/3730436.3730459,Emotion recognition of EEG signals based on CA-CRNN with 4D features,2025,,conference-paper,en,https://doi.org/10.1145/3730436.3730459,,,,,
1831,10.1109/ijcnn.2017.7965989,Selection of stable features for modeling 4-D affective space from EEG recording,2017,,conference-paper,en,https://doi.org/10.1109/ijcnn.2017.7965989,,,,,
1832,10.1007/978-3-031-70906-7_1,Exploring the Impact of KNN and MLP Classifiers on Valence-Arousal Emotion Recognition Using EEG: An Analysis of DEAP Dataset and EEG Band Representations,2024,Communications in computer and information science,conference-paper,en,https://doi.org/10.1007/978-3-031-70906-7_1,,,,,
1833,10.1109/tiptekno.2017.8238097,Emotion elicitation analysis in multi-channel EEG signals using multivariate Empirical Mode Decomposition and Discrete Wavelet Transform,2017,2017 Medical Technologies National Congress (TIPTEKNO),conference-paper,en,https://doi.org/10.1109/tiptekno.2017.8238097,,,,,
1834,10.1109/tim.2021.3115195,eRAD-Fe: Emotion Recognition-Assisted Deep Learning Framework,2021,IEEE Transactions on Instrumentation and Measurement,article,en,https://doi.org/10.1109/tim.2021.3115195,,,,,
1835,10.3390/brainsci13040685,Emotion Recognition from Spatio-Temporal Representation of EEG Signals via 3D-CNN with Ensemble Learning Techniques,2023,Brain Sciences,article,en,https://doi.org/10.3390/brainsci13040685,,,,,
1836,10.1016/j.eswa.2021.115581,Cross-subject EEG emotion classification based on few-label adversarial domain adaption,2021,Expert Systems with Applications,article,en,https://doi.org/10.1016/j.eswa.2021.115581,,,,,
1837,10.1142/s0219477524500512,Analysis of EEG Fluctuation Patterns Using Nonlinear Phase-Based Functional Connectivity Measures for Emotion Recognition,2024,Fluctuation and Noise Letters,article,en,https://doi.org/10.1142/s0219477524500512,,,,,
1838,10.54254/2755-2721/2025.tj23292,Emotion Recognition Method Based on EEG Signal Reinforcement Learning and CNN,2025,Applied and Computational Engineering,article,en,https://doi.org/10.54254/2755-2721/2025.tj23292,,,,,
1839,10.1007/978-981-19-5191-6_15,Emotion Recognition from EEG Data Using Hybrid Deep Learning Approach,2023,Lecture notes in networks and systems,book-chapter,en,https://doi.org/10.1007/978-981-19-5191-6_15,,,,,
1840,10.1145/3343031.3350871,Emotion Recognition using Multimodal Residual LSTM Network,2019,,conference-paper,en,https://doi.org/10.1145/3343031.3350871,,,,,
1841,10.1109/picom64201.2024.00009,Subject-General and Subject-Specific Emotion Recognition Across Video Stimuli Using EEG Signals,2024,,conference-paper,en,https://doi.org/10.1109/picom64201.2024.00009,,,,,
1842,10.3390/bioengineering9060231,EEG-Based Emotion Recognition Using a 2D CNN with Different Kernels,2022,Bioengineering,article,en,https://doi.org/10.3390/bioengineering9060231,,,,,
1843,10.1109/upcon.2017.8251115,Deep belief network based affect recognition from physiological signals,2017,"2017 4th IEEE Uttar Pradesh Section International Conference on Electrical, Computer and Electronics (UPCON)",conference-paper,en,https://doi.org/10.1109/upcon.2017.8251115,,,,,
1844,10.1145/3632410.3632417,Joint Class Learning with Self Similarity Projection for EEG Emotion Recognition,2024,,conference-paper,en,https://doi.org/10.1145/3632410.3632417,,,,,
1845,10.1016/j.bspc.2022.104211,EEG emotion recognition based on TQWT-features and hybrid convolutional recurrent neural network,2022,Biomedical Signal Processing and Control,article,en,https://doi.org/10.1016/j.bspc.2022.104211,,,,,
1846,10.3390/app14062228,A Comprehensive Evaluation of Features and Simple Machine Learning Algorithms for Electroencephalographic-Based Emotion Recognition,2024,Applied Sciences,article,en,https://doi.org/10.3390/app14062228,,,,,
1847,10.1007/978-3-031-43075-6_7,Decoding Emotion Dimensions Arousal and Valence Elicited on EEG Responses to Videos and Images: A Comparative Evaluation,2023,Lecture notes in computer science,conference-paper,en,https://doi.org/10.1007/978-3-031-43075-6_7,,,,,
1848,10.1007/978-3-030-77977-1_7,EEG-Based Emotion Recognition Using Convolutional Neural Networks,2021,Lecture notes in computer science,conference-paper,en,https://doi.org/10.1007/978-3-030-77977-1_7,,,,,
1849,10.2139/ssrn.5381613,Hierarchical Adaptive Masking Graph Convolutional Network for Eeg-Based Emotion Classification,2025,SSRN Electronic Journal,preprint,en,https://doi.org/10.2139/ssrn.5381613,,,,,
1850,10.1109/icesc65114.2025.11212542,Implementation of an Artificial Neural Network for EEG-based Emotion Recognition,2025,,conference-paper,,https://doi.org/10.1109/icesc65114.2025.11212542,,,,,
1851,10.1007/s00521-020-05670-4,A deep multi-source adaptation transfer network for cross-subject electroencephalogram emotion recognition,2021,Neural Computing and Applications,article,en,https://doi.org/10.1007/s00521-020-05670-4,,,,,
1852,10.1109/bibm66473.2025.11357038,EEG Emotion Recognition via Prototype Adaptive Fine-Grained Contrastive Progressive Alignment,2025,,conference-paper,,https://doi.org/10.1109/bibm66473.2025.11357038,,,,,
1853,10.1109/access.2023.3322294,Cross-Subject Channel Selection Using Modified Relief and Simplified CNN-Based Deep Learning for EEG-Based Emotion Recognition,2023,IEEE Access,article,en,https://doi.org/10.1109/access.2023.3322294,,,,,
1854,10.1109/access.2024.3434675,Exploring CEEMDAN and LMD Domains Entropy Features for Decoding EEG-Based Emotion Patterns,2024,IEEE Access,article,en,https://doi.org/10.1109/access.2024.3434675,,,,,
1855,10.1155/2022/7028517,EEG Feature Extraction and Data Augmentation in Emotion Recognition,2022,Computational Intelligence and Neuroscience,article,en,https://doi.org/10.1155/2022/7028517,,,,,
1856,10.1038/s41598-025-98623-7,SS-EMERGE - self-supervised enhancement for multidimension emotion recognition using GNNs for EEG,2025,Scientific Reports,article,en,https://doi.org/10.1038/s41598-025-98623-7,,,,,
1857,10.1109/bibm52615.2021.9669465,EEG Emotion Recognition based on Hierarchy Graph Convolution Network,2021,2021 IEEE International Conference on Bioinformatics and Biomedicine (BIBM),conference-paper,en,https://doi.org/10.1109/bibm52615.2021.9669465,,,,,
1858,10.1145/3535694.3535707,Emotion Recognition Using the Fusion of Frontal 2-channel EEG Signals and Peripheral Physiological Signals,2022,,conference-paper,en,https://doi.org/10.1145/3535694.3535707,,,,,
1859,10.1155/2023/9281230,Multiview Feature Fusion Attention Convolutional Recurrent Neural Networks for EEG‐Based Emotion Recognition,2023,Journal of Sensors,article,en,https://doi.org/10.1155/2023/9281230,,,,,
1860,10.1007/s11571-023-10004-w,EEG-based emotion recognition using a temporal-difference minimizing neural network,2023,Cognitive Neurodynamics,article,en,https://doi.org/10.1007/s11571-023-10004-w,,,,,
1861,10.33969/ais.2020.21001,EEG signal based Modified Kohonen Neural Networks for Classification of Human Mental Emotions,2020,Journal of Artificial Intelligence and Systems,article,en,https://doi.org/10.33969/ais.2020.21001,,,,,
1862,10.3934/publichealth.2025041,Deep learning for electroencephalography emotion recognition,2025,AIMS Public Health,article,en,https://doi.org/10.3934/publichealth.2025041,,,,,
1863,10.3390/electronics11203316,EEG Emotion Recognition Based on Federated Learning Framework,2022,Electronics,article,en,https://doi.org/10.3390/electronics11203316,,,,,
1864,10.1109/embc58623.2025.11253239,Cross-Stimulus Transfer Learning: Enhancing Emotion Recognition from Visual-Auditory to Olfactory Perception,2025,,conference-paper,en,https://doi.org/10.1109/embc58623.2025.11253239,,,,,
1865,10.1007/978-981-96-4512-1_3,Specific-Task and Multi-session Brain Fingerprint Identification with Multi-scale Graph Neural Network,2025,Brain informatics and health,book-chapter,en,https://doi.org/10.1007/978-981-96-4512-1_3,,,,,
1866,10.1016/j.procs.2018.08.004,Emotional Influences on Cryptographic Key Generation Systems using EEG signals,2018,Procedia Computer Science,conference-paper,en,https://doi.org/10.1016/j.procs.2018.08.004,,,,,
1867,10.30880/ijie.2021.13.06.001,Recognition of Human Emotion using Radial Basis Function Neural Networks with Inverse Fisher Transformed Physiological Signals,2021,International Journal of Integrated Engineering,article,en,https://doi.org/10.30880/ijie.2021.13.06.001,,,,,
1868,10.1007/s11760-024-03550-1,EEG spatial projection and an improved 3D CNN with channel spatiotemporal joint attention mechanism for emotion recognition,2024,Signal Image and Video Processing,article,en,https://doi.org/10.1007/s11760-024-03550-1,,,,,
1869,10.1007/s11760-025-03876-4,DDNet: a hybrid network based on deep adaptive multi-head attention and dynamic graph convolution for EEG emotion recognition,2025,Signal Image and Video Processing,article,en,https://doi.org/10.1007/s11760-025-03876-4,,,,,
1870,10.1109/access.2025.3634141,BN-BrainTF: Brain Network Community-Aware Global–Local Transformer for EEG-Based Emotion Recognition,2025,IEEE Access,article,en,https://doi.org/10.1109/access.2025.3634141,,,,,
1871,10.5626/ktcp.2023.29.5.251,EEG-Based Emotion Recognition Using a 3D Convolutional Neural Network with a Bottleneck Structure,2023,정보과학회 컴퓨팅의 실제 논문지,article,en,https://doi.org/10.5626/ktcp.2023.29.5.251,,,,,
1872,10.23919/jcc.2022.02.007,E3GCAPS: Efficient EEG-based multi-capsule framework with dynamic attention for cross-subject cognitive state detection,2022,China Communications,article,en,https://doi.org/10.23919/jcc.2022.02.007,,,,,
1873,10.1109/iceace63551.2024.10898566,Prediction of the emotion responses to poster designs based on graphical features: A machine learning-driven approach,2024,,conference-paper,en,https://doi.org/10.1109/iceace63551.2024.10898566,,,,,
1874,10.1007/s11042-023-16744-5,A simplified PPG based approach for automated recognition of five distinct emotional states,2023,Multimedia Tools and Applications,article,en,https://doi.org/10.1007/s11042-023-16744-5,,,,,
1875,10.1109/ic3ina68387.2025.11325539,Emotion Classification of EEG Signals Using Parallel Depthwise Separable CNN and RNN,2025,,conference-paper,,https://doi.org/10.1109/ic3ina68387.2025.11325539,,,,,
1876,10.2139/ssrn.5570288,A Comprehensive Preprocessing Framework for EEG Signal Analysis: Case Study on the SEED-V Dataset,2025,SSRN Electronic Journal,preprint,en,https://doi.org/10.2139/ssrn.5570288,,,,,
1877,10.1007/978-3-031-47637-2_22,EEG Emotion Recognition Based on Temporal-Spatial Features and Adaptive Attention of EEG Electrodes,2023,Lecture notes in computer science,conference-paper,en,https://doi.org/10.1007/978-3-031-47637-2_22,,,,,
1878,10.1109/embc44109.2020.9175586,Reinforcement Learning using EEG signals for Therapeutic Use of Music in Emotion Management,2020,,conference-paper,en,https://doi.org/10.1109/embc44109.2020.9175586,,,,,
1879,10.1109/access.2020.3027429,Electroencephalogram-Based Preference Prediction Using Deep Transfer Learning,2020,IEEE Access,article,en,https://doi.org/10.1109/access.2020.3027429,,,,,
1880,10.1109/jsen.2018.2883497,Cross-Subject Emotion Recognition Using Flexible Analytic Wavelet Transform From EEG Signals,2018,IEEE Sensors Journal,article,en,https://doi.org/10.1109/jsen.2018.2883497,,,,,
1881,10.24200/sci.2024.60201.6664,Temporal Analysis of Functional Brain Connectivity for EEG-based Emotion Recognition,2024,Scientia Iranica,article,en,https://doi.org/10.24200/sci.2024.60201.6664,,,,,
1882,10.1109/bibm58861.2023.10385526,Spatio-Temporal Swin Transformer-based 4-D EEG Emotion Recognition,2023,,conference-paper,en,https://doi.org/10.1109/bibm58861.2023.10385526,,,,,
1883,10.1109/tim.2025.3635321,Hierarchical Dynamic Local–Global-Graph Representation Learning for EEG Emotion Recognition,2025,IEEE Transactions on Instrumentation and Measurement,article,,https://doi.org/10.1109/tim.2025.3635321,,,,,
1884,10.3390/app13148274,The Efficacy and Utility of Lower-Dimensional Riemannian Geometry for EEG-Based Emotion Classification,2023,Applied Sciences,article,en,https://doi.org/10.3390/app13148274,,,,,
1885,10.3390/diagnostics13162624,Optimizing 1D-CNN-Based Emotion Recognition Process through Channel and Feature Selection from EEG Signals,2023,Diagnostics,article,en,https://doi.org/10.3390/diagnostics13162624,,,,,
1886,10.35534/pc/0103013,基于多人脑电一致性特征的情绪识别探索,2019,Psychology of China,article,zh,https://doi.org/10.35534/pc/0103013,,,,,
1887,10.1109/icced60214.2023.10425227,Enhancing Emotion Recognition using Contrastive Learning Representation of Paired Peripheral Physiological and EEG Signal,2023,,conference-paper,en,https://doi.org/10.1109/icced60214.2023.10425227,,,,,
1888,10.3390/electronics14142744,A Comparative Study on Machine Learning Methods for EEG-Based Human Emotion Recognition,2025,Electronics,article,en,https://doi.org/10.3390/electronics14142744,,,,,
1889,10.1109/tcsii.2023.3318814,Deep Feature Extraction and Attention Fusion for Multimodal Emotion Recognition,2023,IEEE Transactions on Circuits & Systems II Express Briefs,article,en,https://doi.org/10.1109/tcsii.2023.3318814,,,,,
1890,10.1109/tim.2024.3398103,Generalized Contrastive Partial Label Learning for Cross-Subject EEG-Based Emotion Recognition,2024,IEEE Transactions on Instrumentation and Measurement,article,en,https://doi.org/10.1109/tim.2024.3398103,,,,,
1891,10.1109/tetc.2021.3087174,Graph-Embedded Convolutional Neural Network for Image-Based EEG Emotion Recognition,2021,IEEE Transactions on Emerging Topics in Computing,article,en,https://doi.org/10.1109/tetc.2021.3087174,,,,,
1892,10.1109/taffc.2024.3394873,Bridge Graph Attention Based Graph Convolution Network With Multi-Scale Transformer for EEG Emotion Recognition,2024,IEEE Transactions on Affective Computing,article,en,https://doi.org/10.1109/taffc.2024.3394873,,,,,
1893,10.1016/j.bspc.2022.103687,Multisource Wasserstein Adaptation Coding Network for EEG emotion recognition,2022,Biomedical Signal Processing and Control,article,en,https://doi.org/10.1016/j.bspc.2022.103687,,,,,
1894,10.1109/cisp-bmei.2017.8302098,Three class emotions recognition based on deep learning using staked autoencoder,2017,,conference-paper,en,https://doi.org/10.1109/cisp-bmei.2017.8302098,,,,,
1895,10.1038/s41598-024-82705-z,EEG-based emotion recognition using multi-scale dynamic CNN and gated transformer,2024,Scientific Reports,article,en,https://doi.org/10.1038/s41598-024-82705-z,,,,,
1896,10.1016/j.bspc.2023.104998,Multi-source domain adaptation with spatio-temporal feature extractor for EEG emotion recognition,2023,Biomedical Signal Processing and Control,article,en,https://doi.org/10.1016/j.bspc.2023.104998,,,,,
1897,10.1016/j.neucom.2024.129315,SEDA-EEG: A semi-supervised emotion recognition network with domain adaptation for cross-subject EEG analysis,2025,Neurocomputing,article,en,https://doi.org/10.1016/j.neucom.2024.129315,,,,,
1898,10.1051/itmconf/20235302011,EEG-based Emotion Recognition using Transfer Learning Based Feature Extraction and Convolutional Neural Network,2023,ITM Web of Conferences,conference-paper,en,https://doi.org/10.1051/itmconf/20235302011,,,,,
1899,10.18201/ijisae.2021473635,A Pragmatic Approach for EEG-based Affect Classification,2021,International Journal of Intelligent Systems and Applications in Engineering,article,en,https://doi.org/10.18201/ijisae.2021473635,,,,,
1900,10.1109/icip55913.2025.11084497,Daafnet: Domain Adaptive Augmented Feature Network for Biosignal based Emotion Recognition,2025,,conference-paper,en,https://doi.org/10.1109/icip55913.2025.11084497,,,,,
1901,10.1007/s00521-024-09479-3,Emotion recognition based on phase-locking value brain functional network and topological data analysis,2024,Neural Computing and Applications,article,en,https://doi.org/10.1007/s00521-024-09479-3,,,,,
1902,10.20944/preprints202505.0072.v1,CognEmoSense: A Continual Learning and Context-Aware EEG Emotion Recognition System Using Transformer-Augmented Brain-State Modeling,2025,Preprints.org,preprint,en,https://doi.org/10.20944/preprints202505.0072.v1,,,,,
1903,10.1007/s44174-025-00374-6,PWO-C2A-AM: Attentional Deep Learning Model for Emotion Recognition Using EEG Signals,2025,Biomedical Materials & Devices,article,en,https://doi.org/10.1007/s44174-025-00374-6,,,,,
1904,10.48550/arxiv.2104.06308,SFE-Net: EEG-based Emotion Recognition with Symmetrical Spatial Feature Extraction,2021,arXiv (Cornell University),preprint,en,http://arxiv.org/abs/2104.06308,,,,,
1905,10.3390/bioengineering11080782,Emotion Detection from EEG Signals Using Machine Deep Learning Models,2024,Bioengineering,article,en,https://doi.org/10.3390/bioengineering11080782,,,,,
1906,10.1007/s11042-023-16696-w,Analysis of brain areas in emotion recognition from EEG signals with deep learning methods,2023,Multimedia Tools and Applications,article,en,https://doi.org/10.1007/s11042-023-16696-w,,,,,
1907,10.1145/3297156.3297177,Emotion Classification Using EEG Signals,2018,Proceedings of the 2018 2nd International Conference on Computer Science and Artificial Intelligence,conference-paper,en,https://doi.org/10.1145/3297156.3297177,,,,,
1908,10.1109/iscas58744.2024.10558424,EEG Emotion Recognition Based on Dynamic Graph Neural Networks,2024,,conference-paper,en,https://doi.org/10.1109/iscas58744.2024.10558424,,,,,
1909,10.1109/auteee62881.2024.10869652,A Novel EEG-Based Emotion Recognition Framework Using DQN-DenseNet for Real-Time Applications,2024,,conference-paper,en,https://doi.org/10.1109/auteee62881.2024.10869652,,,,,
1910,10.59018/042561,Emotion recognition using Honey Badger algorithm and deep neural network methods,2025,ARPN Journal of Engineering and Applied Sciences,article,en,https://doi.org/10.59018/042561,,,,,
1911,10.1109/i2ct61223.2024.10543369,Analysis of EEG Signals in the DEAP Dataset for Emotion Recognition using Deep Learning Algortihms,2024,,conference-paper,en,https://doi.org/10.1109/i2ct61223.2024.10543369,,,,,
1912,10.1109/cw.2013.52,EEG Databases for Emotion Recognition,2013,,conference-paper,en,https://doi.org/10.1109/cw.2013.52,,,,,
1913,10.1109/lsp.2022.3179946,EEG-GCN: Spatio-Temporal and Self-Adaptive Graph Convolutional Networks for Single and Multi-View EEG-Based Emotion Recognition,2022,IEEE Signal Processing Letters,article,en,https://doi.org/10.1109/lsp.2022.3179946,,,,,
1914,10.1109/tce.2024.3479314,Large Models Driven Behavior Modeling to Enhance Effect Treatment of Arts in Psychological Consumer Electronics,2024,IEEE Transactions on Consumer Electronics,article,en,https://doi.org/10.1109/tce.2024.3479314,,,,,
1915,,KLASIFIKASI EMOSI BERDASARKAN SINYAL EEG DENGAN MENGGUNAKAN METODE ALGORITMA GENETIKA DAN INDEPENDENT COMPONENT ANALYSIS,2019,eProceedings of Engineering,article,id,,,,,,
1916,10.3390/s23031404,Fusion Graph Representation of EEG for Emotion Recognition,2023,Sensors,article,en,https://doi.org/10.3390/s23031404,,,,,
1917,10.1109/tcds.2022.3149953,Emotion Recognition Based on EEG Brain Rhythm Sequencing Technique,2022,IEEE Transactions on Cognitive and Developmental Systems,article,en,https://doi.org/10.1109/tcds.2022.3149953,,,,,
1918,10.1016/j.bspc.2025.107622,Contrastive reinforced transfer learning for EEG-based emotion recognition with consideration of individual differences,2025,Biomedical Signal Processing and Control,article,en,https://doi.org/10.1016/j.bspc.2025.107622,,,,,
1919,10.2174/0126662558279390240105064917,Maximizing Emotion Recognition Accuracy with Ensemble Techniques on EEG Signals,2024,Recent Advances in Computer Science and Communications,article,en,https://doi.org/10.2174/0126662558279390240105064917,,,,,
1920,10.18280/ria.370205,EEG Based Emotion Recognition Using Long Short Term Memory Network with Improved Rat Swarm Optimization Algorithm,2023,Revue d intelligence artificielle,article,en,https://doi.org/10.18280/ria.370205,,,,,
1921,10.1007/978-3-031-34622-4_10,Emotion Recognition from Brain Wave Using Multitask Machine Learning Leveraging Residual Connections,2023,"Lecture notes of the Institute for Computer Sciences, Social Informatics and Telecommunications Engineering",conference-paper,en,https://doi.org/10.1007/978-3-031-34622-4_10,,,,,
1922,10.1007/978-3-031-65038-3_11,Evaluating the Use of Feature Extraction and Windowing Using Neural Network in EEG-Based Emotion Recognition,2024,Studies in computational intelligence,book-chapter,en,https://doi.org/10.1007/978-3-031-65038-3_11,,,,,
1923,10.1109/acait60137.2023.10528495,Triplet Graph Attention Network for EEG-Based Cross-Subject Emotion Recognition,2023,,conference-paper,en,https://doi.org/10.1109/acait60137.2023.10528495,,,,,
1924,10.70517/ijhsa463214,Random Forest Algorithm-Based User Emotion Recognition Model Construction for Housing Information Systems,2025,International journal for housing science and its applications.,article,en,https://doi.org/10.70517/ijhsa463214,,,,,
1925,10.1109/aectsd65988.2025.11411419,Multi-Layer Transformer-Based Deep Fusion Framework for Human Emotion Recognition from EEG Signals,2025,,conference-paper,,https://doi.org/10.1109/aectsd65988.2025.11411419,,,,,
1926,10.1109/ccwc57344.2023.10099070,Soft Voting Strategy for Multi-Modal Emotion Recognition Using Deep-learning- Facial Images and EEG,2023,,conference-paper,en,https://doi.org/10.1109/ccwc57344.2023.10099070,,,,,
1927,10.1007/978-3-030-98355-0_29,EEG Emotion Recognition Based on Dynamically Organized Graph Neural Network,2022,Lecture notes in computer science,conference-paper,en,https://doi.org/10.1007/978-3-030-98355-0_29,,,,,
1928,10.2139/ssrn.5740987,MSTD: A Multi-Scale Spatio-temporal Dynamic Features Fusion Network for EEG-based Emotion Recognition,2025,SSRN Electronic Journal,preprint,,https://doi.org/10.2139/ssrn.5740987,,,,,
1929,10.1080/03772063.2021.1965044,Electroencephalograph based Human Emotion Recognition Using Artificial Neural Network and Principal Component Analysis,2021,IETE Journal of Research,article,en,https://doi.org/10.1080/03772063.2021.1965044,,,,,
1930,10.1016/j.compbiomed.2024.107954,An emotion recognition method based on EWT-3D–CNN–BiLSTM-GRU-AT model,2024,Computers in Biology and Medicine,article,en,https://doi.org/10.1016/j.compbiomed.2024.107954,,,,,
1931,10.1016/j.bspc.2023.104806,Deep time-frequency features and semi-supervised dimension reduction for subject-independent emotion recognition from multi-channel EEG signals,2023,Biomedical Signal Processing and Control,article,en,https://doi.org/10.1016/j.bspc.2023.104806,,,,,
1932,10.1016/j.bspc.2024.107462,Emotion recognition based on EEG signals and face images,2025,Biomedical Signal Processing and Control,article,en,https://doi.org/10.1016/j.bspc.2024.107462,,,,,
1933,10.1109/icbme61513.2023.10488580,Enhanced Subspace Alignment with Clustering and Weighting for Cross-Subject Multi-Session EEG-based Emotion Recognition,2023,,conference-paper,en,https://doi.org/10.1109/icbme61513.2023.10488580,,,,,
1934,10.1016/j.patrec.2022.08.018,Classification of emotions using EEG activity associated with different areas of the brain,2022,Pattern Recognition Letters,article,en,https://doi.org/10.1016/j.patrec.2022.08.018,,,,,
1935,10.1016/j.compbiomed.2023.106537,Temporal relative transformer encoding cooperating with channel attention for EEG emotion analysis,2023,Computers in Biology and Medicine,article,en,https://doi.org/10.1016/j.compbiomed.2023.106537,,,,,
1936,10.1109/jsen.2024.3514094,EEG Emotion Recognition via a Lightweight 1DCNN-BiLSTM Model in Resource-Limited Environments,2024,IEEE Sensors Journal,article,en,https://doi.org/10.1109/jsen.2024.3514094,,,,,
1937,10.3389/fnins.2024.1458815,Discriminative possibilistic clustering promoting cross-domain emotion recognition,2024,Frontiers in Neuroscience,article,en,https://doi.org/10.3389/fnins.2024.1458815,,,,,
1938,10.1002/cpe.4446,Emotion detection from EEG recordings based on supervised and unsupervised dimension reduction,2018,Concurrency and Computation Practice and Experience,article,en,https://doi.org/10.1002/cpe.4446,,,,,
1939,10.1109/tim.2025.3551924,Multimodal Semi-Supervised Domain Adaptation Using Cross-Modal Learning and Joint Distribution Alignment for Cross-Subject Emotion Recognition,2025,IEEE Transactions on Instrumentation and Measurement,article,en,https://doi.org/10.1109/tim.2025.3551924,,,,,
1940,10.1145/3577190.3614113,EEG-based Cognitive Load Classification using Feature Masked Autoencoding and Emotion Transfer Learning,2023,INTERNATIONAL CONFERENCE ON MULTIMODAL INTERACTION,conference-paper,en,https://doi.org/10.1145/3577190.3614113,,,,,
1941,10.1016/j.compbiomed.2021.105048,An adversarial discriminative temporal convolutional network for EEG-based cross-domain emotion recognition,2021,Computers in Biology and Medicine,article,en,https://doi.org/10.1016/j.compbiomed.2021.105048,,,,,
1942,10.1109/icspis68676.2025.11551778,EEG-ECG Connectivity in Different Emotion States based on Linear and Nonlinear Granger Causality,2025,,conference-paper,,https://doi.org/10.1109/icspis68676.2025.11551778,,,,,
1943,10.3390/electronics15010039,A SimAM-Enhanced Multi-Resolution CNN with BiGRU for EEG Emotion Recognition: 4D-MRSimNet,2025,Electronics,article,en,https://doi.org/10.3390/electronics15010039,,,,,
1944,10.1109/access.2019.2936817,A Hierarchical Bidirectional GRU Model With Attention for EEG-Based Emotion Classification,2019,IEEE Access,article,en,https://doi.org/10.1109/access.2019.2936817,,,,,
1945,10.1515/bmt-2020-0229,A novel signal to image transformation and feature level fusion for multimodal emotion recognition,2021,Biomedizinische Technik/Biomedical Engineering,article,en,https://doi.org/10.1515/bmt-2020-0229,,,,,
1946,10.5281/zenodo.8074861,Machine Learning-Based Automatic Emotion Classification Using EEG Signals,2023,DergiPark (Istanbul University),article,en,https://dergipark.org.tr/tr/pub/jsat/issue/78276/1293320,,,,,
1947,10.1007/s10044-025-01476-z,Affective annotation of videos from EEG-based crowdsourcing,2025,Pattern Analysis and Applications,article,en,https://doi.org/10.1007/s10044-025-01476-z,,,,,
1948,10.1109/sii58957.2024.10417245,EMD-Based Feature Extraction Toward Real-Time Fear Emotion Recognition Application Using EEG,2024,,conference-paper,en,https://doi.org/10.1109/sii58957.2024.10417245,,,,,
1949,10.48550/arxiv.2407.05550,MEEG and AT-DGNN: Improving EEG Emotion Recognition with Music Introducing and Graph-based Learning,2024,arXiv (Cornell University),preprint,en,http://arxiv.org/abs/2407.05550,,,,,
1950,10.61882/seai.2410-1016,Identification of Human Emotions using EEG signals Based on an Intelligent Discriminative Sparse Model,2025,Sustainable Energy and Artificial Intelligence,article,en,https://doi.org/10.61882/seai.2410-1016,,,,,
1951,10.1016/j.bspc.2023.105075,Subject wise data augmentation based on balancing factor for quaternary emotion recognition through hybrid deep learning model,2023,Biomedical Signal Processing and Control,article,en,https://doi.org/10.1016/j.bspc.2023.105075,,,,,
1952,10.1016/j.compbiomed.2024.108329,An enhanced Coati Optimization Algorithm for global optimization and feature selection in EEG emotion recognition,2024,Computers in Biology and Medicine,article,en,https://doi.org/10.1016/j.compbiomed.2024.108329,,,,,
1953,10.1016/j.bspc.2025.108908,EEG augmentation for emotion classification using multi-branch Wasserstein conditional GAN,2025,Biomedical Signal Processing and Control,article,en,https://doi.org/10.1016/j.bspc.2025.108908,,,,,
1954,10.1016/j.apacoust.2023.109620,A novel variational nonlinear chirp mode decomposition-based critical brain-region investigation for automatic emotion recognition,2023,Applied Acoustics,article,en,https://doi.org/10.1016/j.apacoust.2023.109620,,,,,
1955,10.18502/fbt.v10i1.11512,Emotion Recognition Using Continuous Wavelet Transform and Ensemble of Convolutional Neural Networks through Transfer Learning from Electroencephalogram Signal,2022,Frontiers in biomedical technologies,article,en,https://doi.org/10.18502/fbt.v10i1.11512,,,,,
1956,10.48550/arxiv.2311.17204,Optimal EEG Electrode Set for Emotion Recognition From Brain Signals: An Empirical Quest,2023,arXiv (Cornell University),preprint,en,http://arxiv.org/abs/2311.17204,,,,,
1957,10.1109/medai62885.2024.00061,Emotional Interaction Activities for Home Robots based on EEG Emotion Recognition,2024,,conference-paper,en,https://doi.org/10.1109/medai62885.2024.00061,,,,,
1958,10.54392/bsr2513,Integrating Functional Connectivity and Domain Adaptation for Generalizable EEG Emotion Recognition,2025,Bulletin of Scientific Research,article,en,https://doi.org/10.54392/bsr2513,,,,,
1959,10.30998/faktorexacta.v17i2.20878,Membaca Sinyal Electroencephalogram (EEG) Dalam Menangkap Tingkat Emosi (Berdasarkan Ontologi),2024,Faktor Exacta,article,id,http://dx.doi.org/10.30998/faktorexacta.v17i2.20878,,,,,
1960,10.61784/adsj3014,EEG-BASED EMOTION RECOGNITION USING ENSEMBLE LEARNING MODEL,2025,AI and Data Science Journal,article,en,https://doi.org/10.61784/adsj3014,,,,,
1961,10.1109/bibm66473.2025.11357111,Target-Aware Cross-Subject EEG Emotion Recognition with Emotion Pattern Matching and Adversarial Adaptive Clustering,2025,,conference-paper,,https://doi.org/10.1109/bibm66473.2025.11357111,,,,,
1962,10.3389/fnhum.2022.1051463,Decoding the neural signatures of valence and arousal from portable EEG headset,2022,Frontiers in Human Neuroscience,article,en,https://doi.org/10.3389/fnhum.2022.1051463,,,,,
1963,10.1007/s11042-023-17142-7,Temporal shift residual network for EEG-based emotion recognition: A 3D feature image sequence approach,2023,Multimedia Tools and Applications,article,en,https://doi.org/10.1007/s11042-023-17142-7,,,,,
1964,10.1109/tcds.2020.3001642,Functional Integration and Separation of Brain Network Based on Phase Locking Value During Emotion Processing,2020,IEEE Transactions on Cognitive and Developmental Systems,article,en,https://doi.org/10.1109/tcds.2020.3001642,,,,,
1965,10.1007/s11571-021-09751-5,4D attention-based neural network for EEG emotion recognition,2022,Cognitive Neurodynamics,article,en,https://www.ncbi.nlm.nih.gov/pmc/articles/9279544,,,,,
1966,10.1145/3623809.3623969,Evaluating Emotions while Watching a Movie using the Learning Type Fuzzy-Template-Matching method,2023,,conference-paper,en,https://doi.org/10.1145/3623809.3623969,,,,,
1967,10.1016/j.bspc.2024.106620,CMLP-Net: A convolution-multilayer perceptron network for EEG-based emotion recognition,2024,Biomedical Signal Processing and Control,article,en,https://doi.org/10.1016/j.bspc.2024.106620,,,,,
1968,10.3233/mgs-220333,Electroencephalography based human emotion state classification using principal component analysis and artificial neural network,2023,Multiagent and Grid Systems,article,en,https://doi.org/10.3233/mgs-220333,,,,,
1969,10.2139/ssrn.5346933,Dsaid-Net: Dual-Stream Network Aligned with Inter-Channel Dependency for Eeg-Based Emotion Recognition,2025,SSRN Electronic Journal,preprint,en,https://doi.org/10.2139/ssrn.5346933,,,,,
1970,10.48550/arxiv.2508.11663,Unsupervised Pairwise Learning Optimization Framework for Cross-Corpus EEG-Based Emotion Recognition Based on Prototype Representation,2025,arXiv (Cornell University),preprint,en,http://arxiv.org/abs/2508.11663,,,,,
1971,10.1109/ismsit63511.2024.10757205,Enhanced Emotion Recognition from EEG Signals with ResConv U-Net Architecture,2024,,conference-paper,en,https://doi.org/10.1109/ismsit63511.2024.10757205,,,,,
1972,10.1145/3760622.3760627,Improving EEG-Based Emotion Classification Using Other Physiological Signals,2025,,conference-paper,,https://doi.org/10.1145/3760622.3760627,,,,,
1973,10.1016/j.bspc.2023.104661,Stochastic weight averaging enhanced temporal convolution network for EEG-based emotion recognition,2023,Biomedical Signal Processing and Control,article,en,https://doi.org/10.1016/j.bspc.2023.104661,,,,,
1974,10.1145/2851613.2851916,A novel EEG-based emotion recognition approach for e-healthcare applications,2016,,conference-paper,en,https://doi.org/10.1145/2851613.2851916,,,,,
1975,10.14569/ijacsa.2025.0160613,Emotion Recognition Algorithm Based on Multi-Modal Physiological Signal Feature Fusion Using Artificial Intelligence and Deep Learning,2025,International Journal of Advanced Computer Science and Applications,article,en,https://doi.org/10.14569/ijacsa.2025.0160613,,,,,
1976,10.1109/icbea58866.2023.00012,The SCEEGNet: An Efficient Learning Method for Emotion Recognition Based on the Few Channels,2023,,conference-paper,en,https://doi.org/10.1109/icbea58866.2023.00012,,,,,
1977,10.3389/fncom.2021.741086,Emotion Recognition Based on Dynamic Energy Features Using a Bi-LSTM Network,2022,Frontiers in Computational Neuroscience,article,en,https://doi.org/10.3389/fncom.2021.741086,,,,,
1978,10.1109/incacct65424.2025.11011425,ER-ADENN:Design and Implementation of EEG-based Emotion Recognition using Adaptive Dropout Enabled Neural Network,2025,,conference-paper,en,https://doi.org/10.1109/incacct65424.2025.11011425,,,,,
1979,10.1109/inspect63485.2024.10896236,Inter-Subject Emotion Detection Using Empirical Mode Decomposition on EEG Data,2024,,conference-paper,en,https://doi.org/10.1109/inspect63485.2024.10896236,,,,,
1980,10.3390/s25154819,MB-MSTFNet: A Multi-Band Spatio-Temporal Attention Network for EEG Sensor-Based Emotion Recognition,2025,Sensors,article,en,https://doi.org/10.3390/s25154819,,,,,
1981,10.48550/arxiv.2501.14246,Adaptive Progressive Attention Graph Neural Network for EEG Emotion Recognition,2025,arXiv (Cornell University),preprint,en,http://arxiv.org/abs/2501.14246,,,,,
1982,10.26599/ijcs.2024.9100022,Graph Convolutional Neural Network Based Emotion Recognition with Brain Functional Connectivity Network,2024,International Journal of Crowd Science,article,en,https://doi.org/10.26599/ijcs.2024.9100022,,,,,
1983,10.1038/s41598-022-07517-5,Two-dimensional CNN-based distinction of human emotions from EEG channels selected by multi-objective evolutionary algorithm,2022,Scientific Reports,article,en,https://doi.org/10.1038/s41598-022-07517-5,,,,,
1984,10.1109/urtc51696.2020.9668902,Decoding Emotions from Brain Signals using Recurrent Neural Networks,2020,,conference-paper,en,https://doi.org/10.1109/urtc51696.2020.9668902,,,,,
1985,10.48550/arxiv.2010.14611,Hybrid Backpropagation Parallel Reservoir Networks,2020,arXiv (Cornell University),preprint,en,http://arxiv.org/abs/2010.14611,,,,,
1986,10.1109/tcss.2023.3314508,Discriminative Joint Knowledge Transfer With Online Updating Mechanism for EEG-Based Emotion Recognition,2023,IEEE Transactions on Computational Social Systems,article,en,https://doi.org/10.1109/tcss.2023.3314508,,,,,
1987,10.1007/s11042-022-13711-4,Multi-modal emotion identification fusing facial expression and EEG,2022,Multimedia Tools and Applications,article,en,https://doi.org/10.1007/s11042-022-13711-4,,,,,
1988,10.1117/12.3055746,DFrFT-ES model for emotion recognition based on fractional Fourier transform of EEG signals,2025,,conference-paper,en,https://doi.org/10.1117/12.3055746,,,,,
1989,10.1109/cspa48992.2020.9068691,An Efficient Approach to EEG-Based Emotion Recognition using LSTM Network,2020,,conference-paper,en,https://doi.org/10.1109/cspa48992.2020.9068691,,,,,
1990,10.1109/iccvw69036.2025.00011,DEAP DIVE: Dataset Investigation with Vision Transformers for EEG Evaluation,2025,,conference-paper,,https://doi.org/10.1109/iccvw69036.2025.00011,,,,,
1991,10.1145/2911996.2912050,Emotion Recognition from EEG Signals Enhanced by User's Profile,2016,,conference-paper,en,https://doi.org/10.1145/2911996.2912050,,,,,
1992,10.1109/access.2021.3051281,Multi-Domain Feature Fusion for Emotion Classification Using DEAP Dataset,2021,IEEE Access,article,en,https://doi.org/10.1109/access.2021.3051281,,,,,
1993,10.1109/icassp39728.2021.9413635,Hierarchical Attention-Based Temporal Convolutional Networks for Eeg-Based Emotion Recognition,2021,,conference-paper,en,https://doi.org/10.1109/icassp39728.2021.9413635,,,,,
1994,10.1007/978-3-319-46672-9_58,Emotion Recognition Using Multimodal Deep Learning,2016,Lecture notes in computer science,conference-paper,en,https://doi.org/10.1007/978-3-319-46672-9_58,,,,,
1995,10.1109/aidas56890.2022.9918689,Emotion recognition based on EEG directed functional connectivity using deep learning algorithm,2022,,conference-paper,en,https://doi.org/10.1109/aidas56890.2022.9918689,,,,,
1996,10.1007/s10489-022-04228-2,Bi-hemisphere asymmetric attention network: recognizing emotion from EEG signals based on the transformer,2022,Applied Intelligence,article,en,https://doi.org/10.1007/s10489-022-04228-2,,,,,
1997,10.1088/1741-2552/ad085a,Identifying sex differences in EEG-based emotion recognition using graph convolutional network with attention mechanism,2023,Journal of Neural Engineering,article,en,https://doi.org/10.1088/1741-2552/ad085a,,,,,
1998,10.3233/faia190039,Emotion Recognition by Convolutional Neural Network Based on EEG-Images Plotting Time Series Data,2019,Frontiers in artificial intelligence and applications,book-chapter,en,https://doi.org/10.3233/faia190039,,,,,
1999,10.1016/j.ifacol.2025.12.531,Robust EEG emotion recognition network combining spatial feature mapping and fuzzy labels,2025,IFAC-PapersOnLine,article,en,https://doi.org/10.1016/j.ifacol.2025.12.531,,,,,
2000,10.1007/s10586-024-04994-3,EEG-based emotion recognition model using fuzzy adjacency matrix combined with convolutional multi-head graph attention mechanism,2025,Cluster Computing,article,en,https://doi.org/10.1007/s10586-024-04994-3,,,,,
2001,10.1109/bia52594.2022.9831267,Classification of Emotional States and Familiarity based on EEG Signals,2022,,conference-paper,en,https://doi.org/10.1109/bia52594.2022.9831267,,,,,
2002,10.3390/s23125680,FCAN–XGBoost: A Novel Hybrid Model for EEG Emotion Recognition,2023,Sensors,article,en,https://doi.org/10.3390/s23125680,,,,,
2003,10.1016/j.compeleceng.2024.109178,EEG-ConvNet: Convolutional networks for EEG-based subject-dependent emotion recognition,2024,Computers & Electrical Engineering,article,en,https://doi.org/10.1016/j.compeleceng.2024.109178,,,,,
2004,10.1109/icassp49660.2025.10890374,EEG Correlation Analysis-guided Graph Local Enhanced Feature Learning For Emotion Recognition,2025,,conference-paper,en,https://doi.org/10.1109/icassp49660.2025.10890374,,,,,
2005,10.5755/j01.itc.49.3.23948,Four-Classes Human Emotion Recognition Via Entropy Characteristic and Random Forest,2020,Information Technology And Control,article,en,https://doi.org/10.5755/j01.itc.49.3.23948,,,,,
2006,10.1109/bdai66031.2025.11325278,Emotion Recognition Method Based on Multi-Round Replay of Brain Graph and Semantic Graph,2025,,conference-paper,,https://doi.org/10.1109/bdai66031.2025.11325278,,,,,
2007,10.1201/9781003400387-4,Electroencephalogram-Based Emotion Recognition Using Binary Bat Algorithm and Least Square Support Vector Machine,2024,,book-chapter,en,https://doi.org/10.1201/9781003400387-4,,,,,
2008,10.3389/fnins.2022.855421,Multi-Model Adaptation Learning With Possibilistic Clustering Assumption for EEG-Based Emotion Recognition,2022,Frontiers in Neuroscience,article,en,https://doi.org/10.3389/fnins.2022.855421,,,,,
2009,10.1016/j.neunet.2024.106643,SFT-SGAT: A semi-supervised fine-tuning self-supervised graph attention network for emotion recognition and consciousness detection,2024,Neural Networks,article,en,https://doi.org/10.1016/j.neunet.2024.106643,,,,,
2010,10.1109/taffc.2023.3319397,Unsupervised Time-Aware Sampling Network With Deep Reinforcement Learning for EEG-Based Emotion Recognition,2023,IEEE Transactions on Affective Computing,article,en,https://doi.org/10.1109/taffc.2023.3319397,,,,,
2011,10.2174/9789815124453123010012,Multimodal Fusion Framework: Emotion Recognition From Physiological Signals,2023,BENTHAM SCIENCE PUBLISHERS eBooks,book-chapter,en,https://doi.org/10.2174/9789815124453123010012,,,,,
2012,10.1109/ieeeconf65522.2025.11137096,Adaptive Graph Neural Networks with Multi-Scale Attention for EEG-Based Emotion Recognition,2025,,conference-paper,en,https://doi.org/10.1109/ieeeconf65522.2025.11137096,,,,,
2013,10.3389/fnins.2025.1512799,Emotion recognition based on multimodal physiological electrical signals,2025,Frontiers in Neuroscience,article,en,https://doi.org/10.3389/fnins.2025.1512799,,,,,
2014,10.1016/j.bspc.2024.106953,MSS-JDA: Multi-Source Self-Selected Joint Domain Adaptation method based on cross-subject EEG emotion recognition,2024,Biomedical Signal Processing and Control,article,en,https://doi.org/10.1016/j.bspc.2024.106953,,,,,
2015,10.1016/j.dsp.2025.105679,EEG-based multimodal emotion recognition framework with supervised contrastive learning and spatial–temporal convolutional attention network,2025,Digital Signal Processing,article,en,https://doi.org/10.1016/j.dsp.2025.105679,,,,,
2016,10.1007/s10489-023-04971-0,Self-supervised group meiosis contrastive learning for EEG-based emotion recognition,2023,Applied Intelligence,article,en,https://doi.org/10.1007/s10489-023-04971-0,,,,,
2017,10.1016/j.bspc.2025.109068,From local to global: A hierarchical spatial-frequency Bi-patch Mamba network for EEG-based emotion recognition,2025,Biomedical Signal Processing and Control,article,en,https://doi.org/10.1016/j.bspc.2025.109068,,,,,
2018,10.1016/j.asoc.2024.111338,EEG-based emotion recognition using MobileNet Recurrent Neural Network with time-frequency features,2024,Applied Soft Computing,article,en,https://doi.org/10.1016/j.asoc.2024.111338,,,,,
2019,10.1016/j.knosys.2020.106243,EEG-based emotion recognition using an end-to-end regional-asymmetric convolutional neural network,2020,Knowledge-Based Systems,article,en,https://doi.org/10.1016/j.knosys.2020.106243,,,,,
2020,10.1109/icjece.2020.3024876,Critical Analysis of Cross-Validation Methods and Their Impact on Neural Networks Performance Inflation in Electroencephalography Analysis,2021,Canadian Journal of Electrical and Computer Engineering,article,en,https://doi.org/10.1109/icjece.2020.3024876,,,,,
2021,10.24963/ijcai.2018/216,A Novel Neural Network Model based on Cerebral Hemispheric Asymmetry for EEG Emotion Recognition,2018,,conference-paper,en,https://doi.org/10.24963/ijcai.2018/216,,,,,
2022,,Multiscale Fractal Analysis of Stimulated EEG Signals with Application to Emotion Classification.,2020,arXiv (Cornell University),preprint,en,https://arxiv.org/pdf/2010.16310,,,,,
2023,10.1109/tiptekno.2018.8596936,Emotional State Sensing by Using Hybrid Multivariate Empirical Mode Decomposition and Synchrosqueezing Transform,2018,,conference-paper,en,https://doi.org/10.1109/tiptekno.2018.8596936,,,,,
2024,10.1609/aaai.v31i2.19105,Using Deep and Convolutional Neural Networks for Accurate Emotion Classification on DEAP Data,2017,Proceedings of the AAAI Conference on Artificial Intelligence,conference-paper,en,https://doi.org/10.1609/aaai.v31i2.19105,,,,,
2025,10.1109/bibm66473.2025.11356242,PR-DA: Prototype Regularization Domain Adaptation for Cross-Subject EEG-Based Emotion Recognition,2025,,conference-paper,,https://doi.org/10.1109/bibm66473.2025.11356242,,,,,
2026,10.1109/smartworld-uic-atc-scalcom-digitaltwin-pricomp-metaverse56740.2022.00084,An Efficient Spatial-Temporal Representation Method for EEG Emotion Recognition,2022,,conference-paper,en,https://doi.org/10.1109/smartworld-uic-atc-scalcom-digitaltwin-pricomp-metaverse56740.2022.00084,,,,,
2027,10.1007/978-981-96-9805-9_30,TS-Net: An Emotion Recognition Network Based on Temporal-Spatial Features of EEG Signals,2025,Lecture notes in computer science,conference-paper,en,https://doi.org/10.1007/978-981-96-9805-9_30,,,,,
2028,10.2139/ssrn.4142410,STS-Transformer: A Spatiotemporal Symmetrical Transformer Structure for EEG Emotion Recognition,2022,SSRN Electronic Journal,preprint,en,https://doi.org/10.2139/ssrn.4142410,,,,,
2029,10.1109/jsen.2023.3265688,Emotion Recognition via Multiscale Feature Fusion Network and Attention Mechanism,2023,IEEE Sensors Journal,article,en,https://doi.org/10.1109/jsen.2023.3265688,,,,,
2030,10.48550/arxiv.2308.00246,EEG-based Cognitive Load Classification using Feature Masked Autoencoding and Emotion Transfer Learning,2023,arXiv (Cornell University),preprint,en,http://arxiv.org/abs/2308.00246,,,,,
2031,10.1109/taffc.2025.3565570,AM-ConvBLS: Adaptive Manifold Convolutional Broad Learning System for Cross-Session and Cross-Subject Emotion Recognition,2025,IEEE Transactions on Affective Computing,article,en,https://doi.org/10.1109/taffc.2025.3565570,,,,,
2032,10.1016/j.bspc.2025.108767,CBAM-LSTM-attention enabled human emotion recognition using EEG signals,2025,Biomedical Signal Processing and Control,article,en,https://doi.org/10.1016/j.bspc.2025.108767,,,,,
2033,10.1109/cei66465.2025.11398666,EEG Emotion Recognition Based on Gated Recurrent Unit and Adaptive Loss Regulation Mechanism,2025,,conference-paper,,https://doi.org/10.1109/cei66465.2025.11398666,,,,,
2034,10.48550/arxiv.2001.00191,Ensemble emotion recognizing with multiple modal physiological signals,2020,arXiv (Cornell University),preprint,en,http://arxiv.org/abs/2001.00191,,,,,
2035,10.1109/jbhi.2023.3307606,DAST: A Domain-Adaptive Learning Combining Spatio-Temporal Dynamic Attention for Electroencephalography Emotion Recognition,2023,IEEE Journal of Biomedical and Health Informatics,article,en,https://doi.org/10.1109/jbhi.2023.3307606,,,,,
2036,10.1007/978-981-19-8222-4_7,Emotion Recognition from EEG Using All-Convolution Residual Neural Network,2022,Communications in computer and information science,conference-paper,en,https://doi.org/10.1007/978-981-19-8222-4_7,,,,,
2037,10.1109/ibcast59916.2023.10712834,Cracking the Emotional Code: Identifying Emotions Through Electroencephalograms,2023,,conference-paper,en,https://doi.org/10.1109/ibcast59916.2023.10712834,,,,,
2038,10.48550/arxiv.2307.05375,Emotion Analysis on EEG Signal Using Machine Learning and Neural Network,2023,arXiv (Cornell University),preprint,en,http://arxiv.org/abs/2307.05375,,,,,
2039,10.3390/brainsci10110781,Lightweight Building of an Electroencephalogram-Based Emotion Detection System,2020,Brain Sciences,article,en,https://doi.org/10.3390/brainsci10110781,,,,,
2040,10.1007/s11571-025-10379-y,EEG emotion recognition across subjects based on deep feature aggregation and multi-source domain adaptation,2025,Cognitive Neurodynamics,article,en,https://doi.org/10.1007/s11571-025-10379-y,,,,,
2041,,Inferring Document Readability by Integrating Eye Movement Features,2015,,article,en,,,,,,
2042,10.3389/fncom.2025.1589247,CNN-BiLSTM and DC-IGN fusion model and piecewise exponential attenuation optimization: an innovative approach to improve EEG emotion recognition performance,2025,Frontiers in Computational Neuroscience,article,en,https://doi.org/10.3389/fncom.2025.1589247,,,,,
2043,10.1109/iccmc53470.2022.9754091,Human Emotion Classification using KNN Classifier and Recurrent Neural Networks with Seed Dataset,2022,2022 6th International Conference on Computing Methodologies and Communication (ICCMC),conference-paper,en,https://doi.org/10.1109/iccmc53470.2022.9754091,,,,,
2044,10.1016/j.bspc.2023.105487,A spatiotemporal symmetrical transformer structure for EEG emotion recognition,2023,Biomedical Signal Processing and Control,article,en,https://doi.org/10.1016/j.bspc.2023.105487,,,,,
2045,10.3233/jifs-232465,SGCRNN: A ChebNet-GRU fusion model for eeg emotion recognition,2023,Journal of Intelligent & Fuzzy Systems,article,en,https://repository.essex.ac.uk/37643/1/SGCRNN%20Model%20for%20EEG%20Emotion%20Recognition%20-%20v2.2.pdf,,,,,
2046,10.1016/j.neucom.2024.128624,A parallel neural networks for emotion recognition based on EEG signals,2024,Neurocomputing,article,en,https://doi.org/10.1016/j.neucom.2024.128624,,,,,
2047,10.62051/ijcsit.v7n2.02,Application of Time Series Model LT-MAE in EEG Emotion Recognition,2025,International Journal of Computer Science and Information Technology,article,,https://doi.org/10.62051/ijcsit.v7n2.02,,,,,
2048,10.2478/jsiot-2022-0003,Enhanced Bird Swarm Algorithm with Deep Learning based Electroencephalography Signal Analysis for Emotion Recognition,2022,Journal of Smart Internet of Things,article,en,https://doi.org/10.2478/jsiot-2022-0003,,,,,
2049,10.1109/jsen.2024.3440340,CFBC: A Network for EEG Emotion Recognition by Selecting the Information of Crucial Frequency Bands,2024,IEEE Sensors Journal,article,en,https://doi.org/10.1109/jsen.2024.3440340,,,,,
2050,10.1016/j.eswa.2025.128183,A novel biologically plausible spiking convolutional capsule network with optimized batch normalization for EEG-based emotion recognition,2025,Expert Systems with Applications,article,en,https://doi.org/10.1016/j.eswa.2025.128183,,,,,
2051,10.1038/s41598-021-86345-5,Emotion detection using electroencephalography signals and a zero-time windowing-based epoch estimation and relevant electrode identification,2021,Scientific Reports,article,en,https://doi.org/10.1038/s41598-021-86345-5,,,,,
2052,10.1101/2021.07.23.453533,Decoding the Neural Signatures of Valence and Arousal From Portable EEG Headset,2021,bioRxiv (Cold Spring Harbor Laboratory),preprint,en,https://doi.org/10.1101/2021.07.23.453533,,,,,
2053,10.1109/ic3it66137.2025.11341346,Hybrid CNN-LSTM Model for EEG-Based Emotion Recognition: A Comparative Analysis Using DEAP and SEED Datasets,2025,,conference-paper,,https://doi.org/10.1109/ic3it66137.2025.11341346,,,,,
2054,10.1109/ner.2019.8716943,Classification of Five Emotions from EEG and Eye Movement Signals: Discrimination Ability and Stability over Time,2019,,conference-paper,en,https://doi.org/10.1109/ner.2019.8716943,,,,,
2055,10.1109/bibm52615.2021.9669544,Emotion Recognition from Multi-channel EEG Data through A Dual-pipeline Graph Attention Network,2021,2021 IEEE International Conference on Bioinformatics and Biomedicine (BIBM),conference-paper,en,https://research.aalto.fi/en/publications/43ade514-4886-4da1-a1c8-91e0a00c8c3a,,,,,
2056,10.12677/csa.2025.158194,Multimodal Emotion Recognition Based on Multi-Scale Structures and Channel Attention Mechanism,2025,Computer Science and Application,article,en,https://doi.org/10.12677/csa.2025.158194,,,,,
2057,10.1016/j.neunet.2025.107614,SASD-MCL: Semi-supervised alignment self-distillation with mixed contrastive learning for cross-subject EEG emotion recognition,2025,Neural Networks,article,en,https://doi.org/10.1016/j.neunet.2025.107614,,,,,
2058,10.1109/ihmsc.2017.201,A MEMD Method of Human Emotion Recognition Based on Valence-Arousal Model,2017,,conference-paper,en,https://doi.org/10.1109/ihmsc.2017.201,,,,,
2059,10.4018/ijsi.333161,Evaluating an Elevated Signal-to-Noise Ratio in EEG Emotion Recognition,2023,International Journal of Software Innovation,article,en,https://doi.org/10.4018/ijsi.333161,,,,,
2060,10.1016/j.jksuci.2020.10.007,IDEA: Intellect database for emotion analysis using EEG signal,2020,Journal of King Saud University - Computer and Information Sciences,article,en,https://doi.org/10.1016/j.jksuci.2020.10.007,,,,,
2061,10.2139/ssrn.4941722,Electroencephalogram Emotion Recognition and Analysis Based on Feature Fusion And Stable Learning,2024,SSRN Electronic Journal,preprint,en,http://dx.doi.org/10.2139/ssrn.4941722,,,,,
2062,10.1007/s00530-021-00782-w,AI inspired EEG-based spatial feature selection method using multivariate empirical mode decomposition for emotion classification,2021,Multimedia Systems,article,en,https://doi.org/10.1007/s00530-021-00782-w,,,,,
2063,10.1007/s00521-023-09086-8,A deep perceptual framework for affective video tagging through multiband EEG signals modeling,2023,Neural Computing and Applications,article,en,https://doi.org/10.1007/s00521-023-09086-8,,,,,
2064,10.5281/zenodo.1044193,Brain Journal - Classification Of Human Emotion From Deap Eeg Signal Using Hybrid Improved Neural Networks With Cuckoo Search,2015,Zenodo (CERN European Organization for Nuclear Research),article,en,https://zenodo.org/record/1044193,,,,,
2065,10.1109/access.2025.3572583,Emotion Recognition Through Advanced Signal Fusion and Kolmogorov-Arnold Networks,2025,IEEE Access,article,en,https://doi.org/10.1109/access.2025.3572583,,,,,
2066,10.1177/20552076251393279,An innovative brain-inspired neuronal competition model for electroencephalography emotion recognition,2025,Digital Health,article,en,https://doi.org/10.1177/20552076251393279,,,,,
2067,10.1037/pne0000294,Emotional stress classification using spiking neural networks.,2022,Psychology & Neuroscience,article,en,https://doi.org/10.1037/pne0000294,,,,,
2068,10.1145/3665689.3665749,A study of emotion recognition methods incorporating functional brain network features and self-attention mechanisms,2024,,conference-paper,en,https://doi.org/10.1145/3665689.3665749,,,,,
2069,10.1088/1741-2552/add466,Commonality and individuality based graph learning network for EEG emotion recognition,2025,Journal of Neural Engineering,article,en,https://doi.org/10.1088/1741-2552/add466,,,,,
2070,10.1109/access.2024.3384303,Developing an EEG-Based Emotion Recognition Using Ensemble Deep Learning Methods and Fusion of Brain Effective Connectivity Maps,2024,IEEE Access,article,en,https://doi.org/10.1109/access.2024.3384303,,,,,
2071,10.1016/j.bspc.2025.108865,Adaptive Threshold Local-Global learning for semi-supervised EEG-based emotion recognition,2025,Biomedical Signal Processing and Control,article,en,https://doi.org/10.1016/j.bspc.2025.108865,,,,,
2072,10.1109/icce-asia57006.2022.9954857,EEG-based Emotion Recognition Using Spectral Graph Convolutional Neural Network based on Partial Directed Coherence,2022,2022 IEEE International Conference on Consumer Electronics-Asia (ICCE-Asia),conference-paper,en,https://doi.org/10.1109/icce-asia57006.2022.9954857,,,,,
2073,10.1109/taffc.2021.3114123,AT2GRU: A Human Emotion Recognition Model With Mitigated Device Heterogeneity,2021,IEEE Transactions on Affective Computing,article,en,https://doi.org/10.1109/taffc.2021.3114123,,,,,
2074,10.1016/j.jksuci.2019.11.003,Subject independent emotion recognition from EEG using VMD and deep learning,2019,Journal of King Saud University - Computer and Information Sciences,article,en,https://doi.org/10.1016/j.jksuci.2019.11.003,,,,,
2075,10.3390/info15060301,An Efficient EEG Signal Analysis for Emotion Recognition Using FPGA,2024,Information,article,en,https://doi.org/10.3390/info15060301,,,,,
2076,10.1109/taffc.2022.3145623,EEG-Based Emotion Recognition With Emotion Localization via Hierarchical Self-Attention,2022,IEEE Transactions on Affective Computing,article,en,https://doi.org/10.1109/taffc.2022.3145623,,,,,
2077,10.2139/ssrn.5660220,Bayesian Optimisation-based Fusion CNN-LSTM Approach for Emotion Classification in Cross-Subject,2025,SSRN Electronic Journal,preprint,,https://doi.org/10.2139/ssrn.5660220,,,,,
2078,10.1201/9781003486930-26,Exploration of Impactful Brain Region and EEG Bands for Affective Computing**,2024,,book-chapter,en,https://doi.org/10.1201/9781003486930-26,,,,,
2079,10.1109/access.2023.3344476,A Graph Neural Network for EEG-Based Emotion Recognition With Contrastive Learning and Generative Adversarial Neural Network Data Augmentation,2023,IEEE Access,article,en,https://doi.org/10.1109/access.2023.3344476,,,,,
2080,10.1016/j.neucom.2021.08.018,ScalingNet: Extracting features from raw EEG data for emotion recognition,2021,Neurocomputing,article,en,https://doi.org/10.1016/j.neucom.2021.08.018,,,,,
2081,10.3389/fnbot.2020.617531,Multi-Feature Input Deep Forest for EEG-Based Emotion Recognition,2021,Frontiers in Neurorobotics,article,en,https://doi.org/10.3389/fnbot.2020.617531,,,,,
2082,10.1109/ccdc65474.2025.11091184,Multi-Scale Tempore-Spatial Convolutional Network for EEG Emotion Recognition,2025,,conference-paper,en,https://doi.org/10.1109/ccdc65474.2025.11091184,,,,,
2083,10.1038/s41598-025-88248-1,Multi-branch convolutional neural network with cross-attention mechanism for emotion recognition,2025,Scientific Reports,article,en,https://doi.org/10.1038/s41598-025-88248-1,,,,,
2084,10.48550/arxiv.2406.14014,Feature Fusion Based on Mutual-Cross-Attention Mechanism for EEG Emotion Recognition,2024,arXiv (Cornell University),preprint,en,http://arxiv.org/abs/2406.14014,,,,,
2085,10.1007/s12559-019-09699-z,A Novel Approach for EEG Electrode Selection in Automated Emotion Recognition Based on Lagged Poincare’s Indices and sLORETA,2019,Cognitive Computation,article,en,https://doi.org/10.1007/s12559-019-09699-z,,,,,
2086,10.1145/3388142.3388167,A Comparative Study of Subject-Dependent and Subject-Independent Strategies for EEG-Based Emotion Recognition using LSTM Network,2020,,conference-paper,en,https://doi.org/10.1145/3388142.3388167,,,,,
2087,10.1016/j.neucom.2025.132368,FDDGNet: An information bottleneck-inspired feature disentanglement network for cross-subject EEG-based emotion recognition,2025,Neurocomputing,article,en,https://doi.org/10.1016/j.neucom.2025.132368,,,,,
2088,10.1007/s11280-012-0181-5,Ontology-based context modeling for emotion recognition in an intelligent web,2012,World Wide Web,article,en,http://ir.lzu.edu.cn/handle/262010/116237,,,,,
2089,10.1016/j.jneumeth.2024.110276,Cross-subject emotion recognition in brain-computer interface based on frequency band attention graph convolutional adversarial neural networks,2024,Journal of Neuroscience Methods,article,en,https://doi.org/10.1016/j.jneumeth.2024.110276,,,,,
2090,10.1109/isdcs58735.2023.10153567,EMOTION RECOGNITION FROM EEG SIGNALS BASED ON OPTIMIZATION OF MUTUAL INFORMATION,2023,,conference-paper,en,https://doi.org/10.1109/isdcs58735.2023.10153567,,,,,
2091,10.1007/s00500-023-08224-7,RETRACTED ARTICLE: Human emotion recognition based on brain signal analysis using fuzzy neural network,2023,Soft Computing,article,en,https://doi.org/10.1007/s00500-023-08224-7,,,,,
2092,10.1007/978-3-031-15743-1_43,Systematic Literature Review for Emotion Recognition from EEG Signals,2022,Communications in computer and information science,conference-paper,en,https://doi.org/10.1007/978-3-031-15743-1_43,,,,,
2093,10.1080/00207454.2021.1941947,Fused CNN-LSTM deep learning emotion recognition model using electroencephalography signals,2021,International Journal of Neuroscience,article,en,https://doi.org/10.1080/00207454.2021.1941947,,,,,
2094,10.1109/bibm58861.2023.10385363,MT-LGSGCN: EEG-Based Emotion Recognition Using Multi-scale Temporal and Local-Global Spatial Graph Convolution Network,2023,,conference-paper,en,https://doi.org/10.1109/bibm58861.2023.10385363,,,,,
2095,10.1007/978-981-16-0171-2_7,Subject Noncontingent EEG-Based Emotion Detection Using Deep Learning Algorithm,2021,Advances in intelligent systems and computing,book-chapter,en,https://doi.org/10.1007/978-981-16-0171-2_7,,,,,
2096,10.1109/amathe65477.2025.11081279,Emotion Recognition Using Few-Shot Learning with Embedding Space and Prototype-Based EEG Analysis,2025,,conference-paper,en,https://doi.org/10.1109/amathe65477.2025.11081279,,,,,
2097,10.1109/iwaiip58158.2023.10462897,Investigating the Effect of EEG Channel Location on Emotion Classification using EEG Signal,2023,,conference-paper,en,https://doi.org/10.1109/iwaiip58158.2023.10462897,,,,,
2098,10.46916/22052025-4-978-5-00215-791-4,KAN AND MLP BASED HYBRID NEURAL NETWORK ARCHITECTURES FOR EMOTION RECOGNITION FROM EEG SIGNALS,2025,ICSP «NEW SCIENCE» eBooks,book-chapter,en,https://doi.org/10.46916/22052025-4-978-5-00215-791-4,,,,,
2099,10.3390/s22186813,Accelerating 3D Convolutional Neural Network with Channel Bottleneck Module for EEG-Based Emotion Recognition,2022,Sensors,article,en,https://doi.org/10.3390/s22186813,,,,,
2100,10.1088/1742-6596/2576/1/012001,Subject Dependent and Subject Independent Analysis for Emotion Recognition Using Electroencephalogram (EEG) Signal,2023,Journal of Physics Conference Series,conference-paper,en,https://doi.org/10.1088/1742-6596/2576/1/012001,,,,,
2101,10.1109/icmla.2016.0188,Robust Modeling of Continuous 4-D Affective Space from EEG Recording,2016,,conference-paper,en,https://doi.org/10.1109/icmla.2016.0188,,,,,
2102,10.1109/dmiaf.2016.7574921,EEG-based affect states classification using Deep Belief Networks,2016,,conference-paper,en,https://doi.org/10.1109/dmiaf.2016.7574921,,,,,
2103,10.3389/fnhum.2022.936393,A Spherical Phase Space Partitioning Based Symbolic Time Series Analysis (SPSP—STSA) for Emotion Recognition Using EEG Signals,2022,Frontiers in Human Neuroscience,article,en,https://doi.org/10.3389/fnhum.2022.936393,,,,,
2104,10.3233/shti220632,Classification of Emotional States Using EEG Signals and Wavelet Packet Transform Features,2022,Studies in health technology and informatics,book-chapter,en,https://doi.org/10.3233/shti220632,,,,,
2105,10.1016/j.bspc.2022.103877,Emotion recognition using heterogeneous convolutional neural networks combined with multimodal factorized bilinear pooling,2022,Biomedical Signal Processing and Control,article,en,https://doi.org/10.1016/j.bspc.2022.103877,,,,,
2106,10.1007/978-981-96-2373-0_29,A Domain-Adapted Brain-Computer Interface for Implicit Emotion Tagging of Multimedia Content,2025,Communications in computer and information science,conference-paper,en,https://doi.org/10.1007/978-981-96-2373-0_29,,,,,
2107,10.1109/icaace65325.2025.11019162,GLWGAN: Dual-Discriminator GAN for EEG Emotion Recognition Using Spatiotemporal Patterns,2025,,conference-paper,en,https://doi.org/10.1109/icaace65325.2025.11019162,,,,,
2108,10.3389/fnbot.2017.00019,Cross-Subject EEG Feature Selection for Emotion Recognition Using Transfer Recursive Feature Elimination,2017,Frontiers in Neurorobotics,article,en,https://doi.org/10.3389/fnbot.2017.00019,,,,,
2109,10.1016/j.array.2025.100561,DAFNet: A dual-path attention fusion network for EEG emotion recognition via CNN and graph-based global modeling,2025,Array,article,en,https://doi.org/10.1016/j.array.2025.100561,,,,,
2110,10.1109/jsen.2023.3304891,EVNCERS: An Integrated Eigenvector Centrality-Variational Nonlinear Chirp Mode Decomposition-Based EEG Rhythm Separation for Automatic Emotion Recognition,2023,IEEE Sensors Journal,article,en,https://doi.org/10.1109/jsen.2023.3304891,,,,,
2111,10.1007/s42979-025-03998-z,Hybrid DCGAN-CNN Architecture for EEG Based Emotion Recognition in 3D Valence-Arousal-Dominance Space,2025,SN Computer Science,article,en,https://doi.org/10.1007/s42979-025-03998-z,,,,,
2112,10.1109/taffc.2022.3170428,GMSS: Graph-Based Multi-Task Self-Supervised Learning for EEG Emotion Recognition,2022,IEEE Transactions on Affective Computing,article,en,https://doi.org/10.1109/taffc.2022.3170428,,,,,
2113,10.3389/fnins.2022.878146,Electroencephalograph-Based Emotion Recognition Using Brain Connectivity Feature and Domain Adaptive Residual Convolution Model,2022,Frontiers in Neuroscience,article,en,https://doi.org/10.3389/fnins.2022.878146,,,,,
2114,10.1007/978-981-96-2882-7_3,EEG-Based Emotion Recognition Using Similarity Measures of Brain Rhythm Entropy Matrix,2025,Lecture notes in computer science,conference-paper,en,https://doi.org/10.1007/978-981-96-2882-7_3,,,,,
2115,10.1109/icftic59930.2023.10455873,Research on Emotion Recognition Based on Parameter Transfer and Res2Net,2023,,conference-paper,en,https://doi.org/10.1109/icftic59930.2023.10455873,,,,,
2116,10.1155/2022/4024852,An Empirical Analysis of the Role of Piano Performance in Alleviating Psychological Trauma in People with Psychological Isolation Disorder,2022,Occupational Therapy International,article,en,https://doi.org/10.1155/2022/4024852,,,,,
2117,10.1016/j.measurement.2022.111724,Deep feature pyramid network for EEG emotion recognition,2022,Measurement,article,en,https://doi.org/10.1016/j.measurement.2022.111724,,,,,
2118,10.1007/978-3-319-70772-3_8,EEG-Based Emotion Recognition via Fast and Robust Feature Smoothing,2017,Lecture notes in computer science,conference-paper,en,https://doi.org/10.1007/978-3-319-70772-3_8,,,,,
2119,10.3389/fnhum.2023.1280241,Hybrid transfer learning strategy for cross-subject EEG emotion recognition,2023,Frontiers in Human Neuroscience,article,en,https://doi.org/10.3389/fnhum.2023.1280241,,,,,
2120,10.3390/electronics14244833,Coarse-to-Fine Open-Set Semantic Adaptation for EEG Emotion Recognition in 6G-Oriented Semantic Communication Systems,2025,Electronics,article,en,https://doi.org/10.3390/electronics14244833,,,,,
2121,10.1007/978-981-97-0855-0_46,CLA-Net: A Deep Spatio-Temporal Attention Network Based on ConvLSTM for EEG Emotion Recognition,2024,Lecture notes in electrical engineering,conference-paper,en,https://doi.org/10.1007/978-981-97-0855-0_46,,,,,
2122,10.1007/978-981-99-1645-0_27,A Bi-hemisphere Capsule Network Model for Cross-Subject EEG Emotion Recognition,2023,Communications in computer and information science,conference-paper,en,https://doi.org/10.1007/978-981-99-1645-0_27,,,,,
2123,10.61797/ijbic.v2i2.243,Emotion Recognition from Electroencephalogram Signals based on Deep Neural Networks,2023,International Journal of Bioinformatics and Intelligent Computing,article,en,http://dx.doi.org/10.61797/ijbic.v2i2.243,,,,,
2124,10.1109/dasa63652.2024.10836549,Enhancing Emotion Recognition Performance Using EEG Signals with Deep Learning Algorithms and Hyperparameter Optimization,2024,,conference-paper,en,https://doi.org/10.1109/dasa63652.2024.10836549,,,,,
2125,10.1109/spac.2017.8304360,A novel convolutional neural networks for emotion recognition based on EEG signal,2017,"2017 International Conference on Security, Pattern Analysis, and Cybernetics (SPAC)",conference-paper,en,https://doi.org/10.1109/spac.2017.8304360,,,,,
2126,10.1109/spac.2017.8304359,A symbolic representation approach of EEG signals for emotion recognition,2017,"2017 International Conference on Security, Pattern Analysis, and Cybernetics (SPAC)",conference-paper,en,https://doi.org/10.1109/spac.2017.8304359,,,,,
2127,10.22214/ijraset.2019.11128,Human Emotion Recognition using Brainwave Patterns,2019,International Journal for Research in Applied Science and Engineering Technology,article,en,https://doi.org/10.22214/ijraset.2019.11128,,,,,
2128,10.1016/j.bspc.2024.106912,FMLAN: A novel framework for cross-subject and cross-session EEG emotion recognition,2024,Biomedical Signal Processing and Control,article,en,https://doi.org/10.1016/j.bspc.2024.106912,,,,,
2129,10.3390/s20236719,Interpretable Cross-Subject EEG-Based Emotion Recognition Using Channel-Wise Features,2020,Sensors,article,en,https://doi.org/10.3390/s20236719,,,,,
2130,10.1007/s40998-024-00710-4,Enhancing Emotion Detection with Non-invasive Multi-Channel EEG and Hybrid Deep Learning Architecture,2024,Iranian Journal of Science and Technology Transactions of Electrical Engineering,article,en,https://doi.org/10.1007/s40998-024-00710-4,,,,,
2131,10.1109/bibm.2015.7359713,Feature-level fusion of multimodal physiological signals for emotion recognition,2015,,conference-paper,en,https://doi.org/10.1109/bibm.2015.7359713,,,,,
2132,10.1109/iceem66692.2025.11225237,Optimizing Hybrid Classification Using 1D-CNN and LSTM for EEG-Based Emotion Recognition,2025,,conference-paper,,https://doi.org/10.1109/iceem66692.2025.11225237,,,,,
2133,10.1109/bibm.2017.8217786,Emotion classification using deep neural networks and emotional patches,2017,,conference-paper,en,https://doi.org/10.1109/bibm.2017.8217786,,,,,
2134,10.1016/j.jii.2025.100789,Fuzzy ensemble-based federated learning for EEG-based emotion recognition in Internet of Medical Things,2025,Journal of Industrial Information Integration,article,en,https://doi.org/10.1016/j.jii.2025.100789,,,,,
2135,10.1016/j.neucom.2025.130102,FCAnet: A novel feature fusion approach to EEG emotion recognition based on cross-attention networks,2025,Neurocomputing,article,en,https://doi.org/10.1016/j.neucom.2025.130102,,,,,
2136,10.22214/ijraset.2025.73700,Decoding Emotions from EEG Responses Elicited by Videos using Machine Learning Techniques,2025,International Journal for Research in Applied Science and Engineering Technology,article,en,https://doi.org/10.22214/ijraset.2025.73700,,,,,
2137,10.1109/tim.2025.3533618,Contrastive Learning of EEG Representation of Brain Area for Emotion Recognition,2025,IEEE Transactions on Instrumentation and Measurement,article,en,https://doi.org/10.1109/tim.2025.3533618,,,,,
2138,10.1007/s11760-024-03524-3,Emotion recognition based on 3D matrices and two-way densely connected network,2024,Signal Image and Video Processing,article,en,https://doi.org/10.1007/s11760-024-03524-3,,,,,
2139,10.1109/icarm62033.2024.10715753,LCNN: A Lightweight Convolutional Neural Network with Improved Activation Function for EEG-based Emotion Recognition*,2024,,conference-paper,en,https://doi.org/10.1109/icarm62033.2024.10715753,,,,,
2140,10.1109/jbhi.2023.3242090,A Domain Generative Graph Network for EEG-Based Emotion Recognition,2023,IEEE Journal of Biomedical and Health Informatics,article,en,https://doi.org/10.1109/jbhi.2023.3242090,,,,,
2141,10.5120/ijca2019919352,EEG based Emotion Recognition using SVM and LibSVM,2019,International Journal of Computer Applications,article,en,https://doi.org/10.5120/ijca2019919352,,,,,
2142,10.1007/978-3-031-12700-7_36,Enhancing EEG-Based Emotion Recognition Using MultiDomain Features and Genetic Algorithm Based Feature Selection,2024,Lecture notes in computer science,conference-paper,en,https://doi.org/10.1007/978-3-031-12700-7_36,,,,,
2143,10.1109/tcss.2022.3153660,Multi-Source Domain Transfer Discriminative Dictionary Learning Modeling for Electroencephalogram-Based Emotion Recognition,2022,IEEE Transactions on Computational Social Systems,article,en,https://doi.org/10.1109/tcss.2022.3153660,,,,,
2144,10.1109/icbase63199.2024.10762345,Research on EEG Emotion Recognition Based on Multi-scale Residual Convolutional Neural Network,2024,,conference-paper,en,https://doi.org/10.1109/icbase63199.2024.10762345,,,,,
2145,10.1007/978-981-97-8499-8_28,Coarse-to-Fine Domain Adaptation for Cross-Subject EEG Emotion Recognition with Contrastive Learning,2024,Lecture notes in computer science,conference-paper,en,https://doi.org/10.1007/978-981-97-8499-8_28,,,,,
2146,10.1145/3733774.3735333,KAN-GCNN: EEG-Based Emotion Recognition with a Kolmogorov-Arnold Network-Enhanced Graph Convolutional Neural Network,2025,,conference-paper,en,https://doi.org/10.1145/3733774.3735333,,,,,
2147,10.1007/s42452-025-07084-0,Optimized deep learning models for stress-based stroke prediction from EEG signals,2025,Discover Applied Sciences,article,en,https://doi.org/10.1007/s42452-025-07084-0,,,,,
2148,10.1109/icbsii51839.2021.9445146,Multimodal Emotion Recognition Using Different Fusion Techniques,2021,,conference-paper,en,https://doi.org/10.1109/icbsii51839.2021.9445146,,,,,
2149,10.48550/arxiv.2308.11635,Semi-Supervised Dual-Stream Self-Attentive Adversarial Graph Contrastive Learning for Cross-Subject EEG-based Emotion Recognition,2023,arXiv (Cornell University),preprint,en,http://arxiv.org/abs/2308.11635,,,,,
2150,10.1109/tcss.2025.3567298,HSA-Former: Hierarchical Spatial Aggregation Transformer for EEG-Based Emotion Recognition,2025,IEEE Transactions on Computational Social Systems,article,en,https://doi.org/10.1109/tcss.2025.3567298,,,,,
2151,10.1007/978-3-032-06713-5_4,Modeling Human Emotions via Interpretable EEG-Based Spatio-Temporal Attention Network,2025,,book-chapter,en,https://doi.org/10.1007/978-3-032-06713-5_4,,,,,
2152,10.3389/fncom.2019.00080,Optimization of Real-Time EEG Artifact Removal and Emotion Estimation for Human-Robot Interaction Applications,2019,Frontiers in Computational Neuroscience,article,en,https://doi.org/10.3389/fncom.2019.00080,,,,,
2153,,Improved EEG Classification by factoring in sensor topography.,2019,arXiv (Cornell University),preprint,en,https://arxiv.org/pdf/1905.09472.pdf,,,,,
2154,10.1038/s41598-023-40786-2,Improved EEG-based emotion recognition through information enhancement in connectivity feature map,2023,Scientific Reports,article,en,https://doi.org/10.1038/s41598-023-40786-2,,,,,
2155,10.1007/s10586-023-04133-4,Federated learning inspired privacy sensitive emotion recognition based on multi-modal physiological sensors,2023,Cluster Computing,article,en,https://doi.org/10.1007/s10586-023-04133-4,,,,,
2156,10.1007/978-3-030-91415-8_39,EEG-Based Emotion Recognition Fusing Spacial-Frequency Domain Features and Data-Driven Spectrogram-Like Features,2021,Lecture notes in computer science,conference-paper,en,https://doi.org/10.1007/978-3-030-91415-8_39,,,,,
2157,10.1109/nnice61279.2024.10499167,Minimal Electrode EEG for BCI Emotion Detection,2024,,conference-paper,en,https://doi.org/10.1109/nnice61279.2024.10499167,,,,,
2158,10.1109/icbip66535.2025.11284374,LGL-MSNet: A Local-Guided Global Learning Multi Stream Method for EEG Emotion Recognition,2025,,conference-paper,,https://doi.org/10.1109/icbip66535.2025.11284374,,,,,
2159,10.3390/app14020726,EEG Emotion Classification Based on Graph Convolutional Network,2024,Applied Sciences,article,en,https://doi.org/10.3390/app14020726,,,,,
2160,10.3390/brainsci13050759,Emotion Recognition Using a Novel Granger Causality Quantifier and Combined Electrodes of EEG,2023,Brain Sciences,article,en,https://doi.org/10.3390/brainsci13050759,,,,,
2161,10.18280/ts.400619,Leveraging Tripartite Tier Convolutional Neural Network for Human Emotion Recognition: A Multimodal Data Approach,2023,Traitement du signal,article,en,http://dx.doi.org/10.18280/ts.400619,,,,,
2162,10.1016/j.jneumeth.2024.110223,RETRACTED: Lightweight attention mechanisms for EEG emotion recognition for brain computer interface,2024,Journal of Neuroscience Methods,article,en,https://doi.org/10.1016/j.jneumeth.2024.110223,,,,,
2163,10.1109/ijcnn.2018.8489715,EmotioNet: A 3-D Convolutional Neural Network for EEG-based Emotion Recognition,2018,,conference-paper,en,https://doi.org/10.1109/ijcnn.2018.8489715,,,,,
2164,10.1016/j.neunet.2025.107127,A Fine-grained Hemispheric Asymmetry Network for accurate and interpretable EEG-based emotion classification,2025,Neural Networks,article,en,https://doi.org/10.1016/j.neunet.2025.107127,,,,,
2165,10.3389/fpsyg.2025.1575174,Dream content influences daily spirituality,2025,Frontiers in Psychology,article,en,https://doi.org/10.3389/fpsyg.2025.1575174,,,,,
2166,10.48550/arxiv.2408.09186,EEG-SCMM: Soft Contrastive Masked Modeling for Cross-Corpus EEG-Based Emotion Recognition,2024,arXiv (Cornell University),preprint,en,http://arxiv.org/abs/2408.09186,,,,,
2167,10.1201/9781003176121-20,EEG-based Deep Emotional Diagnosis: A Comparative Study,2022,,book-chapter,en,https://doi.org/10.1201/9781003176121-20,,,,,
2168,10.1007/978-981-16-3690-5_34,EEG Based Emotion Investigation from Various Brain Region Using Deep Learning Algorithm,2021,Lecture notes in electrical engineering,book-chapter,en,https://doi.org/10.1007/978-981-16-3690-5_34,,,,,
2169,10.23919/chicc.2018.8483496,Electroencephalogram Emotion Recognition Based on A Stacking Classification Model,2018,,conference-paper,en,https://doi.org/10.23919/chicc.2018.8483496,,,,,
2170,,Combination of sLORETA and Nonlinear Coupling for Emotional EEG Source Localization.,2016,PubMed,article,en,,,,,,
2171,10.1016/j.eswa.2024.125089,A radial basis deformable residual convolutional neural model embedded with local multi-modal feature knowledge and its application in cross-subject classification,2024,Expert Systems with Applications,article,en,https://doi.org/10.1016/j.eswa.2024.125089,,,,,
2172,10.23919/chicc.2017.8029114,Subject-generic EEG feature selection for emotion classification via transfer recursive feature elimination,2017,,conference-paper,en,https://doi.org/10.23919/chicc.2017.8029114,,,,,
2173,10.1007/978-3-319-70093-9_86,Multimodal Emotion Recognition Using Deep Neural Networks,2017,Lecture notes in computer science,conference-paper,en,https://doi.org/10.1007/978-3-319-70093-9_86,,,,,
2174,10.48550/arxiv.2504.17163,PhysioSync: Temporal and Cross-Modal Contrastive Learning Inspired by Physiological Synchronization for EEG-Based Emotion Recognition,2025,arXiv (Cornell University),preprint,en,http://arxiv.org/abs/2504.17163,,,,,
2175,10.1007/978-3-031-23529-0_4,Modal Analysis of Brain Wave Dynamics,2023,Synthesis lectures on biomedical engineering,book-chapter,en,https://doi.org/10.1007/978-3-031-23529-0_4,,,,,
2176,10.17485/ijst/2015/v8i28/70797,Classification of Human Emotions using Multiwavelet Transform based Features and Random Forest Technique,2015,Indian Journal of Science and Technology,article,en,https://doi.org/10.17485/ijst/2015/v8i28/70797,,,,,
2177,10.1007/s12652-020-02338-8,Subject independent emotion recognition system for people with facial deformity: an EEG based approach,2020,Journal of Ambient Intelligence and Humanized Computing,article,en,https://doi.org/10.1007/s12652-020-02338-8,,,,,
2178,10.48550/arxiv.2208.08161,KAM -- a Kernel Attention Module for Emotion Classification with EEG Data,2022,arXiv (Cornell University),preprint,en,http://arxiv.org/abs/2208.08161,,,,,
2179,10.1007/978-981-99-6544-1_34,FTL-Emo: Federated Transfer Learning for Privacy Preserved Biomarker-Based Automatic Emotion Recognition,2024,Lecture notes in networks and systems,conference-paper,en,https://doi.org/10.1007/978-981-99-6544-1_34,,,,,
2180,10.1109/tcds.2023.3270170,EEG-Based Emotion Recognition Using Trainable Adjacency Relation Driven Graph Convolutional Network,2023,IEEE Transactions on Cognitive and Developmental Systems,article,en,https://doi.org/10.1109/tcds.2023.3270170,,,,,
2181,10.1109/cvidl65390.2025.11085857,EEG-Based Identification Using Conformer Networks,2025,,conference-paper,en,https://doi.org/10.1109/cvidl65390.2025.11085857,,,,,
2182,10.21203/rs.3.rs-3739841/v1,Integrated Modeling for In-Depth EEG Based Emotional State Analysis via Convolutional-Transformer Fusion,2023,Research Square,preprint,en,https://doi.org/10.21203/rs.3.rs-3739841/v1,,,,,
2183,10.1155/2023/3608115,Semisupervised Deep Features of Time‐Frequency Maps for Multimodal Emotion Recognition,2023,International Journal of Intelligent Systems,article,en,https://doi.org/10.1155/2023/3608115,,,,,
2184,10.1109/access.2020.3025370,A Multiplex Connectivity Map of Valence-Arousal Emotional Model,2020,IEEE Access,article,en,https://doi.org/10.1109/access.2020.3025370,,,,,
2185,10.1007/s12193-016-0222-y,SVM-based feature selection methods for emotion recognition from multimodal data,2016,Journal on Multimodal User Interfaces,article,en,https://doi.org/10.1007/s12193-016-0222-y,,,,,
2186,10.3390/diagnostics13050977,A Bimodal Emotion Recognition Approach through the Fusion of Electroencephalography and Facial Sequences,2023,Diagnostics,article,en,https://doi.org/10.3390/diagnostics13050977,,,,,
2187,10.1007/s12559-022-10053-z,An Approach to Emotion Recognition Using Brain Rhythm Sequencing and Asymmetric Features,2022,Cognitive Computation,article,en,https://doi.org/10.1007/s12559-022-10053-z,,,,,
2188,10.32604/csse.2023.032480,Human Stress Recognition by Correlating Vision and EEG Data,2022,Computer Systems Science and Engineering,article,en,https://doi.org/10.32604/csse.2023.032480,,,,,
2189,10.1142/s0129065725500418,Interactive EEG Emotion Recognition with Incremental Gaussian Processes,2025,International Journal of Neural Systems,article,en,https://doi.org/10.1142/s0129065725500418,,,,,
2190,10.1109/taffc.2024.3514635,Enhancing EEG-Based Cross-Subject Emotion Recognition via Adaptive Source Joint Domain Adaptation,2024,IEEE Transactions on Affective Computing,article,en,https://doi.org/10.1109/taffc.2024.3514635,,,,,
2191,10.3390/brainsci14121211,Emotion Classification from Electroencephalographic Signals Using Machine Learning,2024,Brain Sciences,article,en,https://doi.org/10.3390/brainsci14121211,,,,,
2192,10.1080/10255842.2024.2369257,An improved empirical mode decomposition method with ensemble classifiers for analysis of multichannel EEG in BCI emotion recognition,2024,Computer Methods in Biomechanics & Biomedical Engineering,article,en,https://doi.org/10.1080/10255842.2024.2369257,,,,,
2193,10.48550/arxiv.2212.07088,Unsupervised Time-Aware Sampling Network with Deep Reinforcement Learning for EEG-Based Emotion Recognition,2022,arXiv (Cornell University),preprint,en,http://arxiv.org/abs/2212.07088,,,,,
2194,10.1016/j.asej.2025.103264,An enhanced deep learning model based on smoothed pseudo Wigner-Ville distribution technique for emotion recognition with channel selection,2025,Ain Shams Engineering Journal,article,en,https://doi.org/10.1016/j.asej.2025.103264,,,,,
2195,10.3390/s23020915,Comprehensive Analysis of Feature Extraction Methods for Emotion Recognition from Multichannel EEG Recordings,2023,Sensors,article,en,https://doi.org/10.3390/s23020915,,,,,
2196,10.1101/2020.09.18.304501,Cross-Subject EEG-Based Emotion Recognition through Neural Networks with Stratified Normalization,2020,bioRxiv (Cold Spring Harbor Laboratory),preprint,en,https://doi.org/10.1101/2020.09.18.304501,,,,,
2197,10.1109/tce.2025.3615845,Explainable Contrastive Learning Framework for EEG-Based Affective Computing in Privacy-Preserving Consumer Devices,2025,IEEE Transactions on Consumer Electronics,article,en,https://doi.org/10.1109/tce.2025.3615845,,,,,
2198,10.1007/s00521-023-09344-9,Attention with kernels for EEG-based emotion classification,2023,Neural Computing and Applications,article,en,https://doi.org/10.1007/s00521-023-09344-9,,,,,
2199,10.1109/embc53108.2024.10781573,EEG Emotion Recognition Supervised by Temporal Features of Video Stimuli,2024,,conference-paper,en,https://doi.org/10.1109/embc53108.2024.10781573,,,,,
